id,recipeName,calories,protein,carbs,fat,fiber,sodium,cholesterol,protein_ratio,carb_ratio,fat_ratio,preparationTime,meal_type_breakfast,meal_type_lunch,meal_type_dinner,meal_type_snack,diet_desi,diet_non_vegetarian,diet_keto,diet_vegetarian,diet_mediterranean,diet_vegan,diet_high_protein,diet_balanced,diet_low_carb,diet_pescatarian,goal_weight_loss,goal_weight_gain,goal_maintenance,restr_gluten_free,restr_nut_free,restr_egg_free,restr_lactose_free,restr_dairy_free,restr_low_carb,restr_low_sugar,restr_low_sodium,restr_low_cholesterol,restr_low_fat
68395ebfa1f9120d4641a453,Avocado & Shrimp Salad,0.2593375328017271,0.9619036804618709,-0.8267740796955709,0.9367485471512479,0.2831310425613589,-0.10946085615936871,2.0062119699688363,0.8679184126801761,-1.1458879348034667,1.1071747460185126,-0.6611843654605104,0.0,1.0,0.0,0.0,0.0,0.0,1.0,0.0,0.0,0.0,0.0,0.0,0.0,0.0,1.0,0.0,0.0,1.0,1.0,1.0,1.0,1.0,1.0,1.0,0.0,0.0,0.0
68395ebfa1f9120d4641a454,Garlic Butter Steak Bites,1.7926316386345895,2.699398704876146,-1.0386030685726388,2.771135601101301,-1.3016877743627855,0.026106507431535916,1.5756518952749459,0.9100936136165678,-1.4252850650569204,1.2826541013249844,-0.24283707765390372,0.0,1.0,0.0,0.0,0.0,0.0,1.0,0.0,0.0,0.0,0.0,0.0,0.0,0.0,0.0,1.0,0.0,1.0,1.0,1.0,0.0,0.0,1.0,1.0,0.0,0.0,0.0
68395ebfa1f9120d4641a455,Spinach & Feta Omelette,0.48649221514733637,0.6597306327376492,-0.9115056752463981,1.5204171552262646,-0.9847240109779566,0.2972412346133452,3.9129780150417792,0.31081343286923174,-1.2606631945578985,1.5323100924586794,-0.6611843654605104,1.0,0.0,0.0,0.0,0.0,0.0,1.0,0.0,0.0,0.0,0.0,0.0,0.0,0.0,1.0,0.0,0.0,1.0,1.0,0.0,0.0,0.0,1.0,1.0,0.0,0.0,0.0
68395ebfa1f9120d4641a456,Creamy Chicken Alfredo,1.3951109445297734,2.170595871358758,-0.9115056752463981,2.1040857633012817,-1.3016877743627855,0.4328085982042498,1.4526347310766914,0.8450437274265397,-1.326875609430101,1.0802317542765416,-0.033663433750600415,0.0,1.0,0.0,0.0,0.0,0.0,1.0,0.0,0.0,0.0,0.0,0.0,0.0,0.0,0.0,1.0,0.0,1.0,1.0,1.0,0.0,0.0,1.0,1.0,0.0,0.0,0.0
68395ebfa1f9120d4641a457,Tuna Stuffed Avocados,-0.08139449071668677,0.43310084694448286,-0.7844082819201574,0.6032236282512383,0.9170585693310167,-0.24502821975027334,-0.26960556769887034,0.6608765171742522,-1.0276030183458003,1.1484640060906235,-0.8703580093638137,0.0,1.0,0.0,0.0,0.0,0.0,1.0,0.0,0.0,0.0,0.0,0.0,0.0,0.0,1.0,0.0,0.0,1.0,1.0,0.0,0.0,0.0,1.0,1.0,0.0,0.0,0.0
68395ebfa1f9120d4641a458,Greek Yogurt & Nuts,-0.308549173062296,-0.09570198657290525,-0.8267740796955709,0.4364611688012335,-0.6677602475931277,-1.1668862921684249,-0.5156398960953792,0.21056700498192973,-1.0221177487359916,1.2872813459882386,-1.079531653267117,0.0,0.0,0.0,1.0,0.0,0.0,1.0,0.0,0.0,0.0,0.0,0.0,0.0,0.0,1.0,0.0,0.0,1.0,0.0,1.0,0.0,0.0,1.0,1.0,0.0,0.0,0.0
68395ebfa1f9120d4641a459,Butter Chicken Curry,1.5654769562889803,2.321682395220869,-0.8691398774709845,2.604373141651296,-0.9847240109779566,0.16167387102244055,2.0677205520679633,0.8216617406854236,-1.3072632963555557,1.3562422180664084,0.38468385405600625,0.0,1.0,0.0,0.0,0.0,0.0,1.0,0.0,0.0,0.0,0.0,0.0,0.0,0.0,0.0,1.0,0.0,1.0,1.0,1.0,0.0,0.0,1.0,1.0,0.0,0.0,0.0
68395ebfa1f9120d4641a45a,Hard-Boiled Eggs & Mayo,0.08897152104252017,0.05538453728920563,-1.0809688663480523,1.1035110066012528,-1.3016877743627855,-0.380595583341178,3.9129780150417792,-0.003702406671923485,-1.4076103074253152,1.6181293394108873,-0.6611843654605104,0.0,1.0,0.0,0.0,0.0,0.0,1.0,0.0,0.0,0.0,0.0,0.0,0.0,0.0,1.0,0.0,0.0,1.0,1.0,0.0,0.0,0.0,1.0,1.0,0.0,0.0,0.0
68395ebfa1f9120d4641a45b,Salmon with Hollandaise,1.679054297461785,1.9439660855655918,-1.0386030685726388,2.9378980605513054,-1.3016877743627855,-0.10946085615936871,2.9288407014557443,0.4817517291063377,-1.422799552264976,1.525873648937264,-0.24283707765390372,0.0,1.0,0.0,0.0,0.0,0.0,1.0,0.0,0.0,0.0,0.0,0.0,0.0,0.0,0.0,1.0,0.0,1.0,1.0,0.0,0.0,0.0,1.0,1.0,0.0,0.0,0.0
68395ebfa1f9120d4641a45c,Creamy Coffee Power Bites,-0.7060698671671122,-1.379937439400848,-1.0809688663480523,0.6032236282512383,-1.3016877743627855,-1.112659346732063,-0.39262273189712477,-1.6817641893835167,-1.3457486557146963,2.758745148902957,-1.079531653267117,0.0,0.0,0.0,1.0,0.0,0.0,1.0,0.0,0.0,0.0,0.0,0.0,0.0,0.0,1.0,0.0,0.0,1.0,1.0,0.0,0.0,0.0,1.0,1.0,0.0,0.0,0.0
68395ebfa1f9120d4641a45d,Lamb Chops with Herb Butter,1.9062089798073942,2.170595871358758,-1.0809688663480523,3.43818543890132,-1.3016877743627855,0.026106507431535916,1.4526347310766914,0.4908224984253778,-1.4533567389424111,1.704958224562533,-0.033663433750600415,0.0,1.0,0.0,0.0,0.0,0.0,1.0,0.0,0.0,0.0,0.0,0.0,0.0,0.0,0.0,1.0,0.0,1.0,1.0,1.0,0.0,0.0,1.0,1.0,0.0,0.0,0.0
68395ebfa1f9120d4641a45e,Egg & Avocado Bowl,0.2025488622153248,0.20647106115131653,-0.7844082819201574,1.2702734660512576,0.2831310425613589,-0.5161629469320826,2.6828063730592353,0.0732488371418443,-1.0903949204580823,1.6569738406629393,-0.6611843654605104,0.0,1.0,0.0,0.0,0.0,0.0,1.0,0.0,0.0,0.0,0.0,0.0,0.0,0.0,1.0,0.0,0.0,1.0,1.0,0.0,0.0,0.0,1.0,1.0,0.0,0.0,0.0
68395ebfa1f9120d4641a45f,Keto Cheesy Cauliflower Bake,1.3951109445297734,0.6597306327376492,-0.6573108885939167,2.9378980605513054,-0.03383272082346995,0.7039433253860591,1.0835832384819282,-0.2700971786882293,-1.1489297444610571,1.830786524231443,0.5938574979593095,0.0,1.0,0.0,0.0,0.0,0.0,1.0,0.0,0.0,0.0,0.0,0.0,0.0,0.0,0.0,1.0,0.0,1.0,1.0,0.0,0.0,0.0,1.0,1.0,0.0,0.0,0.0
68395ebfa1f9120d4641a460,Beef & Blue Cheese Stuffed Burgers,2.076574991566601,2.699398704876146,-1.0386030685726388,3.43818543890132,-0.9847240109779566,0.4328085982042498,1.6986690594732001,0.7170381163725204,-1.430886220644401,1.5453642877697198,0.1755102101527029,0.0,1.0,0.0,0.0,0.0,0.0,1.0,0.0,0.0,0.0,0.0,0.0,0.0,0.0,0.0,1.0,0.0,1.0,0.0,0.0,0.0,0.0,1.0,1.0,0.0,0.0,0.0
68395ebfa1f9120d4641a461,Smoked Salmon & Cream Cheese,-0.2517605024758937,0.20647106115131653,-1.0386030685726388,0.4364611688012335,-1.3016877743627855,1.1106454161587729,-0.023571239302361536,0.5811270463127112,-1.3298413738462516,1.175302025137496,-1.079531653267117,1.0,0.0,0.0,0.0,0.0,0.0,1.0,0.0,0.0,0.0,0.0,0.0,0.0,0.0,1.0,0.0,0.0,1.0,1.0,1.0,0.0,0.0,1.0,1.0,0.0,0.0,0.0
68395ebfa1f9120d4641a462,Creamy Garlic Shrimp,-0.13818316130308908,0.3575575850134274,-1.0386030685726388,0.6866048579762407,-1.3016877743627855,-0.10946085615936871,1.6986690594732001,0.6359548075300205,-1.3407776301308074,1.3874901132268291,-0.24283707765390372,1.0,0.0,0.0,0.0,0.0,0.0,1.0,0.0,0.0,0.0,0.0,0.0,0.0,0.0,0.0,1.0,0.0,1.0,1.0,1.0,0.0,0.0,1.0,1.0,0.0,0.0,0.0
68395ebfa1f9120d4641a463,Keto Green Smoothie,-0.13818316130308908,-0.8511346058834597,-0.7420424841447438,1.1035110066012528,0.6000948059461878,-0.9228650377047964,-0.6386570602936336,-1.0088780289892638,-0.958008660171354,2.0794077917790035,-0.8703580093638137,0.0,0.0,0.0,1.0,0.0,0.0,1.0,0.0,0.0,0.0,0.0,0.0,0.0,0.0,1.0,0.0,0.0,1.0,1.0,1.0,0.0,1.0,1.0,1.0,0.0,0.0,0.0
68395ebfa1f9120d4641a464,Keto Fathead Pizza,1.338322273943371,-0.020158724641849812,-0.9962372707972252,0.6032236282512383,-0.6677602475931277,0.2972412346133452,-0.023571239302361536,-0.7536453474604093,-1.3841455429833562,-0.2397093928855257,0.38468385405600625,0.0,0.0,1.0,0.0,0.0,0.0,1.0,0.0,0.0,0.0,0.0,0.0,0.0,0.0,0.0,1.0,0.0,1.0,0.0,0.0,0.0,0.0,1.0,1.0,0.0,0.0,0.0
68395ebfa1f9120d4641a465,Butter-Infused Coffee,-0.6492811965807099,-1.4554807013319033,-1.123334664123466,0.7699860877012431,-1.3016877743627855,-1.112659346732063,-0.39262273189712477,-1.831294447248906,-1.42874316981093,2.8482052123925308,-1.079531653267117,1.0,0.0,0.0,0.0,0.0,0.0,1.0,0.0,0.0,0.0,0.0,0.0,0.0,0.0,1.0,0.0,0.0,1.0,1.0,1.0,0.0,0.0,1.0,1.0,0.0,0.0,0.0
68395ebfa1f9120d4641a466,Butter Ribeye,0.14576019162892248,0.8108171565997601,-1.123334664123466,1.0201297768762503,-1.3016877743627855,-0.5161629469320826,0.4684974174906561,0.8360020444039877,-1.457529555330795,1.3987103999060537,-0.033663433750600415,0.0,0.0,1.0,0.0,0.0,0.0,1.0,0.0,0.0,0.0,0.0,0.0,0.0,0.0,0.0,1.0,0.0,1.0,1.0,1.0,0.0,0.0,1.0,1.0,0.0,0.0,0.0
68395ebfa1f9120d4641a467,Egg Salad Lettuce Wraps,-0.19497183188949138,0.20647106115131653,-1.0386030685726388,0.6866048579762407,-0.9847240109779566,-0.24502821975027334,3.9129780150417792,0.5033069981333042,-1.3354858932189255,1.4990897387997606,-0.6611843654605104,1.0,0.0,0.0,0.0,0.0,0.0,1.0,0.0,0.0,0.0,0.0,0.0,0.0,0.0,1.0,0.0,0.0,1.0,1.0,0.0,0.0,0.0,1.0,1.0,0.0,0.0,0.0
68395ebfa1f9120d4641a468,Keto Avocado Pudding,-0.3653378436486983,-1.077764391676626,-0.8267740796955709,0.7699860877012431,0.9170585693310167,-1.2753401830411486,-0.7616742244918879,-1.243854148492019,-1.0048783299623076,2.0398696387188795,-0.8703580093638137,1.0,0.0,0.0,0.0,0.0,0.0,1.0,0.0,0.0,0.0,0.0,0.0,0.0,0.0,1.0,0.0,0.0,1.0,1.0,1.0,0.0,1.0,1.0,1.0,0.0,0.0,0.0
68395ebfa1f9120d4641a469,Creamy Garlic Chicken,1.508688285702578,0.5086441088755383,-1.0386030685726388,0.5198423985262359,-1.3016877743627855,-0.380595583341178,0.9605660742836738,-0.42914186529804077,-1.418765687241984,-0.40242152079830396,0.1755102101527029,1.0,0.0,0.0,0.0,0.0,0.0,1.0,0.0,0.0,0.0,0.0,0.0,0.0,0.0,0.0,1.0,0.0,1.0,1.0,1.0,0.0,0.0,1.0,1.0,0.0,0.0,0.0
68395ebfa1f9120d4641a46a,Lamb Kofta Kebabs,-0.024605820130284454,0.3575575850134274,-1.0809688663480523,0.9367485471512479,-0.9847240109779566,-0.5161629469320826,0.3454802532924017,0.4908224984253778,-1.401892003485678,1.5747148968350648,-0.033663433750600415,0.0,0.0,1.0,0.0,0.0,0.0,1.0,0.0,0.0,0.0,0.0,0.0,0.0,0.0,0.0,1.0,0.0,1.0,1.0,1.0,0.0,1.0,1.0,1.0,0.0,0.0,0.0
68395ebfa1f9120d4641a46b,Keto Chia Pudding,-0.5924925259943076,-0.8511346058834597,-0.8691398774709845,0.2696987093512287,0.6000948059461878,-1.2482267103229676,-0.7616742244918879,-0.7347392229027165,-0.99446284778654,1.6181293394108873,-1.079531653267117,1.0,0.0,0.0,0.0,0.0,0.0,1.0,0.0,0.0,0.0,0.0,0.0,0.0,0.0,1.0,0.0,0.0,1.0,1.0,1.0,0.0,1.0,1.0,1.0,0.0,0.0,0.0
68395ebfa1f9120d4641a46c,Salmon and Veggies,-0.13818316130308908,0.20647106115131653,-0.8267740796955709,0.6866048579762407,0.2831310425613589,-0.380595583341178,-0.023571239302361536,0.4303507029651102,-1.0673712230169121,1.3874901132268291,-0.45201072155720706,1.0,0.0,0.0,0.0,0.0,0.0,1.0,0.0,0.0,0.0,0.0,0.0,0.0,0.0,1.0,0.0,0.0,1.0,1.0,1.0,0.0,1.0,1.0,1.0,0.0,0.0,0.0
68395ebfa1f9120d4641a46d,Keto Almond Pancakes,0.2025488622153248,-0.09570198657290525,-0.9115056752463981,1.5204171552262646,-0.35079648420829884,-0.5161629469320826,2.436772044662727,-0.27303176002011026,-1.2285371051051028,2.0065743519314063,-0.45201072155720706,1.0,0.0,0.0,0.0,0.0,0.0,1.0,0.0,0.0,0.0,0.0,0.0,0.0,0.0,1.0,0.0,0.0,1.0,0.0,0.0,0.0,0.0,1.0,1.0,0.0,0.0,0.0
68395ebfa1f9120d4641a46e,Cheeseburger Casserole,2.076574991566601,0.8108171565997601,-1.0386030685726388,0.9367485471512479,-1.3016877743627855,0.4328085982042498,0.5915145816889105,-0.44129486709176435,-1.430886220644401,-0.32573704014601945,0.5938574979593095,0.0,0.0,1.0,0.0,0.0,0.0,1.0,0.0,0.0,0.0,0.0,0.0,0.0,0.0,0.0,1.0,0.0,1.0,1.0,1.0,0.0,0.0,1.0,1.0,0.0,0.0,0.0
68395ebfa1f9120d4641a46f,Butter Lobster,0.3161262033881294,1.0374469423929265,-1.0809688663480523,1.1035110066012528,-1.3016877743627855,0.2972412346133452,1.6986690594732001,0.8826797330079134,-1.417331424122698,1.2491065775163945,-0.033663433750600415,1.0,0.0,0.0,0.0,0.0,0.0,1.0,0.0,0.0,0.0,0.0,0.0,0.0,0.0,0.0,1.0,0.0,1.0,1.0,1.0,0.0,0.0,1.0,1.0,0.0,0.0,0.0
68395ebfa1f9120d4641a470,Keto Chia Breakfast,-0.5357038554079052,-0.7000480820213488,-0.8267740796955709,0.2696987093512287,0.9170585693310167,-1.112659346732063,-0.7616742244918879,-0.5154281780334785,-0.944885152629887,1.4705202346530901,-1.079531653267117,1.0,0.0,0.0,0.0,0.0,0.0,1.0,0.0,0.0,0.0,0.0,0.0,0.0,0.0,1.0,0.0,0.0,1.0,0.0,1.0,0.0,1.0,1.0,1.0,0.0,0.0,0.0
68395ebfa1f9120d4641a471,Beef & Mushroom Skillet,1.9062089798073942,0.7352738946687046,-1.0386030685726388,0.7699860877012431,-0.9847240109779566,-0.380595583341178,0.714531745887165,-0.42834879257069286,-1.4276243712140446,-0.37893501907695726,0.38468385405600625,0.0,0.0,1.0,0.0,0.0,0.0,1.0,0.0,0.0,0.0,0.0,0.0,0.0,0.0,0.0,1.0,0.0,1.0,1.0,1.0,0.0,0.0,1.0,1.0,0.0,0.0,0.0
68395ebfa1f9120d4641a472,Creamy Garlic Scallops,1.679054297461785,0.3575575850134274,-1.0386030685726388,0.7699860877012431,-1.3016877743627855,0.026106507431535916,0.5915145816889105,-0.5976698198594428,-1.422799552264976,-0.2731123152983895,-0.24283707765390372,0.0,0.0,1.0,0.0,0.0,0.0,1.0,0.0,0.0,0.0,0.0,0.0,0.0,0.0,0.0,1.0,0.0,1.0,1.0,1.0,0.0,0.0,1.0,1.0,0.0,0.0,0.0
68395ebfa1f9120d4641a473,Duck Confit with Greens,2.076574991566601,0.7352738946687046,-1.0386030685726388,1.0201297768762503,-0.6677602475931277,-0.24502821975027334,0.714531745887165,-0.4876281864303357,-1.430886220644401,-0.26336699588216156,6.241545883348499,0.0,0.0,1.0,0.0,0.0,0.0,1.0,0.0,0.0,0.0,0.0,0.0,0.0,0.0,0.0,1.0,0.0,1.0,1.0,1.0,0.0,1.0,1.0,1.0,0.0,0.0,0.0
68395ebfa1f9120d4641a474,Chocolate Keto Bites,-0.7628585377535145,-1.3043941774697922,-1.0386030685726388,0.4364611688012335,-0.6677602475931277,-1.3160103921184199,-0.7616742244918879,-1.5179929545785662,-1.254849902180726,2.5670450128538693,-0.8703580093638137,0.0,0.0,0.0,1.0,0.0,0.0,1.0,0.0,0.0,0.0,0.0,0.0,0.0,0.0,1.0,0.0,0.0,1.0,1.0,1.0,0.0,1.0,1.0,1.0,0.0,0.0,0.0
68395ebfa1f9120d4641a475,Zucchini Noodles with Pesto,-0.13818316130308908,-1.0022211297455705,-0.9962372707972252,-0.14720743927378335,-0.6677602475931277,-0.9228650377047964,-0.7616742244918879,-1.2144821335541747,-1.2860963487080284,0.0036547561224803773,-0.24283707765390372,0.0,0.0,1.0,0.0,0.0,0.0,1.0,0.0,0.0,0.0,0.0,0.0,0.0,0.0,1.0,0.0,0.0,1.0,0.0,1.0,0.0,0.0,1.0,1.0,0.0,0.0,0.0
68395ebfa1f9120d4641a476,Tender Beef Rib Cuts,2.30372967391221,0.8863604185308155,-1.0386030685726388,1.0201297768762503,-1.3016877743627855,0.2972412346133452,0.8375489100854194,-0.471565969059631,-1.4348294341779873,-0.3598326643435954,8.75162961018814,0.0,0.0,1.0,0.0,0.0,0.0,1.0,0.0,0.0,0.0,0.0,0.0,0.0,0.0,0.0,1.0,0.0,1.0,1.0,1.0,0.0,1.0,1.0,1.0,0.0,0.0,0.0
68395ebfa1f9120d4641a477,Keto Matcha Latte,-0.9332245495127215,-1.3043941774697922,-1.0386030685726388,0.2696987093512287,-0.9847240109779566,-1.261783446682058,-0.7616742244918879,-1.4657760391335095,-1.2131879734776563,2.8482052123925308,-1.079531653267117,0.0,0.0,1.0,0.0,0.0,0.0,1.0,0.0,0.0,0.0,0.0,0.0,0.0,0.0,1.0,0.0,0.0,1.0,1.0,1.0,0.0,1.0,1.0,1.0,0.0,0.0,0.0
68395ebfa1f9120d4641a478,Cheese-Stuffed Meatballs,1.9062089798073942,0.6597306327376492,-1.0809688663480523,0.9367485471512479,-0.9847240109779566,-0.10946085615936871,0.5915145816889105,-0.4767262289389072,-1.4533567389424111,-0.24869169134948904,0.38468385405600625,0.0,0.0,1.0,0.0,0.0,0.0,1.0,0.0,0.0,0.0,0.0,0.0,0.0,0.0,0.0,1.0,0.0,1.0,0.0,0.0,0.0,0.0,1.0,1.0,0.0,0.0,0.0
68395ebfa1f9120d4641a479,Smoked Salmon Roll-Ups,-0.308549173062296,0.20647106115131653,-1.0386030685726388,0.4364611688012335,-1.3016877743627855,0.9750780525678683,-0.023571239302361536,0.6643139943665599,-1.323807577275462,1.2872813459882386,-0.8703580093638137,0.0,0.0,1.0,0.0,0.0,0.0,1.0,0.0,0.0,0.0,0.0,0.0,0.0,0.0,1.0,0.0,0.0,1.0,1.0,1.0,0.0,0.0,1.0,1.0,0.0,0.0,0.0
68395ebfa1f9120d4641a47a,Lamb Shank with Garlic Butter,1.1679562621841642,1.0374469423929265,-1.0809688663480523,0.9367485471512479,-1.3016877743627855,-0.380595583341178,0.9605660742836738,0.14250495657423518,-1.4411923469253654,0.18229532040322363,6.241545883348499,0.0,0.0,1.0,0.0,0.0,0.0,1.0,0.0,0.0,0.0,0.0,0.0,0.0,0.0,0.0,1.0,0.0,1.0,1.0,1.0,0.0,0.0,1.0,1.0,0.0,0.0,0.0
68395ebfa1f9120d4641a47b,Keto Cauliflower Biryani,0.9975902504249572,0.13092779922026107,-0.9115056752463981,0.18631747962622627,-0.6677602475931277,-0.24502821975027334,0.3454802532924017,-0.502775617752561,-1.3029213583765757,-0.4540754004581889,0.38468385405600625,0.0,0.0,1.0,0.0,0.0,0.0,1.0,0.0,0.0,0.0,0.0,0.0,0.0,0.0,0.0,1.0,0.0,1.0,1.0,1.0,0.0,0.0,1.0,0.0,0.0,0.0,0.0
68395ebfa1f9120d4641a47c,Velvet Hot Chocolate,-0.8764358789263191,-1.2288509155387368,-0.9962372707972252,0.2696987093512287,-0.6677602475931277,-1.261783446682058,-0.7616742244918879,-1.3118735515059743,-1.1364423153404226,2.5892418707121845,-1.079531653267117,0.0,0.0,0.0,1.0,0.0,0.0,1.0,0.0,0.0,0.0,0.0,0.0,0.0,0.0,1.0,0.0,0.0,1.0,1.0,1.0,0.0,1.0,1.0,1.0,0.0,0.0,0.0
68395ebfa1f9120d4641a47d,Stuffed Chicken Supreme,1.9062089798073942,1.0374469423929265,-1.0386030685726388,0.6032236282512383,-1.3016877743627855,0.5683759617951544,0.9605660742836738,-0.23483904709783587,-1.4276243712140446,-0.5091783468044254,0.8030311418626128,0.0,0.0,1.0,0.0,0.0,0.0,1.0,0.0,0.0,0.0,0.0,0.0,0.0,0.0,0.0,1.0,0.0,1.0,1.0,1.0,0.0,0.0,1.0,1.0,0.0,0.0,0.0
68395ebfa1f9120d4641a47e,Keto Taco Salad,0.42970354456093407,-0.020158724641849812,-0.9538714730218117,-0.14720743927378335,-0.35079648420829884,-0.380595583341178,0.09944592489589286,-0.34311235706479165,-1.2965118308837957,-0.49057215712907265,-0.24283707765390372,0.0,0.0,0.0,1.0,0.0,0.0,1.0,0.0,0.0,0.0,0.0,0.0,0.0,0.0,1.0,0.0,0.0,1.0,1.0,1.0,0.0,0.0,1.0,0.0,0.0,0.0,0.0
68395ebfa1f9120d4641a47f,Butter-Poached Salmon,0.8840129092521526,0.28201432308237195,-1.123334664123466,0.9367485471512479,-1.3016877743627855,-0.5161629469320826,0.4684974174906561,-0.31804823765116447,-1.4698254542885658,0.40773468039695027,-0.033663433750600415,0.0,0.0,0.0,1.0,0.0,0.0,1.0,0.0,0.0,0.0,0.0,0.0,0.0,0.0,0.0,1.0,0.0,1.0,1.0,1.0,0.0,0.0,1.0,1.0,0.0,0.0,0.0
68395ebfa1f9120d4641a480,Keto Avocado Smoothie,-0.19497183188949138,-0.09570198657290525,-0.8267740796955709,0.6866048579762407,0.2831310425613589,-1.0584324012957012,-0.7616742244918879,0.07883400806381141,-1.0532599245852272,1.4990897387997606,-0.8703580093638137,0.0,0.0,0.0,1.0,0.0,0.0,1.0,0.0,0.0,0.0,0.0,0.0,0.0,0.0,1.0,0.0,0.0,1.0,1.0,1.0,0.0,1.0,1.0,1.0,0.0,0.0,0.0
68395ebfa1f9120d4641a481,Keto Beef Feast,2.0197863209801987,0.8863604185308155,-0.9962372707972252,1.3536546957762599,-0.6677602475931277,0.2972412346133452,0.9605660742836738,-0.3744425063318257,-1.4048328455117771,0.015516202040517556,1.8488993613791294,0.0,0.0,1.0,0.0,0.0,0.0,1.0,0.0,0.0,0.0,0.0,0.0,0.0,0.0,0.0,1.0,0.0,1.0,0.0,0.0,0.0,0.0,1.0,1.0,0.0,0.0,0.0
68395ebfa1f9120d4641a482,Cucumber & Cream Cheese Bites,-0.5924925259943076,-0.3223317723660716,-0.9538714730218117,0.2696987093512287,-0.9847240109779566,0.2972412346133452,-0.14658840350061594,0.22474659840019948,-1.1402795982472842,1.6181293394108873,-0.6611843654605104,0.0,0.0,0.0,1.0,0.0,0.0,1.0,0.0,0.0,0.0,0.0,0.0,0.0,0.0,1.0,0.0,0.0,1.0,1.0,1.0,0.0,0.0,1.0,1.0,0.0,0.0,0.0
68395ebfa1f9120d4641a483,Lamb Kebabs with Tzatziki,1.111167591597762,0.7352738946687046,-1.0386030685726388,0.9367485471512479,-0.9847240109779566,-0.24502821975027334,0.5915145816889105,-0.06462214135782277,-1.4076103074253152,0.2240433500316915,0.38468385405600625,0.0,0.0,1.0,0.0,0.0,0.0,1.0,0.0,0.0,0.0,0.0,0.0,0.0,0.0,0.0,1.0,0.0,1.0,1.0,1.0,0.0,0.0,1.0,0.0,0.0,0.0,0.0
68395ebfa1f9120d4641a484,Keto Chocolate Mousse,-0.3653378436486983,-1.077764391676626,-0.9538714730218117,0.9367485471512479,-0.6677602475931277,-1.1939997648866056,0.22246308909414728,-1.243854148492019,-1.1923570091261213,2.3561748631998736,-0.6611843654605104,0.0,0.0,0.0,1.0,0.0,0.0,1.0,0.0,0.0,0.0,0.0,0.0,0.0,0.0,1.0,0.0,0.0,1.0,1.0,1.0,0.0,0.0,1.0,1.0,0.0,0.0,0.0
68395ebfa1f9120d4641a485,Keto Sushi Bowl,0.2025488622153248,0.6597306327376492,-0.7420424841447438,0.9367485471512479,0.6000948059461878,-0.24502821975027334,-0.023571239302361536,0.5926697328847761,-1.044347525575742,1.1908398256383164,-0.45201072155720706,0.0,0.0,0.0,1.0,0.0,0.0,1.0,0.0,0.0,0.0,0.0,0.0,0.0,0.0,1.0,0.0,0.0,1.0,1.0,1.0,0.0,1.0,1.0,1.0,0.0,0.0,0.0
68395ebfa1f9120d4641a486,Creamy Garlic Prawns,1.5654769562889803,0.3575575850134274,-1.0386030685726388,0.6866048579762407,-1.3016877743627855,0.026106507431535916,1.6986690594732001,-0.5578754770404278,-1.420153683809035,-0.2865042703671411,-0.24283707765390372,0.0,0.0,1.0,0.0,0.0,0.0,1.0,0.0,0.0,0.0,0.0,0.0,0.0,0.0,0.0,1.0,0.0,1.0,1.0,1.0,0.0,0.0,1.0,1.0,0.0,0.0,0.0
68395ebfa1f9120d4641a487,Keto Almond Flour Waffles,0.42970354456093407,0.05538453728920563,-0.8267740796955709,1.770560844401272,-0.03383272082346995,-0.5161629469320826,2.436772044662727,-0.26478698389720673,-1.1715260447745866,1.9344345638918814,-0.6611843654605104,1.0,0.0,0.0,0.0,0.0,0.0,1.0,0.0,0.0,0.0,0.0,0.0,0.0,0.0,0.0,1.0,0.0,1.0,0.0,0.0,0.0,0.0,1.0,1.0,0.0,0.0,0.0
68395ebfa1f9120d4641a488,Lamb & Halloumi Skewers,2.076574991566601,0.7352738946687046,-1.0809688663480523,0.9367485471512479,-1.3016877743627855,0.4328085982042498,0.714531745887165,-0.4876281864303357,-1.4555313052293155,-0.32573704014601945,-0.033663433750600415,0.0,0.0,1.0,0.0,0.0,0.0,1.0,0.0,0.0,0.0,0.0,0.0,0.0,0.0,0.0,1.0,0.0,1.0,1.0,1.0,0.0,0.0,1.0,1.0,0.0,0.0,0.0
68395ebfa1f9120d4641a489,Keto Chocolate Avocado Pudding,-0.5924925259943076,-1.077764391676626,-0.8691398774709845,0.4364611688012335,0.6000948059461878,-1.2482267103229676,-0.7616742244918879,-1.1459474320325376,-0.99446284778654,1.9871521013053801,-0.8703580093638137,0.0,0.0,0.0,1.0,0.0,0.0,1.0,0.0,0.0,0.0,0.0,0.0,0.0,0.0,1.0,0.0,0.0,1.0,1.0,1.0,0.0,1.0,1.0,1.0,0.0,0.0,0.0
68395ebfa1f9120d4641a48a,Duck Breast with Berry Sauce,1.9062089798073942,0.5086441088755383,-1.0386030685726388,0.9367485471512479,-0.9847240109779566,-0.380595583341178,0.8375489100854194,-0.5734811016753356,-1.4276243712140446,-0.24869169134948904,0.1755102101527029,0.0,1.0,0.0,0.0,0.0,0.0,1.0,0.0,0.0,0.0,0.0,0.0,0.0,0.0,0.0,1.0,0.0,1.0,1.0,1.0,0.0,0.0,1.0,1.0,0.0,0.0,0.0
68395ebfa1f9120d4641a48b,Turkey & Cheese Lettuce Wraps,-0.42212651423510067,0.6597306327376492,-0.9962372707972252,0.10293624990122387,-0.9847240109779566,0.9750780525678683,0.22246308909414728,1.5802106951614616,-1.245591695802266,0.8800838156219012,-0.8703580093638137,0.0,1.0,0.0,0.0,0.0,0.0,1.0,0.0,0.0,0.0,0.0,0.0,0.0,0.0,1.0,0.0,0.0,1.0,1.0,0.0,0.0,0.0,1.0,1.0,0.0,0.0,0.0
68395ebfa1f9120d4641a48c,Beef & Bone Marrow Soup,1.7358429680481873,0.6597306327376492,-0.9962372707972252,0.6032236282512383,-0.9847240109779566,-0.10946085615936871,0.4684974174906561,-0.41420769578613803,-1.3971414125204413,-0.43704358067844307,6.241545883348499,0.0,0.0,1.0,0.0,0.0,0.0,1.0,0.0,0.0,0.0,0.0,0.0,0.0,0.0,0.0,1.0,0.0,1.0,1.0,1.0,0.0,1.0,1.0,1.0,0.0,0.0,0.0
68395ebfa1f9120d4641a48d,Coconut Keto Bites,-0.7628585377535145,-1.4554807013319033,-1.0386030685726388,0.6032236282512383,-1.3016877743627855,-1.3295671284775104,-0.7616742244918879,-1.831294447248906,-1.254849902180726,2.8482052123925308,-1.079531653267117,0.0,0.0,0.0,1.0,0.0,0.0,1.0,0.0,0.0,0.0,0.0,0.0,0.0,0.0,1.0,0.0,0.0,1.0,0.0,1.0,1.0,0.0,1.0,1.0,1.0,1.0,0.0
68395ebfa1f9120d4641a48e,Keto Zucchini Lasagna,1.111167591597762,1.6417930378413699,-0.7420424841447438,1.6871796146762694,-0.6677602475931277,-0.35348211062299706,0.2839716711932745,0.6664146748729702,-1.1807842511530464,0.9620888738206776,1.0122047857659162,0.0,0.0,1.0,0.0,0.0,0.0,1.0,0.0,0.0,0.0,0.0,0.0,0.0,0.0,0.0,1.0,0.0,1.0,1.0,1.0,0.0,0.0,1.0,1.0,0.0,0.0,0.0
68395ebfa1f9120d4641a48f,Smoked Salmon Stacks,-0.3653378436486983,0.20647106115131653,-1.017420169684932,0.2696987093512287,-1.111509516331888,0.2430142891769833,-0.023571239302361536,0.753442867281398,-1.2860963487080284,1.0909539652758975,-0.6611843654605104,0.0,0.0,0.0,1.0,0.0,0.0,1.0,0.0,0.0,0.0,0.0,0.0,0.0,0.0,1.0,0.0,0.0,1.0,1.0,1.0,0.0,0.0,1.0,1.0,0.0,0.0,0.0
68395ebfa1f9120d4641a490,Keto Chicken Salad,-0.308549173062296,1.0374469423929265,-1.0386030685726388,0.2696987093512287,-0.9847240109779566,-0.5432764196502635,0.16095450699502006,1.9121182151742933,-1.323807577275462,0.9818831982134857,-0.45201072155720706,0.0,1.0,0.0,0.0,0.0,0.0,1.0,0.0,0.0,0.0,0.0,0.0,0.0,0.0,1.0,0.0,0.0,1.0,1.0,1.0,1.0,0.0,1.0,1.0,0.0,0.0,0.0
68395ebfa1f9120d4641a491,Beef & Bone Marrow Burgers,1.508688285702578,1.1885334662550373,-1.0809688663480523,3.1046605200013104,-0.9847240109779566,-0.4619360014957207,0.6530231637880377,0.056218643838797405,-1.4474509496277042,1.8480123714107353,0.1755102101527029,0.0,0.0,1.0,0.0,0.0,0.0,1.0,0.0,0.0,0.0,0.0,0.0,0.0,0.0,0.0,1.0,0.0,1.0,1.0,0.0,1.0,0.0,1.0,1.0,0.0,0.0,0.0
68395ebfa1f9120d4641a492,Matcha Keto Bites,-0.9332245495127215,-1.379937439400848,-1.0809688663480523,0.2696987093512287,-1.3016877743627855,-1.3241444339338742,-0.7616742244918879,-1.648535243191208,-1.3103991404514856,2.8482052123925308,-0.8703580093638137,0.0,0.0,0.0,1.0,0.0,0.0,1.0,0.0,0.0,0.0,0.0,0.0,0.0,0.0,1.0,0.0,0.0,1.0,1.0,1.0,1.0,0.0,1.0,1.0,1.0,1.0,0.0
68395ebfa1f9120d4641a493,Creamy Tuscan Chicken,0.9408015798385548,1.7173362997724253,-0.9115056752463981,1.8539420741262744,-0.6677602475931277,-0.4077090560593589,0.7760403279862921,0.8778419893710918,-1.2989625325722116,1.3142282413801283,0.38468385405600625,0.0,0.0,1.0,0.0,0.0,0.0,1.0,0.0,0.0,0.0,0.0,0.0,0.0,0.0,0.0,1.0,0.0,1.0,1.0,1.0,0.0,0.0,1.0,1.0,0.0,0.0,0.0
68395ebfa1f9120d4641a494,Egg & Avocado Boats,-0.19497183188949138,-0.3223317723660716,-0.8691398774709845,0.9367485471512479,0.2831310425613589,-0.73307072867753,1.5756518952749459,-0.2395207344883083,-1.1097051183119668,1.9276323009998169,-0.45201072155720706,1.0,0.0,0.0,0.0,0.0,0.0,1.0,0.0,0.0,0.0,0.0,0.0,0.0,0.0,1.0,0.0,0.0,1.0,1.0,0.0,1.0,0.0,1.0,1.0,0.0,0.0,0.0
68395ebfa1f9120d4641a495,Shirataki Noodle Soup,0.42970354456093407,1.0374469423929265,-0.9538714730218117,1.4370359255012624,-0.9847240109779566,-0.028120438004825936,1.5141433131758186,0.753442867281398,-1.2965118308837957,1.5126942645838892,-0.033663433750600415,0.0,0.0,1.0,0.0,0.0,0.0,1.0,0.0,0.0,0.0,0.0,0.0,0.0,0.0,0.0,1.0,0.0,1.0,1.0,0.0,1.0,0.0,1.0,1.0,0.0,0.0,0.0
68395ebfa1f9120d4641a496,Duck Fat Roasted Vegetables,-0.3653378436486983,-1.0022211297455705,-0.9115056752463981,0.9367485471512479,-0.03383272082346995,-1.0719891376547916,-0.7616742244918879,-1.1263660887406415,-1.1298641160715168,2.3561748631998736,0.38468385405600625,0.0,1.0,0.0,0.0,0.0,0.0,1.0,0.0,0.0,0.0,0.0,0.0,0.0,0.0,1.0,0.0,0.0,1.0,1.0,1.0,1.0,0.0,1.0,1.0,0.0,1.0,0.0
68395ebfa1f9120d4641a497,Chocolate Avocado Mousse with Cream,-0.4505208495283018,-1.1533076536076814,-0.9115056752463981,0.6866048579762407,-0.03383272082346995,-1.3078763503029656,-0.7616742244918879,-1.3347411381110088,-1.1086401146567455,2.105517892856444,-0.8703580093638137,0.0,0.0,0.0,1.0,0.0,0.0,1.0,0.0,0.0,0.0,0.0,0.0,0.0,0.0,1.0,0.0,0.0,1.0,1.0,1.0,1.0,0.0,1.0,1.0,1.0,1.0,0.0
68395ebfa1f9120d4641a498,Lamb Heart Kebabs,0.7704355680793479,2.170595871358758,-1.0386030685726388,1.770560844401272,-0.9847240109779566,-0.48904947421390166,1.944703387869709,1.458371225789663,-1.3954589115535863,1.433617958463641,0.1755102101527029,0.0,0.0,1.0,0.0,0.0,0.0,1.0,0.0,0.0,0.0,0.0,0.0,0.0,0.0,0.0,1.0,0.0,1.0,1.0,1.0,1.0,0.0,1.0,1.0,0.0,0.0,0.0
68395ebfa1f9120d4641a499,Keto Breakfast Burrito,0.42970354456093407,0.5841873708065938,-0.8691398774709845,1.5204171552262646,-0.35079648420829884,-0.2179147470320924,2.7443149551583628,0.283490628275888,-1.2131879734776563,1.6181293394108873,-0.24283707765390372,1.0,0.0,0.0,0.0,0.0,0.0,1.0,0.0,0.0,0.0,0.0,0.0,0.0,0.0,0.0,1.0,0.0,1.0,1.0,0.0,1.0,0.0,1.0,1.0,0.0,0.0,0.0
68395ebfa1f9120d4641a49a,Smoked Salmon Pinwheels,-0.47891518482150297,0.20647106115131653,-1.0386030685726388,0.2696987093512287,-0.9847240109779566,0.08033345286789777,-0.08507982140148874,0.9522688145529601,-1.3029213583765757,1.3342656764151235,-0.6611843654605104,0.0,0.0,0.0,1.0,0.0,0.0,1.0,0.0,0.0,0.0,0.0,0.0,0.0,0.0,1.0,0.0,0.0,1.0,1.0,1.0,0.0,0.0,1.0,1.0,0.0,0.0,0.0
68395ebfa1f9120d4641a49b,Tender Braised Beef Bites,1.338322273943371,2.4727689190829794,-0.9538714730218117,2.5209919119262936,-0.9847240109779566,-0.2179147470320924,1.329617566878437,1.1180609837511901,-1.3539765601294091,1.516329956819303,7.496587746768319,0.0,0.0,1.0,0.0,0.0,0.0,1.0,0.0,0.0,0.0,0.0,0.0,0.0,0.0,0.0,1.0,0.0,1.0,1.0,1.0,1.0,0.0,1.0,1.0,0.0,0.0,0.0
68395ebfa1f9120d4641a49c,Keto Chai Latte,-0.6492811965807099,-1.3043941774697922,-1.0386030685726388,0.6032236282512383,-1.3016877743627855,-1.2753401830411486,-0.5771484781945063,-1.5452365626368567,-1.2765865606345017,2.5487084781013483,-1.079531653267117,1.0,0.0,0.0,0.0,0.0,0.0,1.0,0.0,0.0,0.0,0.0,0.0,0.0,0.0,1.0,0.0,0.0,1.0,1.0,1.0,1.0,0.0,1.0,1.0,1.0,1.0,0.0
68395ebfa1f9120d4641a49d,Cheese-Stuffed Meatloaf,1.2815336033569686,2.170595871358758,-0.9962372707972252,2.3542294524762886,-0.9847240109779566,-0.1908012743139115,1.1450918205810554,0.9389503300467308,-1.3820284213795706,1.4239068331506277,1.2213784296692196,0.0,0.0,1.0,0.0,0.0,0.0,1.0,0.0,0.0,0.0,0.0,0.0,0.0,0.0,0.0,1.0,0.0,1.0,1.0,0.0,0.0,0.0,1.0,1.0,0.0,0.0,0.0
68395ebfa1f9120d4641a49e,Zucchini Pizza Bites,-0.5924925259943076,-0.09570198657290525,-0.9115056752463981,0.3530799390762311,-0.9847240109779566,-0.48904947421390166,-0.20809698559974316,0.6359548075300205,-1.0673712230169121,1.8026407203581338,-0.24283707765390372,0.0,0.0,0.0,1.0,0.0,0.0,1.0,0.0,0.0,0.0,0.0,0.0,0.0,0.0,1.0,0.0,0.0,1.0,1.0,1.0,0.0,0.0,1.0,1.0,0.0,0.0,0.0
68395ebfa1f9120d4641a49f,Keto Butter Chicken,1.0543789210113594,1.5662497759103144,-0.9538714730218117,2.020704533576279,-0.9847240109779566,-0.27214169246845427,1.26810898477931,0.6514720984405797,-1.3397459078398115,1.3535469818261563,0.5938574979593095,0.0,0.0,1.0,0.0,0.0,0.0,1.0,0.0,0.0,0.0,0.0,0.0,0.0,0.0,0.0,1.0,0.0,1.0,1.0,0.0,0.0,0.0,1.0,1.0,0.0,0.0,0.0
68395ebfa1f9120d4641a4a0,Egg Salad Celery Boats,-0.7628585377535145,-0.24678851043501615,-0.9962372707972252,0.10293624990122387,-0.9847240109779566,-0.5432764196502635,3.2978921940505073,0.6751174941138133,-1.1715260447745866,1.7235644142378856,-0.6611843654605104,0.0,0.0,0.0,1.0,0.0,0.0,1.0,0.0,0.0,0.0,0.0,0.0,0.0,0.0,1.0,0.0,0.0,1.0,1.0,0.0,1.0,0.0,1.0,1.0,0.0,0.0,0.0
68395ebfa1f9120d4641a4a1,Beef Liver Spread,0.2025488622153248,1.1885334662550373,-1.0386030685726388,1.4370359255012624,-1.3016877743627855,-0.35348211062299706,5.020132492826069,1.1986607779181968,-1.3666792897521238,1.8900408481752504,0.38468385405600625,0.0,0.0,1.0,0.0,0.0,0.0,1.0,0.0,0.0,0.0,0.0,0.0,0.0,0.0,0.0,1.0,0.0,1.0,1.0,1.0,0.0,0.0,1.0,1.0,0.0,0.0,0.0
68395ebfa1f9120d4641a4a2,Cheesy Cauliflower Steak,0.7420412327861468,0.20647106115131653,-0.7420424841447438,1.9373233038512767,-0.35079648420829884,-0.35348211062299706,0.09944592489589286,-0.3076598197363057,-1.1364423153404226,1.6569738406629393,0.8030311418626128,0.0,0.0,1.0,0.0,0.0,0.0,1.0,0.0,0.0,0.0,0.0,0.0,0.0,0.0,0.0,1.0,0.0,1.0,1.0,1.0,0.0,0.0,1.0,1.0,0.0,0.0,0.0
68395ebfa1f9120d4641a4a3,Lamb Ribs with Herb Crust,1.5654769562889803,2.321682395220869,-0.9538714730218117,3.1046605200013104,-1.3016877743627855,-0.5432764196502635,0.9605660742836738,0.8216617406854236,-1.3637084900822953,1.7847847802664647,6.241545883348499,0.0,0.0,1.0,0.0,0.0,0.0,1.0,0.0,0.0,0.0,0.0,0.0,0.0,0.0,0.0,1.0,0.0,1.0,1.0,1.0,1.0,0.0,1.0,1.0,0.0,0.0,0.0
68395ec7a1f9120d4641a4a4,Greek Yogurt with Nuts,-0.13818316130308908,0.05538453728920563,-0.10655551751354021,0.10293624990122387,-0.6677602475931277,-1.112659346732063,-0.5156398960953792,0.22474659840019948,-0.1377894388296683,0.4188053632537849,-1.079531653267117,0.0,0.0,0.0,1.0,0.0,0.0,0.0,1.0,0.0,0.0,0.0,0.0,0.0,0.0,1.0,0.0,0.0,1.0,0.0,1.0,0.0,0.0,0.0,0.0,1.0,1.0,0.0
68395ec7a1f9120d4641a4a5,Mushroom & Cheese Quesadilla,0.7704355680793479,0.20647106115131653,0.5289314491176634,0.9367485471512479,-0.35079648420829884,0.8395106889769637,-0.14658840350061594,-0.3235310137728955,-0.046653969791703304,0.5110610537274084,-0.24283707765390372,0.0,1.0,0.0,0.0,0.0,0.0,0.0,1.0,0.0,0.0,0.0,0.0,0.0,0.0,0.0,1.0,0.0,0.0,1.0,1.0,0.0,0.0,0.0,1.0,0.0,0.0,0.0
68395ec7a1f9120d4641a4a6,Potatoes & Lentil Shepherd's Pie,1.1679562621841642,0.8108171565997601,1.7999053823800708,0.2696987093512287,3.4527686764096477,0.5683759617951544,-0.5771484781945063,-0.03693135286423225,0.7221979871831292,-0.4618171367217097,0.8030311418626128,0.0,1.0,0.0,0.0,0.0,0.0,0.0,1.0,0.0,0.0,0.0,0.0,0.0,0.0,0.0,1.0,0.0,0.0,1.0,1.0,0.0,0.0,0.0,1.0,0.0,0.0,0.0
68395ec7a1f9120d4641a4a7,Avocado & Egg Toast,0.03218285045611786,-0.09570198657290525,0.10527347136352766,0.2696987093512287,0.9170585693310167,-0.24502821975027334,1.5141433131758186,-0.1394663868290707,-0.00499204108863346,0.458343516313909,-0.6611843654605104,1.0,0.0,0.0,0.0,0.0,0.0,0.0,1.0,0.0,0.0,0.0,0.0,0.0,0.0,1.0,0.0,0.0,0.0,1.0,0.0,1.0,1.0,0.0,1.0,0.0,0.0,0.0
68395ec7a1f9120d4641a4a8,Cheese Stuffed Shells,1.338322273943371,0.9619036804618709,0.9525894268717991,1.5204171552262646,0.2831310425613589,1.1106454161587729,0.22246308909414728,-0.01630648971038536,0.003627668298208644,0.6001355134950447,0.5938574979593095,0.0,1.0,0.0,0.0,0.0,0.0,0.0,1.0,0.0,0.0,0.0,0.0,0.0,0.0,0.0,1.0,0.0,0.0,1.0,1.0,0.0,0.0,0.0,1.0,0.0,0.0,0.0
68395ec7a1f9120d4641a4a9,Egg White & Spinach Scramble,-0.7060698671671122,0.6597306327376492,-0.8267740796955709,-0.8142572770738026,-0.6677602475931277,-0.24502821975027334,-0.7616742244918879,2.3555527729819996,-0.868530199661352,-0.6631022795732513,-0.6611843654605104,1.0,0.0,0.0,0.0,0.0,0.0,0.0,1.0,0.0,0.0,0.0,0.0,0.0,0.0,1.0,0.0,0.0,1.0,1.0,0.0,1.0,1.0,1.0,1.0,0.0,1.0,0.0
68395ec7a1f9120d4641a4aa,Cheesy Broccoli Rice Bake,1.2815336033569686,0.5086441088755383,1.376247404625935,1.1035110066012528,0.2831310425613589,0.8395106889769637,-0.023571239302361536,-0.33074519288043597,0.33707432089446543,0.25857179558907084,0.38468385405600625,0.0,1.0,0.0,0.0,0.0,0.0,0.0,1.0,0.0,0.0,0.0,0.0,0.0,0.0,0.0,1.0,0.0,0.0,1.0,1.0,0.0,0.0,0.0,1.0,0.0,0.0,0.0
68395ec7a1f9120d4641a4ab,Greek Yogurt with Chia Seeds,-0.308549173062296,0.20647106115131653,-0.10655551751354021,-0.39735112844879056,0.9170585693310167,-1.112659346732063,-0.5156398960953792,0.6643139943665599,0.003627668298208644,-0.2397093928855257,-1.079531653267117,0.0,1.0,0.0,0.0,0.0,0.0,0.0,1.0,0.0,0.0,0.0,0.0,0.0,0.0,1.0,0.0,0.0,1.0,1.0,1.0,0.0,0.0,1.0,0.0,1.0,1.0,0.0
68395ec7a1f9120d4641a4ac,Mushroom & Spinach Lasagna,1.5654769562889803,0.9619036804618709,1.164418415748867,1.5204171552262646,0.6000948059461878,1.1106454161587729,0.09944592489589286,-0.13340248697093507,0.04742135308619629,0.4277333332996195,1.0122047857659162,0.0,1.0,0.0,0.0,0.0,0.0,0.0,1.0,0.0,0.0,0.0,0.0,0.0,0.0,0.0,1.0,0.0,0.0,1.0,1.0,0.0,0.0,0.0,1.0,0.0,0.0,0.0
68395ec7a1f9120d4641a4ad,Egg & Avocado Salad,-0.3653378436486983,-0.24678851043501615,-0.7420424841447438,0.4364611688012335,-0.03383272082346995,-0.380595583341178,2.6828063730592353,0.04851450877313321,-0.8798925438530983,1.4072591897568916,-0.6611843654605104,0.0,1.0,0.0,0.0,0.0,0.0,0.0,1.0,0.0,0.0,0.0,0.0,0.0,0.0,1.0,0.0,0.0,1.0,1.0,0.0,1.0,1.0,1.0,1.0,0.0,0.0,0.0
68395ec7a1f9120d4641a4ae,Lentil & Mushroom Burgers,0.9975902504249572,0.8108171565997601,1.164418415748867,0.6866048579762407,2.501877386255161,0.026106507431535916,0.40698883539152886,0.06658959488872991,0.3459295891410694,0.05687919293418619,0.38468385405600625,0.0,1.0,0.0,0.0,0.0,0.0,0.0,1.0,0.0,0.0,0.0,0.0,0.0,0.0,0.0,1.0,0.0,0.0,1.0,0.0,1.0,1.0,0.0,1.0,0.0,0.0,0.0
68395ec7a1f9120d4641a4af,Cottage Cheese & Fruit Bowl,-0.5924925259943076,0.43310084694448286,-0.31838450639060806,-0.7308760473488002,-0.03383272082346995,-0.24502821975027334,-0.5156398960953792,1.5954406288329368,-0.046653969791703304,-0.5960072319560709,-1.079531653267117,0.0,1.0,0.0,0.0,0.0,0.0,0.0,1.0,0.0,0.0,0.0,0.0,0.0,0.0,1.0,0.0,0.0,1.0,0.0,1.0,0.0,0.0,1.0,1.0,0.0,1.0,0.0
68395ec7a1f9120d4641a4b0,Spinach & Ricotta Stuffed Shells,1.3951109445297734,1.1885334662550373,0.9525894268717991,1.5204171552262646,0.2831310425613589,0.9750780525678683,0.3454802532924017,0.1202021384519399,-0.021939266323780557,0.554843415308111,0.8030311418626128,0.0,1.0,0.0,0.0,0.0,0.0,0.0,1.0,0.0,0.0,0.0,0.0,0.0,0.0,0.0,1.0,0.0,0.0,1.0,1.0,0.0,0.0,0.0,1.0,0.0,0.0,0.0
68395ec7a1f9120d4641a4b1,Quinoa & Black Bean Casserole,1.111167591597762,0.9619036804618709,1.376247404625935,0.6866048579762407,2.501877386255161,0.5683759617951544,-0.14658840350061594,0.11813706269987555,0.4394018650774438,-0.021971824564637102,0.38468385405600625,0.0,1.0,0.0,0.0,0.0,0.0,0.0,1.0,0.0,0.0,0.0,0.0,0.0,0.0,0.0,1.0,0.0,1.0,1.0,1.0,0.0,0.0,0.0,1.0,0.0,0.0,0.0
68395ec7a1f9120d4641a4b2,Greek Salad with Feta,-0.308549173062296,-0.3223317723660716,-0.31838450639060806,0.10293624990122387,-0.03383272082346995,1.1106454161587729,-0.3311141497979975,-0.12974323705654292,-0.2980621602412621,0.6764850504387327,-0.6611843654605104,0.0,1.0,0.0,0.0,0.0,0.0,0.0,1.0,0.0,0.0,0.0,0.0,0.0,0.0,1.0,0.0,0.0,1.0,1.0,1.0,0.0,0.0,1.0,1.0,0.0,1.0,0.0
68395ec7a1f9120d4641a4b3,Vegetarian Cheesy Cauliflower Bake,1.2247449327705664,0.43310084694448286,0.3171024602405955,1.9373233038512767,0.6000948059461878,1.1106454161587729,0.22246308909414728,-0.36269370035668785,-0.41119584594356356,1.0909539652758975,0.1755102101527029,0.0,1.0,0.0,0.0,0.0,0.0,0.0,1.0,0.0,0.0,0.0,0.0,0.0,0.0,0.0,1.0,0.0,0.0,1.0,1.0,0.0,0.0,0.0,1.0,0.0,0.0,0.0
68395ec7a1f9120d4641a4b4,Egg White & Veggie Muffins,-0.9332245495127215,0.05538453728920563,-0.7420424841447438,-0.8142572770738026,-0.6677602475931277,-0.24502821975027334,-0.7616742244918879,1.8238896339050592,-0.5327098046608504,-0.3499920573597422,-0.24283707765390372,0.0,0.0,0.0,1.0,0.0,0.0,0.0,1.0,0.0,0.0,0.0,0.0,0.0,0.0,1.0,0.0,0.0,1.0,1.0,0.0,1.0,1.0,1.0,1.0,0.0,1.0,0.0
68395ec7a1f9120d4641a4b5,Cottage Cheese & Cucumber Toast,-0.5357038554079052,0.20647106115131653,-0.10655551751354021,-0.7308760473488002,-0.03383272082346995,0.026106507431535916,-0.5156398960953792,1.0636113450250344,0.24497953112978513,-0.6550508738591898,-0.8703580093638137,1.0,0.0,0.0,0.0,0.0,0.0,0.0,1.0,0.0,0.0,0.0,0.0,0.0,0.0,1.0,0.0,0.0,0.0,1.0,1.0,0.0,0.0,1.0,1.0,0.0,1.0,0.0
68395ec7a1f9120d4641a4b6,Cheesy Polenta with Mushrooms,1.2815336033569686,0.43310084694448286,1.588076393503003,1.1035110066012528,0.2831310425613589,1.2462127797496776,-0.26960556769887034,-0.38845862574076195,0.4905656371689329,0.25857179558907084,0.1755102101527029,1.0,0.0,0.0,0.0,0.0,0.0,0.0,1.0,0.0,0.0,0.0,0.0,0.0,0.0,0.0,1.0,0.0,1.0,1.0,1.0,0.0,0.0,0.0,1.0,0.0,0.0,0.0
68395ec7a1f9120d4641a4b7,Greek Yogurt with Flaxseeds,-0.7060698671671122,0.05538453728920563,-0.5302134952676759,-0.5641135878987954,0.2831310425613589,-1.112659346732063,-0.5771484781945063,1.159310710058884,-0.3117753342657836,-0.05924685101862626,-1.079531653267117,1.0,0.0,0.0,0.0,0.0,0.0,0.0,1.0,0.0,0.0,0.0,0.0,0.0,0.0,1.0,0.0,0.0,1.0,1.0,1.0,0.0,0.0,1.0,1.0,1.0,1.0,0.0
68395ec7a1f9120d4641a4b8,Vegetable & Cheese Quesadilla,0.9408015798385548,0.6597306327376492,0.7407604379947312,1.1035110066012528,0.2831310425613589,1.1106454161587729,-0.023571239302361536,-0.025203489502240852,0.03912058930285225,0.5327682750153196,-0.033663433750600415,1.0,0.0,0.0,0.0,0.0,0.0,0.0,1.0,0.0,0.0,0.0,0.0,0.0,0.0,0.0,1.0,0.0,0.0,1.0,1.0,0.0,0.0,0.0,1.0,0.0,0.0,0.0
68395ec7a1f9120d4641a4b9,Dal Makhani,0.9975902504249572,0.3575575850134274,1.7999053823800708,0.10293624990122387,3.4527686764096477,0.2972412346133452,-0.45413131399625195,-0.3129872135387973,0.8506798791974913,-0.539234499356918,1.4305520735725226,1.0,0.0,0.0,0.0,0.0,0.0,0.0,1.0,0.0,0.0,0.0,0.0,0.0,0.0,0.0,1.0,0.0,1.0,1.0,1.0,0.0,0.0,0.0,1.0,0.0,0.0,0.0
68395ec7a1f9120d4641a4ba,Egg & Spinach Breakfast Wrap,-0.13818316130308908,0.20647106115131653,0.10527347136352766,-0.14720743927378335,-0.03383272082346995,0.026106507431535916,3.7899608508435247,0.4303507029651102,0.13561696828422692,0.0036547561224803773,-0.6611843654605104,1.0,0.0,0.0,0.0,0.0,0.0,0.0,1.0,0.0,0.0,0.0,0.0,0.0,0.0,1.0,0.0,0.0,0.0,1.0,0.0,1.0,1.0,1.0,1.0,0.0,0.0,0.0
68395ec7a1f9120d4641a4bb,Stuffed Portobello Mushrooms,0.8272242386657502,0.05538453728920563,0.7407604379947312,1.1035110066012528,0.9170585693310167,0.9750780525678683,-0.20809698559974316,-0.48857376437602096,0.10213863271926026,0.639089358874477,0.38468385405600625,1.0,0.0,0.0,0.0,0.0,0.0,0.0,1.0,0.0,0.0,0.0,0.0,0.0,0.0,0.0,1.0,0.0,1.0,1.0,1.0,0.0,0.0,0.0,1.0,0.0,0.0,0.0
68395ec7a1f9120d4641a4bc,Vegetable Lasagna,1.508688285702578,0.9619036804618709,1.588076393503003,1.5204171552262646,1.2340223327158455,1.1106454161587729,0.22246308909414728,-0.10556819254014865,0.35972058067266555,0.4687141794116469,1.2213784296692196,0.0,0.0,1.0,0.0,0.0,0.0,0.0,1.0,0.0,0.0,0.0,0.0,0.0,0.0,0.0,1.0,0.0,0.0,1.0,1.0,0.0,0.0,0.0,1.0,0.0,0.0,0.0
68395ec7a1f9120d4641a4bd,Greek Yogurt with Walnuts & Honey,-0.19497183188949138,0.05538453728920563,-0.10655551751354021,0.10293624990122387,-0.6677602475931277,-1.112659346732063,-0.5771484781945063,0.29107050309855764,-0.09369163123065298,0.4991570936662956,-1.079531653267117,1.0,0.0,0.0,0.0,0.0,0.0,0.0,1.0,0.0,0.0,0.0,0.0,0.0,0.0,1.0,0.0,0.0,1.0,0.0,1.0,0.0,0.0,1.0,0.0,1.0,1.0,0.0
68395ec7a1f9120d4641a4be,Vegetable & Cheese Frittata,0.7704355680793479,1.1885334662550373,-0.31838450639060806,1.2702734660512576,-0.6677602475931277,0.8395106889769637,4.159012343438288,0.5674201060083839,-0.7757377220954239,0.8800838156219012,0.1755102101527029,1.0,0.0,0.0,0.0,0.0,0.0,0.0,1.0,0.0,0.0,0.0,0.0,0.0,0.0,0.0,1.0,0.0,1.0,1.0,0.0,0.0,0.0,1.0,1.0,0.0,0.0,0.0
68395ec7a1f9120d4641a4bf,Vegetarian Moussaka,1.338322273943371,0.6597306327376492,1.164418415748867,1.2702734660512576,2.501877386255161,0.5683759617951544,-0.39262273189712477,-0.24317998440270047,0.15447258256794377,0.37108690266397987,1.639725717475826,1.0,0.0,0.0,0.0,0.0,0.0,0.0,1.0,0.0,0.0,0.0,0.0,0.0,0.0,0.0,1.0,0.0,0.0,1.0,1.0,0.0,0.0,0.0,1.0,0.0,0.0,0.0
68395ec7a1f9120d4641a4c0,Berry Protein Smoothie,-0.3653378436486983,0.9619036804618709,-0.10655551751354021,-0.897638506798805,-0.03383272082346995,-1.0584324012957012,-0.5156398960953792,1.9283234647951726,0.05750085196597119,-1.1231826060910608,-1.079531653267117,0.0,0.0,0.0,1.0,0.0,0.0,0.0,1.0,0.0,0.0,0.0,0.0,0.0,0.0,1.0,0.0,0.0,1.0,1.0,1.0,0.0,0.0,1.0,1.0,1.0,1.0,0.0
68395ec7a1f9120d4641a4c1,Lentil & Walnut Burgers,0.8840129092521526,0.8108171565997601,0.5289314491176634,0.9367485471512479,1.8679498594855033,-0.10946085615936871,-0.20809698559974316,0.14250495657423518,-0.10498066997600085,0.40773468039695027,0.5938574979593095,1.0,0.0,0.0,0.0,0.0,0.0,0.0,1.0,0.0,0.0,0.0,0.0,0.0,0.0,0.0,1.0,0.0,0.0,0.0,0.0,1.0,1.0,0.0,1.0,0.0,0.0,0.0
68395ec7a1f9120d4641a4c2,Cottage Cheese & Tomato Toast,-0.47891518482150297,0.43310084694448286,0.10527347136352766,-0.897638506798805,-0.03383272082346995,0.026106507431535916,-0.5156398960953792,1.3318456229804874,0.5141796858265435,-1.050189092749293,-0.8703580093638137,1.0,0.0,0.0,0.0,0.0,0.0,0.0,1.0,0.0,0.0,0.0,0.0,0.0,0.0,1.0,0.0,0.0,0.0,1.0,1.0,0.0,0.0,1.0,1.0,0.0,1.0,0.0
68395ec7a1f9120d4641a4c3,Stuffed Zucchini Boats,0.7136468974929456,0.20647106115131653,0.9525894268717991,0.6866048579762407,1.2340223327158455,0.2972412346133452,-0.5156398960953792,-0.2914509407202143,0.3566689570146103,0.2833661580903808,0.8030311418626128,0.0,0.0,1.0,0.0,0.0,0.0,0.0,1.0,0.0,0.0,0.0,0.0,0.0,0.0,0.0,1.0,0.0,1.0,1.0,1.0,0.0,0.0,0.0,1.0,0.0,1.0,0.0
68395ec7a1f9120d4641a4c4,Cheesy Polenta Bake,1.2247449327705664,0.43310084694448286,1.376247404625935,1.1035110066012528,0.2831310425613589,1.2462127797496776,-0.20809698559974316,-0.36269370035668785,0.3699653172389942,0.3001909040734123,0.5938574979593095,0.0,0.0,1.0,0.0,0.0,0.0,0.0,1.0,0.0,0.0,0.0,0.0,0.0,0.0,0.0,1.0,0.0,1.0,1.0,1.0,0.0,0.0,0.0,1.0,0.0,0.0,0.0
68395ec7a1f9120d4641a4c5,Boiled Eggs & Avocado,-0.024605820130284454,0.05538453728920563,-0.5302134952676759,0.6866048579762407,0.2831310425613589,0.4328085982042498,3.7899608508435247,0.10380300747966381,-0.7328504425481461,1.1839849136526601,-0.6611843654605104,1.0,0.0,0.0,0.0,0.0,0.0,0.0,1.0,0.0,0.0,0.0,0.0,0.0,0.0,1.0,0.0,0.0,1.0,1.0,0.0,1.0,1.0,1.0,1.0,0.0,0.0,0.0
68395ec7a1f9120d4641a4c6,Greek Yogurt with Granola,-0.13818316130308908,0.20647106115131653,0.3171024602405955,-0.39735112844879056,-0.35079648420829884,-1.0855458740138821,-0.5156398960953792,0.4303507029651102,0.40902337539812217,-0.4114958510088242,-1.079531653267117,1.0,0.0,0.0,0.0,0.0,0.0,0.0,1.0,0.0,0.0,0.0,0.0,0.0,0.0,1.0,0.0,0.0,0.0,0.0,1.0,0.0,0.0,0.0,0.0,1.0,1.0,0.0
68395ec7a1f9120d4641a4c7,Spinach Ricotta Pasta,1.1679562621841642,0.6597306327376492,1.588076393503003,0.6866048579762407,0.2831310425613589,0.4328085982042498,-0.26960556769887034,-0.1565555591565437,0.5631251684986813,-0.05924685101862626,-0.033663433750600415,0.0,0.0,1.0,0.0,0.0,0.0,0.0,1.0,0.0,0.0,0.0,0.0,0.0,0.0,0.0,1.0,0.0,0.0,1.0,1.0,0.0,0.0,0.0,1.0,0.0,0.0,0.0
68395ec7a1f9120d4641a4c8,Egg White Veggie Omelette,-0.5924925259943076,0.5086441088755383,-0.6573108885939167,-0.5641135878987954,-0.35079648420829884,-0.10946085615936871,-0.7616742244918879,1.7325100318762103,-0.6299209716346797,-0.22698447006157776,-0.45201072155720706,1.0,0.0,0.0,0.0,0.0,0.0,0.0,1.0,0.0,0.0,0.0,0.0,0.0,0.0,1.0,0.0,0.0,1.0,1.0,0.0,1.0,1.0,1.0,1.0,1.0,1.0,0.0
68395ec7a1f9120d4641a4c9,Vegetable Kofta with Yogurt Sauce,0.9408015798385548,0.20647106115131653,1.164418415748867,0.9367485471512479,1.8679498594855033,0.2972412346133452,-0.5771484781945063,-0.41222298044795486,0.38221882568107374,0.35911050471202893,1.0122047857659162,0.0,0.0,1.0,0.0,0.0,0.0,0.0,1.0,0.0,0.0,0.0,0.0,0.0,0.0,0.0,1.0,0.0,1.0,1.0,1.0,0.0,0.0,0.0,1.0,0.0,1.0,0.0
68395ec7a1f9120d4641a4ca,Vegetable & Bean Enchiladas,1.3951109445297734,0.9619036804618709,1.588076393503003,1.1035110066012528,2.501877386255161,1.1106454161587729,-0.20809698559974316,-0.04706899746527557,0.4229253960988287,0.17956603033066032,0.8030311418626128,0.0,0.0,1.0,0.0,0.0,0.0,0.0,1.0,0.0,0.0,0.0,0.0,0.0,0.0,0.0,1.0,0.0,0.0,1.0,1.0,0.0,0.0,0.0,1.0,0.0,0.0,0.0
68395ec7a1f9120d4641a4cb,Greek Yogurt with Almonds,-0.3653378436486983,0.20647106115131653,-0.31838450639060806,-0.14720743927378335,-0.35079648420829884,-1.112659346732063,-0.5156398960953792,0.753442867281398,-0.25496361330705203,0.3001909040734123,-1.079531653267117,1.0,0.0,0.0,0.0,0.0,0.0,0.0,1.0,0.0,0.0,0.0,0.0,0.0,0.0,1.0,0.0,0.0,1.0,0.0,1.0,0.0,0.0,0.0,1.0,1.0,1.0,0.0
68395ec7a1f9120d4641a4cc,Stuffed Eggplant Parmesan,1.2815336033569686,0.9619036804618709,0.7407604379947312,1.5204171552262646,1.8679498594855033,0.9750780525678683,-0.023571239302361536,0.015535404281518575,-0.12339962792893705,0.6470168081095902,1.0122047857659162,0.0,0.0,1.0,0.0,0.0,0.0,0.0,1.0,0.0,0.0,0.0,0.0,0.0,0.0,0.0,1.0,0.0,1.0,1.0,1.0,0.0,0.0,0.0,1.0,0.0,0.0,0.0
68395ec7a1f9120d4641a4cd,Egg White & Avocado Toast,-0.308549173062296,0.20647106115131653,-0.10655551751354021,-0.14720743927378335,0.6000948059461878,-0.24502821975027334,-0.7616742244918879,0.6643139943665599,0.003627668298208644,0.2183878287766034,-0.6611843654605104,1.0,0.0,0.0,0.0,0.0,0.0,0.0,1.0,0.0,0.0,0.0,0.0,0.0,0.0,1.0,0.0,0.0,0.0,1.0,0.0,1.0,1.0,1.0,1.0,1.0,1.0,0.0
68395ec7a1f9120d4641a4ce,Vegetable Fried Rice,0.9975902504249572,0.43310084694448286,1.7999053823800708,0.2696987093512287,1.2340223327158455,0.2972412346133452,1.5141433131758186,-0.24972441213420943,0.8506798791974913,-0.36891630155945976,0.1755102101527029,0.0,0.0,1.0,0.0,0.0,0.0,0.0,1.0,0.0,0.0,0.0,0.0,0.0,0.0,0.0,1.0,0.0,0.0,1.0,0.0,1.0,1.0,0.0,1.0,0.0,0.0,0.0
68395ec7a1f9120d4641a4cf,Cheesy Broccoli Rice Casserole,1.338322273943371,0.8108171565997601,1.376247404625935,1.5204171552262646,0.6000948059461878,0.8395106889769637,0.037937342796765666,-0.12974323705654292,0.3053174968376791,0.6001355134950447,0.5938574979593095,0.0,0.0,1.0,0.0,0.0,0.0,0.0,1.0,0.0,0.0,0.0,0.0,0.0,0.0,0.0,1.0,0.0,0.0,1.0,1.0,0.0,0.0,0.0,1.0,0.0,0.0,0.0
68395ec7a1f9120d4641a4d0,Vegetable & Bean Burritos,1.2247449327705664,0.6597306327376492,1.588076393503003,1.1035110066012528,2.501877386255161,1.1106454161587729,-0.26960556769887034,-0.18646161072962156,0.5261975498755059,0.3001909040734123,0.38468385405600625,0.0,0.0,0.0,1.0,0.0,0.0,0.0,1.0,0.0,0.0,0.0,0.0,0.0,0.0,0.0,1.0,0.0,0.0,1.0,1.0,0.0,0.0,0.0,1.0,0.0,0.0,0.0
68395ec7a1f9120d4641a4d1,Vegetable Moussaka,1.3951109445297734,0.8108171565997601,1.164418415748867,1.5204171552262646,2.501877386255161,0.5683759617951544,-0.26960556769887034,-0.15858308807675234,0.12634895448375594,0.554843415308111,1.8488993613791294,0.0,0.0,0.0,1.0,0.0,0.0,0.0,1.0,0.0,0.0,0.0,0.0,0.0,0.0,0.0,1.0,0.0,0.0,1.0,1.0,0.0,0.0,0.0,1.0,0.0,0.0,0.0
68395ec7a1f9120d4641a4d2,Egg White & Spinach Wrap,-0.3653378436486983,0.43310084694448286,0.10527347136352766,-0.7308760473488002,-0.03383272082346995,-0.10946085615936871,-0.7616742244918879,1.1059070465355305,0.3699653172389942,-0.806877381610067,-0.45201072155720706,0.0,0.0,1.0,0.0,0.0,0.0,0.0,1.0,0.0,0.0,0.0,0.0,0.0,0.0,1.0,0.0,0.0,0.0,1.0,0.0,1.0,1.0,0.0,1.0,1.0,1.0,1.0
68395ec7a1f9120d4641a4d3,Cottage Cheese & Pineapple,-0.5924925259943076,0.28201432308237195,-0.10655551751354021,-0.9810197365238074,-0.6677602475931277,-0.380595583341178,-0.5771484781945063,1.3213018227463893,0.3178879063601572,-1.1495413747978103,-1.079531653267117,0.0,0.0,1.0,0.0,0.0,0.0,0.0,1.0,0.0,0.0,0.0,0.0,0.0,0.0,1.0,0.0,0.0,1.0,1.0,1.0,0.0,0.0,0.0,0.0,1.0,1.0,1.0
68395ec7a1f9120d4641a4d4,Cheesy Polenta with Roasted Veggies,1.2815336033569686,0.43310084694448286,1.588076393503003,1.1035110066012528,1.2340223327158455,0.9750780525678683,-0.5156398960953792,-0.38845862574076195,0.4905656371689329,0.25857179558907084,0.38468385405600625,0.0,0.0,0.0,1.0,0.0,0.0,0.0,1.0,0.0,0.0,0.0,0.0,0.0,0.0,0.0,1.0,0.0,0.0,1.0,1.0,0.0,0.0,0.0,1.0,0.0,1.0,0.0
68395ec7a1f9120d4641a4d5,Greek Yogurt with Walnuts & Cinnamon,-0.308549173062296,0.20647106115131653,-0.5302134952676759,0.10293624990122387,-0.6677602475931277,-1.112659346732063,-0.5156398960953792,0.6643139943665599,-0.5997519887807327,0.6764850504387327,-1.079531653267117,0.0,0.0,1.0,0.0,0.0,0.0,0.0,1.0,0.0,0.0,0.0,0.0,0.0,0.0,1.0,0.0,0.0,1.0,0.0,1.0,0.0,0.0,1.0,1.0,1.0,1.0,0.0
68395ec7a1f9120d4641a4d6,Spinach Ricotta Stuffed Shells,1.2247449327705664,0.9619036804618709,1.164418415748867,1.1035110066012528,0.6000948059461878,0.9750780525678683,0.09944592489589286,0.04851450877313321,0.2137330846024827,0.3001909040734123,0.8030311418626128,0.0,0.0,0.0,1.0,0.0,0.0,0.0,1.0,0.0,0.0,0.0,0.0,0.0,0.0,0.0,1.0,0.0,0.0,1.0,1.0,0.0,0.0,0.0,1.0,0.0,0.0,0.0
68395ec7a1f9120d4641a4d7,Egg White Veggie Scramble,-0.5357038554079052,0.6597306327376492,-0.5302134952676759,-0.5641135878987954,-0.03383272082346995,-0.24502821975027334,-0.7616742244918879,1.8531311065542913,-0.4549408710817868,-0.30078902244047645,-0.45201072155720706,1.0,0.0,0.0,0.0,0.0,0.0,0.0,1.0,0.0,0.0,0.0,0.0,0.0,0.0,1.0,0.0,0.0,1.0,1.0,0.0,1.0,1.0,1.0,1.0,1.0,1.0,0.0
68395ec7a1f9120d4641a4d8,Shahi Paneer with Lachha Paratha,1.1565985280668836,-0.3223317723660716,0.5289314491176634,0.2696987093512287,0.2831310425613589,1.5986879250860297,-0.39262273189712477,-0.930838514847838,-0.22759446306415954,-0.4559401982442925,0.5938574979593095,1.0,0.0,0.0,0.0,0.0,0.0,0.0,1.0,0.0,0.0,0.0,0.0,0.0,0.0,0.0,1.0,0.0,0.0,0.0,1.0,0.0,0.0,0.0,1.0,0.0,0.0,0.0
68395ec7a1f9120d4641a4d9,Homemade Soya Bean Kebab with Yogurt,-0.49027291893878344,-0.3223317723660716,-0.31838450639060806,-0.5641135878987954,0.2831310425613589,1.5986879250860297,-0.7001656423927608,0.08130187428514556,-0.1483865863922224,-0.35571334048988923,0.38468385405600625,0.0,0.0,1.0,0.0,0.0,0.0,0.0,1.0,0.0,0.0,0.0,0.0,0.0,0.0,0.0,1.0,0.0,0.0,1.0,1.0,0.0,0.0,1.0,1.0,0.0,1.0,0.0
68395ec7a1f9120d4641a4da,Lobia Tikki with Green Chutney,-0.42212651423510067,-0.7000480820213488,-0.10655551751354021,-0.5641135878987954,0.2831310425613589,1.5986879250860297,-0.7616742244918879,-0.6128997535309177,0.11536464183134572,-0.43199711555851844,0.38468385405600625,0.0,0.0,0.0,1.0,0.0,0.0,0.0,1.0,0.0,0.0,0.0,0.0,0.0,0.0,0.0,1.0,0.0,0.0,1.0,1.0,0.0,0.0,1.0,1.0,0.0,0.0,0.0
68395ec7a1f9120d4641a4db,Egg Daal Fry with Chapati,0.6171061574960617,-0.3223317723660716,0.5289314491176634,-0.14720743927378335,0.2831310425613589,1.5986879250860297,0.3454802532924017,-0.7420011780308369,0.04025667617827684,-0.6057826693572493,0.38468385405600625,1.0,0.0,0.0,0.0,0.0,0.0,0.0,1.0,0.0,0.0,0.0,0.0,0.0,0.0,0.0,1.0,0.0,0.0,1.0,0.0,0.0,0.0,0.0,1.0,0.0,0.0,0.0
68395ec7a1f9120d4641a4dc,Chana Pulao,0.6455004927892628,-0.7000480820213488,1.376247404625935,-0.5641135878987954,0.2831310425613589,1.5986879250860297,-0.7616742244918879,-1.1130268330483453,0.7874942533680122,-1.105226414308297,-0.033663433750600415,0.0,1.0,0.0,0.0,0.0,0.0,0.0,1.0,0.0,0.0,0.0,0.0,0.0,0.0,0.0,1.0,0.0,0.0,1.0,1.0,0.0,0.0,0.0,1.0,0.0,1.0,0.0
68395ec7a1f9120d4641a4dd,Creamy Dal Makhni with Buttered Roti,1.1565985280668836,-0.3223317723660716,0.5289314491176634,0.2696987093512287,1.8679498594855033,1.5986879250860297,-0.5156398960953792,-0.930838514847838,-0.22759446306415954,-0.4559401982442925,-1.2468705683897596,0.0,0.0,1.0,0.0,0.0,0.0,0.0,1.0,0.0,0.0,0.0,0.0,0.0,0.0,0.0,1.0,0.0,0.0,1.0,1.0,0.0,0.0,0.0,1.0,0.0,0.0,0.0
68395ec7a1f9120d4641a4de,Chana Masala with Brown Rice,0.6455004927892628,-0.7000480820213488,1.376247404625935,-0.5641135878987954,1.2340223327158455,1.5986879250860297,-0.7616742244918879,-1.1130268330483453,0.7874942533680122,-1.105226414308297,0.5938574979593095,0.0,0.0,1.0,0.0,0.0,0.0,0.0,1.0,0.0,0.0,0.0,0.0,0.0,0.0,1.0,0.0,0.0,0.0,1.0,1.0,0.0,0.0,0.0,1.0,0.0,1.0,0.0
68395ec7a1f9120d4641a4df,Palak Paneer with Makhani Roti,0.2593375328017271,-0.7000480820213488,-0.10655551751354021,-0.14720743927378335,0.2831310425613589,1.5986879250860297,-0.5156398960953792,-0.987790428521068,-0.38315416316265133,-0.36891630155945976,0.38468385405600625,0.0,0.0,1.0,0.0,0.0,0.0,0.0,1.0,0.0,0.0,0.0,0.0,0.0,0.0,0.0,1.0,0.0,0.0,1.0,1.0,0.0,0.0,0.0,1.0,0.0,0.0,0.0
68395ec7a1f9120d4641a4e0,Shakshuka with Desi Roti,0.17415452692212363,-0.7000480820213488,-0.10655551751354021,-0.14720743927378335,-0.35079648420829884,1.5986879250860297,1.2066004026801826,-0.9540502677719543,-0.3382874707131915,-0.30078902244047645,-0.033663433750600415,0.0,1.0,0.0,0.0,0.0,0.0,0.0,1.0,0.0,0.0,0.0,0.0,0.0,0.0,0.0,1.0,0.0,0.0,1.0,0.0,0.0,0.0,0.0,1.0,0.0,0.0,0.0
68395ec7a1f9120d4641a4e1,Masoor Dal with Homemade Chapati,0.3615571398572513,-0.3223317723660716,0.5289314491176634,-0.5641135878987954,1.2340223327158455,1.5986879250860297,-0.7616742244918879,-0.6218585380435498,0.21066970749196287,-0.9867372151384752,0.1755102101527029,0.0,1.0,0.0,0.0,0.0,0.0,0.0,1.0,0.0,0.0,0.0,0.0,0.0,0.0,0.0,1.0,0.0,0.0,1.0,1.0,0.0,0.0,0.0,1.0,0.0,1.0,0.0
68395ec7a1f9120d4641a4e2,Basil Pesto Paneer Tikka,-0.42212651423510067,-0.3223317723660716,-0.9538714730218117,-0.14720743927378335,-0.9847240109779566,1.5986879250860297,-0.5156398960953792,-0.003702406671923485,-1.1807842511530464,0.38805346642924393,0.38468385405600625,0.0,0.0,1.0,0.0,0.0,0.0,0.0,1.0,0.0,0.0,0.0,0.0,0.0,0.0,1.0,0.0,0.0,0.0,1.0,1.0,0.0,0.0,1.0,1.0,0.0,0.0,0.0
68395ec7a1f9120d4641a4e3,Masala Omelette with Paratha,0.003788515162916702,-0.7000480820213488,-0.31838450639060806,-0.14720743927378335,-0.35079648420829884,1.5986879250860297,1.2066004026801826,-0.8777681652087412,-0.49044407988962013,-0.1467621305192966,-0.45201072155720706,1.0,0.0,0.0,0.0,0.0,0.0,0.0,1.0,0.0,0.0,0.0,0.0,0.0,0.0,1.0,0.0,0.0,0.0,1.0,0.0,0.0,0.0,0.0,1.0,0.0,0.0,0.0
68395ec7a1f9120d4641a4e4,Daal Palak with Whole Wheat Roti,0.08897152104252017,-0.7000480820213488,0.10527347136352766,-0.5641135878987954,0.2831310425613589,1.5986879250860297,-0.7616742244918879,-0.9174984269604148,-0.046653969791703304,-0.8420224065523995,0.5938574979593095,0.0,0.0,0.0,1.0,0.0,0.0,0.0,1.0,0.0,0.0,0.0,0.0,0.0,0.0,1.0,0.0,0.0,0.0,1.0,1.0,0.0,0.0,0.0,1.0,0.0,1.0,0.0
68395ec7a1f9120d4641a4e5,Dairy-Rich Fruit Chaat,-1.217167902444733,-1.2288509155387368,-0.23365291083978093,-1.0644009662488099,-0.6677602475931277,-1.0584324012957012,-0.6386570602936336,-1.0721408303938518,1.456380227265198,-0.7095526971543763,-0.6611843654605104,0.0,0.0,0.0,1.0,0.0,0.0,0.0,1.0,0.0,0.0,0.0,0.0,0.0,0.0,1.0,0.0,0.0,1.0,1.0,1.0,0.0,0.0,0.0,0.0,0.0,1.0,0.0
68395ec7a1f9120d4641a4e6,Rabri Doodh with Crushed Nuts,0.2025488622153248,-0.7000480820213488,0.27473666246518197,0.4364611688012335,-0.9847240109779566,-1.0584324012957012,-0.39262273189712477,-0.9655929543440196,0.06078995160042404,0.49163880310138214,-0.033663433750600415,0.0,0.0,0.0,1.0,0.0,0.0,0.0,1.0,0.0,0.0,0.0,0.0,0.0,0.0,1.0,0.0,0.0,0.0,0.0,1.0,0.0,0.0,0.0,0.0,1.0,0.0,0.0
68395ec7a1f9120d4641a4e7,Sheer Khurma with Dates & Vermicelli,0.42970354456093407,-0.7000480820213488,1.376247404625935,0.10293624990122387,-0.35079648420829884,-1.0042054558593392,-0.39262273189712477,-1.0480407155730564,0.9948942477850404,-0.1742669326480787,0.1755102101527029,0.0,0.0,0.0,1.0,0.0,0.0,0.0,1.0,0.0,0.0,0.0,0.0,0.0,0.0,1.0,0.0,0.0,0.0,0.0,1.0,0.0,0.0,0.0,0.0,1.0,0.0,0.0
68395ec7a1f9120d4641a4e8,Zafrani Kheer with Almonds & Pistachios,-0.13818316130308908,-0.8511346058834597,0.8678578313209719,-0.39735112844879056,-0.9847240109779566,-1.0584324012957012,-0.5156398960953792,-1.0088780289892638,1.1198800338942496,-0.4114958510088242,0.5938574979593095,0.0,0.0,0.0,1.0,0.0,0.0,0.0,1.0,0.0,0.0,0.0,0.0,0.0,0.0,1.0,0.0,0.0,0.0,0.0,1.0,0.0,0.0,0.0,0.0,1.0,0.0,0.0
68395ec7a1f9120d4641a4e9,Khoya Barfi with Almond Garnish,0.600069556320141,-0.548961558159238,0.8678578313209719,0.6032236282512383,-0.9847240109779566,-1.0042054558593392,-0.14658840350061594,-0.9540502677719543,0.36163293149838044,0.28964739659071237,-0.24283707765390372,0.0,0.0,0.0,1.0,0.0,0.0,0.0,1.0,0.0,0.0,0.0,0.0,0.0,0.0,1.0,0.0,0.0,0.0,0.0,1.0,0.0,0.0,0.0,0.0,1.0,0.0,0.0
68395ecea1f9120d4641a4ea,Grilled Chicken & Avocado Salad,-0.13818316130308908,1.1885334662550373,-0.7420424841447438,0.10293624990122387,0.2831310425613589,-0.380595583341178,0.2839716711932745,1.7667773826370288,-0.958008660171354,0.4188053632537849,-0.24283707765390372,0.0,1.0,0.0,0.0,0.0,1.0,0.0,0.0,0.0,0.0,0.0,0.0,0.0,0.0,1.0,0.0,0.0,1.0,1.0,1.0,1.0,1.0,1.0,1.0,1.0,0.0,0.0
68395ecea1f9120d4641a4eb,Spicy Tuna Lettuce Wraps,-0.3653378436486983,0.8108171565997601,-0.8267740796955709,-0.39735112844879056,-0.6677602475931277,-0.10946085615936871,-0.3311141497979975,1.6933473452924175,-1.0048783299623076,-0.1742669326480787,-0.6611843654605104,0.0,1.0,0.0,0.0,0.0,1.0,0.0,0.0,0.0,0.0,0.0,0.0,0.0,0.0,1.0,0.0,0.0,1.0,1.0,1.0,0.0,0.0,1.0,1.0,1.0,1.0,0.0
68395ecea1f9120d4641a4ec,Lamb & Rice Pilaf,1.5654769562889803,1.4151632520482036,1.588076393503003,0.9367485471512479,-0.6677602475931277,0.5683759617951544,0.3454802532924017,0.18495225558118442,0.3296473217198946,-0.07223298926711302,0.8030311418626128,0.0,1.0,0.0,0.0,0.0,1.0,0.0,0.0,0.0,0.0,0.0,0.0,0.0,0.0,0.0,1.0,0.0,1.0,1.0,1.0,1.0,1.0,0.0,1.0,0.0,0.0,0.0
68395ecea1f9120d4641a4ed,Turkey & Spinach Omelette,-0.308549173062296,0.6597306327376492,-0.9538714730218117,0.10293624990122387,-0.9847240109779566,-0.10946085615936871,1.8216862236714546,1.3449344784435053,-1.2031316458596741,0.6764850504387327,-0.6611843654605104,1.0,0.0,0.0,0.0,0.0,1.0,0.0,0.0,0.0,0.0,0.0,0.0,0.0,0.0,1.0,0.0,0.0,1.0,1.0,0.0,1.0,1.0,1.0,1.0,1.0,0.0,0.0
68395ecea1f9120d4641a4ee,Salmon & Quinoa Bowl,0.7704355680793479,1.7173362997724253,0.5289314491176634,0.4364611688012335,0.6000948059461878,-0.24502821975027334,0.037937342796765666,1.0471630166598416,-0.046653969791703304,-0.04247308911433136,-0.033663433750600415,0.0,1.0,0.0,0.0,0.0,1.0,0.0,0.0,0.0,0.0,0.0,0.0,0.0,0.0,0.0,1.0,0.0,1.0,1.0,1.0,1.0,1.0,0.0,1.0,1.0,1.0,0.0
68395ecea1f9120d4641a4ef,Chicken Shawarma Wrap,0.600069556320141,1.5662497759103144,0.3171024602405955,0.2696987093512287,-0.03383272082346995,0.16167387102244055,0.40698883539152886,1.0928528176742665,-0.14386513676553261,-0.10397688276341331,-0.24283707765390372,0.0,1.0,0.0,0.0,0.0,1.0,0.0,0.0,0.0,0.0,0.0,0.0,0.0,0.0,1.0,0.0,0.0,0.0,1.0,1.0,0.0,0.0,0.0,1.0,0.0,0.0,0.0
68395ecea1f9120d4641a4f0,Beef Stuffed Bell Peppers,1.338322273943371,1.9439660855655918,0.10527347136352766,1.2702734660512576,0.2831310425613589,0.4328085982042498,0.4684974174906561,0.7210323680396389,-0.5997519887807327,0.37108690266397987,0.5938574979593095,0.0,1.0,0.0,0.0,0.0,1.0,0.0,0.0,0.0,0.0,0.0,0.0,0.0,0.0,0.0,1.0,0.0,0.0,1.0,1.0,0.0,0.0,0.0,1.0,0.0,0.0,0.0
68395ecea1f9120d4641a4f1,Egg & Chicken Stir-Fry,-0.024605820130284454,1.2640767281860927,-0.5302134952676759,0.10293624990122387,-0.35079648420829884,0.2972412346133452,1.637160477374073,1.6518809712625198,-0.7328504425481461,0.27228161956038327,-0.45201072155720706,0.0,1.0,0.0,0.0,0.0,1.0,0.0,0.0,0.0,0.0,0.0,0.0,0.0,0.0,1.0,0.0,0.0,1.0,1.0,0.0,1.0,1.0,1.0,1.0,0.0,0.0,0.0
68395ecea1f9120d4641a4f2,Lamb Meatballs with Couscous,0.9975902504249572,1.4151632520482036,0.9525894268717991,0.6866048579762407,-0.03383272082346995,0.16167387102244055,0.6530231637880377,0.5726920061254328,0.17767949245559553,0.05687919293418619,0.38468385405600625,0.0,1.0,0.0,0.0,0.0,1.0,0.0,0.0,0.0,0.0,0.0,0.0,0.0,0.0,0.0,1.0,0.0,0.0,1.0,0.0,0.0,0.0,0.0,1.0,0.0,0.0,0.0
68395ecea1f9120d4641a4f3,Beef & Mushroom Stir-Fry,0.2025488622153248,1.7173362997724253,-0.6573108885939167,0.10293624990122387,-0.03383272082346995,0.4328085982042498,0.22246308909414728,1.8046518229516173,-0.9522527358110615,0.025504788076759537,-0.45201072155720706,0.0,1.0,0.0,0.0,0.0,1.0,0.0,0.0,0.0,0.0,0.0,0.0,0.0,0.0,1.0,0.0,0.0,1.0,1.0,1.0,1.0,1.0,1.0,1.0,0.0,0.0,0.0
68395ecea1f9120d4641a4f4,Cheesy Chicken Quesadilla,0.9975902504249572,1.9439660855655918,0.10527347136352766,0.9367485471512479,-0.03383272082346995,0.5683759617951544,0.5915145816889105,1.0155316159575478,-0.4953208942863005,0.3123564896303736,-0.24283707765390372,0.0,1.0,0.0,0.0,0.0,1.0,0.0,0.0,0.0,0.0,0.0,0.0,0.0,0.0,0.0,1.0,0.0,0.0,1.0,1.0,0.0,0.0,0.0,1.0,0.0,0.0,0.0
68395ecea1f9120d4641a4f5,Tuna & White Bean Salad,-0.19497183188949138,0.9619036804618709,-0.10655551751354021,-0.5641135878987954,0.6000948059461878,0.026106507431535916,-0.45413131399625195,1.564489473307036,-0.09369163123065298,-0.6436230722005214,-0.8703580093638137,0.0,1.0,0.0,0.0,0.0,1.0,0.0,0.0,0.0,0.0,0.0,0.0,0.0,0.0,1.0,0.0,0.0,1.0,1.0,1.0,1.0,1.0,0.0,1.0,1.0,1.0,0.0
68395ecea1f9120d4641a4f6,Lamb Chops with Mint Sauce,1.3951109445297734,2.170595871358758,-0.8267740796955709,2.1040857633012817,-0.9847240109779566,-0.10946085615936871,0.8990574921845466,0.8450437274265397,-1.2675603211070863,1.0802317542765416,-0.033663433750600415,0.0,1.0,0.0,0.0,0.0,1.0,0.0,0.0,0.0,0.0,0.0,0.0,0.0,0.0,0.0,1.0,0.0,1.0,1.0,1.0,0.0,0.0,1.0,1.0,1.0,0.0,0.0
68395ecea1f9120d4641a4f7,Turkey & Avocado Sandwich,0.3161262033881294,1.1885334662550373,0.3171024602405955,-0.14720743927378335,1.2340223327158455,0.2972412346133452,-0.20809698559974316,1.0471630166598416,0.02625440543866874,-0.4114958510088242,-0.6611843654605104,0.0,1.0,0.0,0.0,0.0,1.0,0.0,0.0,0.0,0.0,0.0,0.0,0.0,0.0,1.0,0.0,0.0,0.0,1.0,1.0,1.0,1.0,0.0,1.0,0.0,0.0,0.0
68395ecea1f9120d4641a4f8,Salmon & Asparagus Foil Pack,0.600069556320141,1.5662497759103144,-0.7420424841447438,0.9367485471512479,-0.35079648420829884,-0.24502821975027334,0.22246308909414728,1.0928528176742665,-1.1159768065038267,0.6832716759448386,-0.24283707765390372,0.0,1.0,0.0,0.0,0.0,1.0,0.0,0.0,0.0,0.0,0.0,0.0,0.0,0.0,0.0,1.0,0.0,1.0,1.0,1.0,1.0,1.0,1.0,1.0,1.0,0.0,0.0
68395ecea1f9120d4641a4f9,Spicy Chicken Lettuce Cups,-0.13818316130308908,1.4151632520482036,-0.8267740796955709,-0.14720743927378335,-0.6677602475931277,-0.10946085615936871,0.3454802532924017,2.0751835394843945,-1.0673712230169121,0.0036547561224803773,-0.45201072155720706,0.0,1.0,0.0,0.0,0.0,1.0,0.0,0.0,0.0,0.0,0.0,0.0,0.0,0.0,1.0,0.0,0.0,1.0,1.0,1.0,1.0,1.0,1.0,1.0,1.0,0.0,0.0
68395ecea1f9120d4641a4fa,Beef & Broccoli Noodles,0.7704355680793479,1.2640767281860927,0.7407604379947312,0.10293624990122387,-0.03383272082346995,0.5683759617951544,-0.023571239302361536,0.6359548075300205,0.13561696828422692,-0.4114958510088242,-0.033663433750600415,0.0,1.0,0.0,0.0,0.0,1.0,0.0,0.0,0.0,0.0,0.0,0.0,0.0,0.0,0.0,1.0,0.0,0.0,1.0,1.0,1.0,1.0,0.0,1.0,0.0,0.0,0.0
68395ecea1f9120d4641a4fb,Egg & Beef Breakfast Burrito,0.8840129092521526,1.5662497759103144,0.5289314491176634,0.4364611688012335,-0.35079648420829884,0.4328085982042498,2.80582353725749,0.8004380911819491,-0.10498066997600085,-0.12365809673111962,-0.45201072155720706,1.0,0.0,0.0,0.0,0.0,1.0,0.0,0.0,0.0,0.0,0.0,0.0,0.0,0.0,0.0,1.0,0.0,0.0,1.0,0.0,0.0,0.0,0.0,1.0,0.0,0.0,0.0
68395ecea1f9120d4641a4fc,Grilled Fish with Lemon Herb Quinoa,0.42970354456093407,1.8684228236345364,0.3171024602405955,-0.14720743927378335,0.2831310425613589,-0.24502821975027334,-0.023571239302361536,1.615021972124833,-0.046653969791703304,-0.49057215712907265,0.1755102101527029,0.0,1.0,0.0,0.0,0.0,1.0,0.0,0.0,0.0,0.0,0.0,0.0,0.0,0.0,1.0,0.0,0.0,1.0,1.0,1.0,1.0,1.0,0.0,1.0,1.0,1.0,0.0
68395ecea1f9120d4641a4fd,Chicken & Hummus Plate,0.2593375328017271,1.7173362997724253,0.10527347136352766,-0.14720743927378335,0.6000948059461878,0.16167387102244055,0.2839716711932745,1.7114224314080144,-0.15882070091535247,-0.36891630155945976,-0.45201072155720706,1.0,0.0,0.0,0.0,0.0,1.0,0.0,0.0,0.0,0.0,0.0,0.0,0.0,0.0,1.0,0.0,0.0,0.0,1.0,1.0,0.0,0.0,0.0,1.0,0.0,0.0,0.0
68395ecea1f9120d4641a4fe,Beef & Eggplant Casserole,1.338322273943371,2.170595871358758,-0.10655551751354021,1.5204171552262646,0.6000948059461878,0.5683759617951544,0.714531745887165,0.891187489058875,-0.7505969030504679,0.6001355134950447,0.8030311418626128,0.0,1.0,0.0,0.0,0.0,1.0,0.0,0.0,0.0,0.0,0.0,0.0,0.0,0.0,0.0,1.0,0.0,0.0,1.0,1.0,0.0,0.0,0.0,1.0,0.0,0.0,0.0
68395ecea1f9120d4641a4ff,Turkey & Cheese Roll-Ups,-0.3653378436486983,0.9619036804618709,-0.9538714730218117,-0.06382620954878093,-0.9847240109779566,0.5683759617951544,0.22246308909414728,1.9283234647951726,-1.1923570091261213,0.458343516313909,-0.8703580093638137,1.0,0.0,0.0,0.0,0.0,1.0,0.0,0.0,0.0,0.0,0.0,0.0,0.0,0.0,1.0,0.0,0.0,1.0,1.0,1.0,0.0,0.0,1.0,1.0,0.0,0.0,0.0
68395ecea1f9120d4641a500,Lamb & Chickpea Curry,1.7358429680481873,2.321682395220869,1.164418415748867,1.1035110066012528,2.501877386255161,0.2972412346133452,0.5915145816889105,0.6992176089346086,-0.024220623566973278,-0.028279905964542943,1.639725717475826,0.0,0.0,1.0,0.0,0.0,1.0,0.0,0.0,0.0,0.0,0.0,0.0,0.0,0.0,0.0,1.0,0.0,1.0,1.0,1.0,1.0,1.0,0.0,1.0,0.0,0.0,0.0
68395ecea1f9120d4641a501,Egg & Beef Stuffed Tomatoes,-0.13818316130308908,1.1885334662550373,-0.5302134952676759,0.10293624990122387,-0.03383272082346995,-0.10946085615936871,2.6828063730592353,1.7667773826370288,-0.6846022530574588,0.4188053632537849,0.1755102101527029,1.0,0.0,0.0,0.0,0.0,1.0,0.0,0.0,0.0,0.0,0.0,0.0,0.0,0.0,1.0,0.0,0.0,1.0,1.0,0.0,1.0,1.0,1.0,1.0,1.0,0.0,0.0
68395ecea1f9120d4641a502,Salmon & Spinach Pasta,0.9975902504249572,1.9439660855655918,1.376247404625935,0.4364611688012335,1.2340223327158455,0.026106507431535916,0.2839716711932745,1.0155316159575478,0.5141796858265435,-0.1985981037620015,-0.033663433750600415,0.0,0.0,1.0,0.0,0.0,1.0,0.0,0.0,0.0,0.0,0.0,0.0,0.0,0.0,0.0,1.0,0.0,0.0,1.0,1.0,0.0,0.0,0.0,1.0,0.0,0.0,0.0
68395ecea1f9120d4641a503,Spicy Chicken & Zucchini,0.03218285045611786,1.5662497759103144,-0.6573108885939167,0.10293624990122387,-0.35079648420829884,-0.24502821975027334,0.3454802532924017,1.9283234647951726,-0.90488970107494,0.20529933672911407,-0.24283707765390372,1.0,0.0,0.0,0.0,0.0,1.0,0.0,0.0,0.0,0.0,0.0,0.0,0.0,0.0,1.0,0.0,0.0,1.0,1.0,1.0,1.0,1.0,1.0,1.0,1.0,0.0,0.0
68395ecea1f9120d4641a504,Beef & Potato Skillet,1.111167591597762,1.7173362997724253,0.9525894268717991,0.6866048579762407,0.6000948059461878,0.026106507431535916,0.3454802532924017,0.7273344095588697,0.11536464183134572,-0.021971824564637102,0.5938574979593095,1.0,0.0,0.0,0.0,0.0,1.0,0.0,0.0,0.0,0.0,0.0,0.0,0.0,0.0,0.0,1.0,0.0,1.0,1.0,1.0,1.0,1.0,0.0,1.0,1.0,0.0,0.0
68395ecea1f9120d4641a505,Tuna & Egg Salad,-0.19497183188949138,1.2640767281860927,-0.9538714730218117,0.10293624990122387,-0.9847240109779566,0.2972412346133452,1.6986690594732001,1.988962463376529,-1.2225955057654463,0.4991570936662956,-0.6611843654605104,1.0,0.0,0.0,0.0,0.0,1.0,0.0,0.0,0.0,0.0,0.0,0.0,0.0,0.0,1.0,0.0,0.0,1.0,1.0,0.0,0.0,0.0,1.0,1.0,0.0,0.0,0.0
68395ecea1f9120d4641a506,Lamb & Feta Stuffed Peppers,1.2815336033569686,2.0195093474966472,0.10527347136352766,1.5204171552262646,1.2340223327158455,0.4328085982042498,0.5915145816889105,0.8235234643260794,-0.5838735767523395,0.6470168081095902,0.8030311418626128,0.0,0.0,1.0,0.0,0.0,1.0,0.0,0.0,0.0,0.0,0.0,0.0,0.0,0.0,0.0,1.0,0.0,1.0,1.0,1.0,0.0,0.0,0.0,1.0,0.0,0.0,0.0
68395ecea1f9120d4641a507,Chicken Fajita Bowl,0.7704355680793479,1.8684228236345364,0.7407604379947312,0.10293624990122387,0.9170585693310167,0.16167387102244055,0.2839716711932745,1.1842324197031153,0.13561696828422692,-0.4114958510088242,-0.033663433750600415,1.0,0.0,0.0,0.0,0.0,1.0,0.0,0.0,0.0,0.0,0.0,0.0,0.0,0.0,1.0,0.0,0.0,1.0,1.0,1.0,1.0,1.0,0.0,1.0,1.0,0.0,0.0
68395ecea1f9120d4641a508,Beef & Barley Soup,0.9975902504249572,1.4151632520482036,1.164418415748867,0.2696987093512287,1.8679498594855033,0.8395106889769637,0.2839716711932745,0.5726920061254328,0.3459295891410694,-0.36891630155945976,3.7314621565088593,1.0,0.0,0.0,0.0,0.0,1.0,0.0,0.0,0.0,0.0,0.0,0.0,0.0,0.0,0.0,1.0,0.0,0.0,1.0,1.0,1.0,1.0,0.0,1.0,0.0,0.0,0.0
68395ecea1f9120d4641a509,Egg & Turkey Breakfast Muffins,-0.308549173062296,0.6597306327376492,-0.9538714730218117,0.10293624990122387,-0.9847240109779566,0.16167387102244055,3.4209093582487617,1.3449344784435053,-1.2031316458596741,0.6764850504387327,-0.24283707765390372,1.0,0.0,0.0,0.0,0.0,1.0,0.0,0.0,0.0,0.0,0.0,0.0,0.0,0.0,1.0,0.0,0.0,1.0,1.0,0.0,1.0,1.0,1.0,1.0,0.0,0.0,0.0
68395ecea1f9120d4641a50a,Grilled Lamb Koftas,1.338322273943371,1.7173362997724253,-0.31838450639060806,1.9373233038512767,-0.35079648420829884,0.026106507431535916,0.714531745887165,0.5508772470204026,-0.9014418173202033,0.9818831982134857,-0.033663433750600415,0.0,0.0,1.0,0.0,0.0,1.0,0.0,0.0,0.0,0.0,0.0,0.0,0.0,0.0,0.0,1.0,0.0,1.0,1.0,1.0,1.0,1.0,0.0,1.0,1.0,0.0,0.0
68395ecea1f9120d4641a50b,Tuna & Cucumber Bites,-0.7060698671671122,0.43310084694448286,-0.8267740796955709,-0.5641135878987954,-0.6677602475931277,-0.10946085615936871,-0.39262273189712477,1.9069619993858313,-0.868530199661352,-0.05924685101862626,-0.8703580093638137,0.0,0.0,0.0,1.0,0.0,1.0,0.0,0.0,0.0,0.0,0.0,0.0,0.0,0.0,1.0,0.0,0.0,1.0,1.0,1.0,0.0,0.0,1.0,1.0,1.0,1.0,0.0
68395ecea1f9120d4641a50c,Chicken & Mushroom Risotto,1.1679562621841642,1.5662497759103144,1.588076393503003,0.10293624990122387,-0.03383272082346995,0.5683759617951544,0.3454802532924017,0.5611896785973257,0.5631251684986813,-0.622845251002943,0.5938574979593095,1.0,0.0,0.0,0.0,0.0,1.0,0.0,0.0,0.0,0.0,0.0,0.0,0.0,0.0,0.0,1.0,0.0,0.0,1.0,1.0,0.0,0.0,0.0,1.0,0.0,0.0,0.0
68395ecea1f9120d4641a50d,Beef & Egg Breakfast Skillet,0.42970354456093407,1.2640767281860927,-0.7420424841447438,0.9367485471512479,-0.6677602475931277,0.026106507431535916,2.80582353725749,0.988418986784153,-1.088202187368447,0.8800838156219012,-0.45201072155720706,1.0,0.0,0.0,0.0,0.0,1.0,0.0,0.0,0.0,0.0,0.0,0.0,0.0,0.0,1.0,0.0,0.0,1.0,1.0,0.0,1.0,1.0,1.0,1.0,1.0,0.0,0.0
68395ecea1f9120d4641a50e,Lamb & Couscous Stuffed Tomatoes,0.9408015798385548,1.4151632520482036,0.7407604379947312,0.4364611688012335,0.6000948059461878,-0.10946085615936871,0.22246308909414728,0.6198289954072824,0.03912058930285225,-0.16186280619784366,0.38468385405600625,0.0,0.0,1.0,0.0,0.0,1.0,0.0,0.0,0.0,0.0,0.0,0.0,0.0,0.0,0.0,1.0,0.0,0.0,1.0,1.0,1.0,1.0,0.0,1.0,1.0,0.0,0.0
68395ecea1f9120d4641a50f,Salmon & Quinoa Salad,0.2593375328017271,1.1885334662550373,0.10527347136352766,0.10293624990122387,0.2831310425613589,-0.24502821975027334,0.09944592489589286,1.1209696182985276,-0.15882070091535247,-0.028279905964542943,-0.24283707765390372,1.0,0.0,0.0,0.0,0.0,1.0,0.0,0.0,0.0,0.0,0.0,0.0,0.0,0.0,1.0,0.0,0.0,1.0,1.0,1.0,1.0,1.0,0.0,1.0,1.0,1.0,0.0
68395ecea1f9120d4641a510,Turkey & Sweet Potato Shepherd's Pie,1.3951109445297734,1.9439660855655918,1.376247404625935,0.6866048579762407,1.8679498594855033,0.2972412346133452,0.40698883539152886,0.6777725915093246,0.27463717529129245,-0.1957113546467903,1.2213784296692196,1.0,0.0,0.0,0.0,0.0,1.0,0.0,0.0,0.0,0.0,0.0,0.0,0.0,0.0,0.0,1.0,0.0,0.0,1.0,1.0,0.0,0.0,0.0,1.0,0.0,0.0,0.0
68395ecea1f9120d4641a511,Spicy Chicken & Lentil Stew,0.42970354456093407,2.170595871358758,0.5289314491176634,-0.39735112844879056,2.501877386255161,0.16167387102244055,0.3454802532924017,1.9283234647951726,0.16165567372364545,-0.806877381610067,0.8030311418626128,0.0,0.0,1.0,0.0,0.0,1.0,0.0,0.0,0.0,0.0,0.0,0.0,0.0,0.0,1.0,0.0,0.0,1.0,1.0,1.0,1.0,1.0,0.0,1.0,1.0,0.0,0.0
68395ecea1f9120d4641a512,Beef & Cheese Stuffed Shells,1.508688285702578,2.4727689190829794,0.7407604379947312,1.1035110066012528,-0.03383272082346995,0.8395106889769637,0.714531745887165,0.9730107166528246,-0.2139846670417375,0.10574097099083395,1.0122047857659162,0.0,0.0,1.0,0.0,0.0,1.0,0.0,0.0,0.0,0.0,0.0,0.0,0.0,0.0,0.0,1.0,0.0,0.0,1.0,1.0,0.0,0.0,0.0,1.0,0.0,0.0,0.0
68395ecea1f9120d4641a513,Egg & Salmon Breakfast Wrap,0.2025488622153248,1.1885334662550373,-0.10655551751354021,0.10293624990122387,-0.35079648420829884,0.2972412346133452,2.6828063730592353,1.1986607779181968,-0.3536366023406383,0.025504788076759537,-0.6611843654605104,1.0,0.0,0.0,0.0,0.0,1.0,0.0,0.0,0.0,0.0,0.0,0.0,0.0,0.0,1.0,0.0,0.0,0.0,1.0,0.0,1.0,1.0,0.0,1.0,0.0,0.0,0.0
68395ecea1f9120d4641a514,Lamb & Potato Tagine,1.9062089798073942,2.699398704876146,1.376247404625935,1.2702734660512576,1.2340223327158455,0.2972412346133452,0.9605660742836738,0.8294645530028777,0.03912058930285225,0.011794964105447106,3.7314621565088593,0.0,0.0,1.0,0.0,0.0,1.0,0.0,0.0,0.0,0.0,0.0,0.0,0.0,0.0,0.0,1.0,0.0,0.0,1.0,1.0,1.0,1.0,0.0,1.0,0.0,0.0,0.0
68395ecea1f9120d4641a515,Turkey & Avocado Lettuce Wraps,-0.13818316130308908,1.4151632520482036,-0.6573108885939167,-0.06382620954878093,0.2831310425613589,-0.10946085615936871,0.22246308909414728,2.0751835394843945,-0.848646097325796,0.1420382918329153,-0.45201072155720706,0.0,0.0,1.0,0.0,0.0,1.0,0.0,0.0,0.0,0.0,0.0,0.0,0.0,0.0,1.0,0.0,0.0,1.0,1.0,1.0,1.0,1.0,1.0,1.0,1.0,0.0,0.0
68395ecea1f9120d4641a516,Beef & Mushroom Stroganoff,1.338322273943371,2.321682395220869,0.10527347136352766,1.5204171552262646,-0.35079648420829884,0.4328085982042498,0.8375489100854194,1.0046242364050328,-0.5997519887807327,0.6001355134950447,0.38468385405600625,0.0,0.0,1.0,0.0,0.0,1.0,0.0,0.0,0.0,0.0,0.0,0.0,0.0,0.0,0.0,1.0,0.0,0.0,1.0,1.0,0.0,0.0,0.0,1.0,0.0,0.0,0.0
68395ecea1f9120d4641a517,Chicken & Rice Casserole,1.5654769562889803,2.699398704876146,0.9525894268717991,0.9367485471512479,-0.03383272082346995,0.7039433253860591,0.9605660742836738,1.0869573594788569,-0.09369163123065298,-0.07223298926711302,1.0122047857659162,0.0,0.0,1.0,0.0,0.0,1.0,0.0,0.0,0.0,0.0,0.0,0.0,0.0,0.0,0.0,1.0,0.0,0.0,1.0,1.0,0.0,0.0,0.0,1.0,0.0,0.0,0.0
68395ecea1f9120d4641a518,Egg & Beef Breakfast Hash,0.9975902504249572,1.7173362997724253,0.3171024602405955,0.9367485471512479,-0.03383272082346995,0.026106507431535916,3.543926522447016,0.8257432117437843,-0.32707079760082663,0.3123564896303736,0.1755102101527029,1.0,0.0,0.0,0.0,0.0,1.0,0.0,0.0,0.0,0.0,0.0,0.0,0.0,0.0,1.0,0.0,0.0,1.0,1.0,0.0,1.0,1.0,0.0,1.0,0.0,0.0,0.0
68395ecea1f9120d4641a519,Grilled Chicken & Halloumi Skewers,0.7704355680793479,2.4727689190829794,-0.8267740796955709,0.9367485471512479,-0.6677602475931277,0.5683759617951544,0.714531745887165,1.7325100318762103,-1.2131879734776563,0.5110610537274084,-0.24283707765390372,0.0,0.0,1.0,0.0,0.0,1.0,0.0,0.0,0.0,0.0,0.0,0.0,0.0,0.0,1.0,0.0,0.0,1.0,1.0,1.0,0.0,0.0,1.0,1.0,0.0,0.0,0.0
68395ecea1f9120d4641a51a,Beef & Lentil Shepherd's Pie,0.9975902504249572,2.170595871358758,0.5289314491176634,0.4364611688012335,2.501877386255161,0.16167387102244055,0.22246308909414728,1.2053200201713115,-0.15882070091535247,-0.1985981037620015,1.0122047857659162,0.0,0.0,1.0,0.0,0.0,1.0,0.0,0.0,0.0,0.0,0.0,0.0,0.0,0.0,0.0,1.0,0.0,0.0,1.0,1.0,0.0,0.0,0.0,1.0,0.0,0.0,0.0
68395ecea1f9120d4641a51b,Smoked Salmon & Egg Scramble,0.03218285045611786,0.9619036804618709,-0.9538714730218117,0.6032236282512383,-1.3016877743627855,0.8395106889769637,3.4209093582487617,1.1763998823863568,-1.254849902180726,0.9644318754834995,-0.6611843654605104,1.0,0.0,0.0,0.0,0.0,1.0,0.0,0.0,0.0,0.0,0.0,0.0,0.0,0.0,1.0,0.0,0.0,1.0,1.0,0.0,0.0,0.0,1.0,1.0,0.0,0.0,0.0
68395ecea1f9120d4641a51c,Lamb & Feta Stuffed Zucchini,1.2815336033569686,2.0195093474966472,-0.31838450639060806,1.770560844401272,0.2831310425613589,0.5683759617951544,0.8375489100854194,0.8235234643260794,-0.8908562093012745,0.8800838156219012,0.5938574979593095,0.0,0.0,1.0,0.0,0.0,1.0,0.0,0.0,0.0,0.0,0.0,0.0,0.0,0.0,0.0,1.0,0.0,1.0,1.0,1.0,0.0,0.0,1.0,1.0,0.0,0.0,0.0
68395ecea1f9120d4641a51d,Herbed Turkey & Hummus Wraps,0.2593375328017271,1.4151632520482036,0.3171024602405955,-0.14720743927378335,0.6000948059461878,0.4328085982042498,-0.023571239302361536,1.374020823916879,0.06551276133194611,-0.36891630155945976,-0.8703580093638137,0.0,0.0,1.0,0.0,0.0,1.0,0.0,0.0,0.0,0.0,0.0,0.0,0.0,0.0,1.0,0.0,0.0,0.0,0.0,1.0,0.0,0.0,0.0,1.0,0.0,0.0,0.0
68395ecea1f9120d4641a51e,Beef & Mushroom Barley Soup,1.338322273943371,1.7173362997724253,1.164418415748867,0.6866048579762407,1.8679498594855033,0.8395106889769637,0.3454802532924017,0.5508772470204026,0.15447258256794377,-0.1633598559418376,2.4764202930890393,0.0,0.0,1.0,0.0,0.0,1.0,0.0,0.0,0.0,0.0,0.0,0.0,0.0,0.0,0.0,1.0,0.0,0.0,1.0,1.0,1.0,1.0,0.0,1.0,0.0,0.0,0.0
68395ecea1f9120d4641a51f,Tuna & Avocado Stuffed Eggs,-0.308549173062296,0.3575575850134274,-0.8267740796955709,0.10293624990122387,-0.35079648420829884,0.026106507431535916,3.2978921940505073,0.891187489058875,-1.0221177487359916,0.6764850504387327,-0.45201072155720706,0.0,0.0,1.0,0.0,0.0,1.0,0.0,0.0,0.0,0.0,0.0,0.0,0.0,0.0,1.0,0.0,0.0,1.0,1.0,0.0,1.0,1.0,1.0,1.0,0.0,0.0,0.0
68395ecea1f9120d4641a520,Chicken & Spinach Stuffed Portobellos,0.600069556320141,2.170595871358758,-0.5302134952676759,0.6866048579762407,-0.03383272082346995,0.2972412346133452,0.714531745887165,1.677682270658901,-0.921554472556168,0.38805346642924393,0.1755102101527029,0.0,0.0,1.0,0.0,0.0,1.0,0.0,0.0,0.0,0.0,0.0,0.0,0.0,0.0,0.0,1.0,0.0,1.0,1.0,1.0,0.0,0.0,1.0,1.0,0.0,0.0,0.0
68395ecea1f9120d4641a521,Egg & Beef Bibimbap,0.9408015798385548,1.5662497759103144,1.164418415748867,0.10293624990122387,0.2831310425613589,0.5683759617951544,2.0677205520679633,0.7488354923891871,0.38221882568107374,-0.5091783468044254,-0.033663433750600415,0.0,0.0,1.0,0.0,0.0,1.0,0.0,0.0,0.0,0.0,0.0,0.0,0.0,0.0,1.0,0.0,0.0,0.0,1.0,0.0,1.0,1.0,0.0,1.0,0.0,0.0,0.0
68395ecea1f9120d4641a522,Lamb & Chickpea Tagine,1.9629976503937965,3.077115014531423,1.376247404625935,1.2702734660512576,2.501877386255161,0.5683759617951544,0.9605660742836738,1.0292843988715885,0.016744617365142007,-0.018406387251647036,3.7314621565088593,0.0,0.0,1.0,0.0,0.0,1.0,0.0,0.0,0.0,0.0,0.0,0.0,0.0,0.0,0.0,1.0,0.0,0.0,1.0,1.0,1.0,1.0,0.0,1.0,0.0,0.0,0.0
68395ecea1f9120d4641a523,Chicken Souvlaki Bowl,0.8272242386657502,2.321682395220869,0.3171024602405955,0.2696987093512287,0.2831310425613589,0.16167387102244055,0.8375489100854194,1.5255072599333073,-0.25496361330705203,-0.26463985392836264,-0.033663433750600415,0.0,0.0,1.0,0.0,0.0,1.0,0.0,0.0,0.0,0.0,0.0,0.0,0.0,0.0,1.0,0.0,0.0,0.0,1.0,1.0,0.0,0.0,0.0,1.0,0.0,0.0,0.0
68395ecea1f9120d4641a524,Beef & Sweet Potato Shepherd's Pie,1.5654769562889803,1.9439660855655918,1.588076393503003,0.9367485471512479,1.8679498594855033,0.2972412346133452,0.4684974174906561,0.5563661218919909,0.3296473217198946,-0.07223298926711302,1.2213784296692196,0.0,0.0,1.0,0.0,0.0,1.0,0.0,0.0,0.0,0.0,0.0,0.0,0.0,0.0,0.0,1.0,0.0,0.0,1.0,1.0,0.0,0.0,0.0,1.0,0.0,0.0,0.0
68395ecea1f9120d4641a525,Smoked Salmon Omelette,0.2025488622153248,1.1885334662550373,-0.9538714730218117,0.7699860877012431,-1.3016877743627855,0.7039433253860591,3.543926522447016,1.1986607779181968,-1.2745844999874434,0.9577728181260052,-0.6611843654605104,1.0,0.0,0.0,0.0,0.0,1.0,0.0,0.0,0.0,0.0,0.0,0.0,0.0,0.0,1.0,0.0,0.0,1.0,1.0,0.0,0.0,0.0,1.0,1.0,0.0,0.0,0.0
68395ecea1f9120d4641a526,Lamb & Eggplant Moussaka,2.076574991566601,2.4727689190829794,0.5289314491176634,2.3542294524762886,1.2340223327158455,0.8395106889769637,1.0835832384819282,0.5780381583568064,-0.5190180910025645,0.7345537123395661,1.8488993613791294,0.0,0.0,1.0,0.0,0.0,1.0,0.0,0.0,0.0,0.0,0.0,0.0,0.0,0.0,0.0,1.0,0.0,0.0,1.0,1.0,0.0,0.0,0.0,1.0,0.0,0.0,0.0
68395ecea1f9120d4641a527,Turkey & Avocado Wrap,0.3729148739745317,1.4151632520482036,0.10527347136352766,0.10293624990122387,0.6000948059461878,0.2972412346133452,0.09944592489589286,1.217663981420987,-0.22447927523163516,-0.12797836321183564,-0.8703580093638137,0.0,0.0,0.0,1.0,0.0,1.0,0.0,0.0,0.0,0.0,0.0,0.0,0.0,0.0,1.0,0.0,0.0,0.0,1.0,1.0,1.0,1.0,0.0,1.0,0.0,0.0,0.0
68395ecea1f9120d4641a528,Beef & Mushroom Risotto,1.3951109445297734,2.170595871358758,1.7999053823800708,0.4364611688012335,-0.03383272082346995,0.5683759617951544,0.4684974174906561,0.8450437274265397,0.5712136169063652,-0.4208777856332606,0.8030311418626128,0.0,0.0,0.0,1.0,0.0,1.0,0.0,0.0,0.0,0.0,0.0,0.0,0.0,0.0,0.0,1.0,0.0,0.0,1.0,1.0,0.0,0.0,0.0,1.0,0.0,0.0,0.0
68395ecea1f9120d4641a529,Tuna & Chickpea Salad,-0.08139449071668677,1.1885334662550373,-0.10655551751354021,-0.39735112844879056,0.9170585693310167,0.16167387102244055,-0.39262273189712477,1.6577449029435156,-0.17921465202874332,-0.4618171367217097,-0.6611843654605104,0.0,0.0,0.0,1.0,0.0,1.0,0.0,0.0,0.0,0.0,0.0,0.0,0.0,0.0,1.0,0.0,0.0,0.0,1.0,1.0,1.0,1.0,0.0,1.0,0.0,0.0,0.0
68395ecea1f9120d4641a52a,Chicken & Broccoli Alfredo,0.9975902504249572,2.699398704876146,0.9525894268717991,0.2696987093512287,0.6000948059461878,0.4328085982042498,0.9605660742836738,1.6481596300034265,0.17767949245559553,-0.36891630155945976,0.1755102101527029,0.0,0.0,0.0,1.0,0.0,1.0,0.0,0.0,0.0,0.0,0.0,0.0,0.0,0.0,0.0,1.0,0.0,0.0,1.0,1.0,0.0,0.0,0.0,1.0,0.0,0.0,0.0
68395ecea1f9120d4641a52b,Egg & Beef Breakfast Tacos,0.600069556320141,1.5662497759103144,0.3171024602405955,0.2696987093512287,-0.03383272082346995,0.2972412346133452,2.6828063730592353,1.0928528176742665,-0.14386513676553261,-0.10397688276341331,-0.45201072155720706,1.0,0.0,0.0,0.0,0.0,1.0,0.0,0.0,0.0,0.0,0.0,0.0,0.0,0.0,1.0,0.0,0.0,1.0,1.0,0.0,1.0,1.0,0.0,1.0,0.0,0.0,0.0
68395ecea1f9120d4641a52c,Chicken Shawarma Bowl,0.9975902504249572,2.699398704876146,0.7407604379947312,0.2696987093512287,0.9170585693310167,0.2972412346133452,0.9605660742836738,1.6481596300034265,0.009429395770121403,-0.36891630155945976,0.1755102101527029,0.0,0.0,0.0,1.0,0.0,1.0,0.0,0.0,0.0,0.0,0.0,0.0,0.0,0.0,0.0,1.0,0.0,0.0,1.0,1.0,1.0,1.0,0.0,1.0,0.0,0.0,0.0
68395ecea1f9120d4641a52d,Beef and Bean Chili,0.7704355680793479,1.7173362997724253,0.5289314491176634,0.4364611688012335,2.501877386255161,0.5683759617951544,0.3454802532924017,1.0471630166598416,-0.046653969791703304,-0.04247308911433136,1.4305520735725226,0.0,0.0,0.0,1.0,0.0,1.0,0.0,0.0,0.0,0.0,0.0,0.0,0.0,0.0,1.0,0.0,0.0,0.0,1.0,1.0,1.0,1.0,0.0,1.0,0.0,0.0,0.0
68395ecea1f9120d4641a52e,Salmon and Asparagus Packets,0.3729148739745317,1.4151632520482036,-0.5302134952676759,0.6866048579762407,-0.03383272082346995,0.026106507431535916,0.22246308909414728,1.217663981420987,-0.8646503748153899,0.6280682709134673,-0.24283707765390372,0.0,0.0,0.0,1.0,0.0,1.0,0.0,0.0,0.0,0.0,0.0,0.0,0.0,0.0,1.0,0.0,0.0,1.0,1.0,1.0,1.0,1.0,1.0,1.0,0.0,0.0,0.0
68395ecea1f9120d4641a52f,Lamb and Rice Stuffed Peppers,1.338322273943371,1.9439660855655918,1.164418415748867,0.9367485471512479,0.6000948059461878,0.2972412346133452,0.4684974174906561,0.7210323680396389,0.15447258256794377,0.06568875488922696,0.8030311418626128,0.0,0.0,1.0,0.0,0.0,1.0,0.0,0.0,0.0,0.0,0.0,0.0,0.0,0.0,0.0,1.0,0.0,0.0,1.0,1.0,1.0,1.0,0.0,1.0,0.0,0.0,0.0
68395ecea1f9120d4641a530,Turkey and Cheese Quesadilla,0.600069556320141,1.5662497759103144,0.3171024602405955,0.4364611688012335,-0.03383272082346995,0.5683759617951544,0.3454802532924017,1.0928528176742665,-0.14386513676553261,0.09283525691364954,-0.45201072155720706,0.0,0.0,0.0,1.0,0.0,1.0,0.0,0.0,0.0,0.0,0.0,0.0,0.0,0.0,0.0,1.0,0.0,0.0,1.0,1.0,0.0,0.0,0.0,1.0,0.0,0.0,0.0
68395ecea1f9120d4641a531,Egg and Beef Breakfast Hash,0.42970354456093407,1.2640767281860927,0.10527347136352766,0.4364611688012335,-0.03383272082346995,0.16167387102244055,2.436772044662727,0.988418986784153,-0.25496361330705203,0.24747336665991324,-0.033663433750600415,1.0,0.0,0.0,0.0,0.0,1.0,0.0,0.0,0.0,0.0,0.0,0.0,0.0,0.0,1.0,0.0,0.0,0.0,1.0,0.0,1.0,1.0,0.0,1.0,0.0,0.0,0.0
68395ecea1f9120d4641a532,Grilled Chicken and Halloumi Salad,0.2593375328017271,1.7173362997724253,-0.6573108885939167,0.6032236282512383,-0.35079648420829884,0.4328085982042498,0.714531745887165,1.7114224314080144,-0.9664211650056277,0.6529928852252904,-0.24283707765390372,0.0,0.0,0.0,1.0,0.0,1.0,0.0,0.0,0.0,0.0,0.0,0.0,0.0,0.0,1.0,0.0,0.0,0.0,1.0,1.0,0.0,0.0,1.0,1.0,0.0,0.0,0.0
68395ecea1f9120d4641a533,Tuna and Vegetables Salad,-0.13818316130308908,1.1129902043239819,-0.10655551751354021,-0.39735112844879056,0.9170585693310167,0.16167387102244055,-0.39262273189712477,1.6639753303545732,-0.1377894388296683,-0.4114958510088242,-0.6611843654605104,0.0,0.0,0.0,1.0,0.0,1.0,0.0,0.0,0.0,0.0,0.0,0.0,0.0,0.0,1.0,0.0,0.0,0.0,1.0,1.0,1.0,1.0,0.0,1.0,0.0,0.0,0.0
68395ecea1f9120d4641a534,Chicken Tikka Skewers,0.2025488622153248,1.7173362997724253,-0.7420424841447438,0.2696987093512287,-0.6677602475931277,0.026106507431535916,0.5915145816889105,1.8046518229516173,-1.044347525575742,0.25857179558907084,-0.033663433750600415,0.0,0.0,1.0,0.0,0.0,1.0,0.0,0.0,0.0,0.0,0.0,0.0,0.0,0.0,1.0,0.0,0.0,0.0,1.0,1.0,0.0,0.0,1.0,1.0,0.0,0.0,0.0
68395ecea1f9120d4641a535,Beef and Potato Hash,1.338322273943371,1.9439660855655918,0.9525894268717991,0.9367485471512479,0.2831310425613589,0.2972412346133452,2.9288407014557443,0.7210323680396389,0.003627668298208644,0.06568875488922696,0.38468385405600625,0.0,0.0,0.0,1.0,0.0,1.0,0.0,0.0,0.0,0.0,0.0,0.0,0.0,0.0,0.0,1.0,0.0,0.0,1.0,0.0,1.0,1.0,0.0,1.0,0.0,0.0,0.0
68395ecea1f9120d4641a536,Salmon and Quinoa Salad,0.42970354456093407,1.4151632520482036,0.3171024602405955,0.10293624990122387,0.2831310425613589,0.026106507431535916,0.22246308909414728,1.145069733119323,-0.046653969791703304,-0.1742669326480787,-0.24283707765390372,0.0,0.0,0.0,1.0,0.0,1.0,0.0,0.0,0.0,0.0,0.0,0.0,0.0,0.0,1.0,0.0,0.0,0.0,1.0,1.0,1.0,1.0,0.0,1.0,0.0,0.0,0.0
68395ecea1f9120d4641a537,Lamb and Apricot Tagine,1.7358429680481873,2.699398704876146,1.376247404625935,1.1035110066012528,1.2340223327158455,0.2972412346133452,0.9605660742836738,0.9522688145529601,0.11037945378140593,-0.028279905964542943,3.7314621565088593,0.0,0.0,1.0,0.0,0.0,1.0,0.0,0.0,0.0,0.0,0.0,0.0,0.0,0.0,0.0,1.0,0.0,0.0,1.0,1.0,1.0,1.0,0.0,0.0,0.0,0.0,0.0
68395ecea1f9120d4641a538,Turkey and Avocado Lettuce Wraps,-0.024605820130284454,1.2640767281860927,-0.6573108885939167,0.10293624990122387,0.2831310425613589,0.16167387102244055,0.22246308909414728,1.6518809712625198,-0.8872446489183459,0.27228161956038327,-0.45201072155720706,0.0,1.0,0.0,0.0,0.0,1.0,0.0,0.0,0.0,0.0,0.0,0.0,0.0,0.0,1.0,0.0,0.0,1.0,1.0,1.0,1.0,1.0,1.0,1.0,0.0,0.0,0.0
68395ecea1f9120d4641a539,Tuna and White Bean Salad,-0.47891518482150297,1.1129902043239819,-0.10655551751354021,-0.39735112844879056,0.9170585693310167,0.16167387102244055,-0.39262273189712477,2.470576048263069,0.17767949245559553,-0.028279905964542943,-0.6611843654605104,0.0,0.0,0.0,1.0,0.0,1.0,0.0,0.0,0.0,0.0,0.0,0.0,0.0,0.0,1.0,0.0,0.0,0.0,1.0,1.0,1.0,1.0,0.0,1.0,0.0,0.0,0.0
68395ecea1f9120d4641a53a,Chicken and Broccoli Alfredo,0.9975902504249572,2.699398704876146,0.9525894268717991,0.2696987093512287,0.6000948059461878,0.2972412346133452,0.8375489100854194,1.6481596300034265,0.17767949245559553,-0.36891630155945976,0.1755102101527029,0.0,0.0,0.0,1.0,0.0,1.0,0.0,0.0,0.0,0.0,0.0,0.0,0.0,0.0,0.0,1.0,0.0,0.0,1.0,1.0,0.0,0.0,0.0,1.0,0.0,0.0,0.0
68395ecea1f9120d4641a53b,Egg and Beef Breakfast Tacos,0.600069556320141,1.5662497759103144,0.3171024602405955,0.2696987093512287,-0.03383272082346995,0.16167387102244055,2.5597892088609813,1.0928528176742665,-0.14386513676553261,-0.10397688276341331,-0.45201072155720706,1.0,0.0,0.0,0.0,0.0,1.0,0.0,0.0,0.0,0.0,0.0,0.0,0.0,0.0,1.0,0.0,0.0,1.0,1.0,0.0,1.0,1.0,0.0,1.0,0.0,0.0,0.0
68395ecea1f9120d4641a53c,Lamb and Rice Stuffed Grape Leaves,1.111167591597762,1.7173362997724253,1.376247404625935,0.6866048579762407,0.2831310425613589,0.4328085982042498,0.3454802532924017,0.7273344095588697,0.4394018650774438,-0.021971824564637102,1.639725717475826,0.0,0.0,1.0,0.0,0.0,1.0,0.0,0.0,0.0,0.0,0.0,0.0,0.0,0.0,0.0,1.0,0.0,0.0,1.0,1.0,1.0,1.0,0.0,1.0,0.0,0.0,0.0
68395ecea1f9120d4641a53d,Spiced Chicken & Chickpea Bowl,0.48649221514733637,2.170595871358758,0.3171024602405955,-0.14720743927378335,1.2340223327158455,0.16167387102244055,0.4684974174906561,1.840890490096473,-0.08056484199187618,-0.5273518343943047,0.38468385405600625,0.0,1.0,0.0,0.0,0.0,1.0,0.0,0.0,0.0,0.0,0.0,0.0,0.0,0.0,1.0,0.0,0.0,1.0,1.0,1.0,1.0,1.0,0.0,1.0,0.0,0.0,0.0
68395ecea1f9120d4641a53e,Smoked Salmon & Asparagus Omelette,0.14576019162892248,1.2640767281860927,-0.8267740796955709,0.6032236282512383,-0.6677602475931277,0.5683759617951544,3.543926522447016,1.3694613427345665,-1.126486121852349,0.8002951103474165,-0.45201072155720706,1.0,0.0,0.0,0.0,0.0,1.0,0.0,0.0,0.0,0.0,0.0,0.0,0.0,0.0,1.0,0.0,0.0,1.0,1.0,0.0,0.0,0.0,1.0,1.0,0.0,0.0,0.0
68395ecea1f9120d4641a53f,Lamb & Feta Stuffed Eggplant,1.3951109445297734,2.0195093474966472,-0.10655551751354021,1.770560844401272,1.2340223327158455,0.7039433253860591,0.8375489100854194,0.7335296368150631,-0.7633803703614626,0.780009846294581,1.0122047857659162,0.0,0.0,1.0,0.0,0.0,1.0,0.0,0.0,0.0,0.0,0.0,0.0,0.0,0.0,0.0,1.0,0.0,1.0,1.0,1.0,0.0,0.0,0.0,1.0,0.0,0.0,0.0
68395ecea1f9120d4641a540,Turkey & Hummus Pinwheels,-0.13818316130308908,0.9619036804618709,-0.10655551751354021,-0.39735112844879056,0.2831310425613589,0.2972412346133452,-0.14658840350061594,1.458371225789663,-0.1377894388296683,-0.4114958510088242,-0.6611843654605104,0.0,0.0,0.0,1.0,0.0,1.0,0.0,0.0,0.0,0.0,0.0,0.0,0.0,0.0,1.0,0.0,0.0,0.0,1.0,1.0,0.0,0.0,0.0,1.0,0.0,0.0,0.0
68395ecea1f9120d4641a541,Tuna & Avocado Stuffed Tomatoes,-0.308549173062296,0.6597306327376492,-0.6573108885939167,-0.06382620954878093,0.2831310425613589,0.026106507431535916,-0.39262273189712477,1.3449344784435053,-0.7807658859044151,0.37108690266397987,-0.45201072155720706,0.0,1.0,0.0,0.0,0.0,1.0,0.0,0.0,0.0,0.0,0.0,0.0,0.0,0.0,1.0,0.0,0.0,1.0,1.0,1.0,1.0,1.0,1.0,1.0,0.0,0.0,0.0
68395ecea1f9120d4641a542,Chicken & Spinach Stuffed Shells,1.111167591597762,2.4727689190829794,0.7407604379947312,0.6866048579762407,0.2831310425613589,0.4328085982042498,0.714531745887165,1.336531756417864,-0.046653969791703304,-0.021971824564637102,0.8030311418626128,0.0,0.0,1.0,0.0,0.0,1.0,0.0,0.0,0.0,0.0,0.0,0.0,0.0,0.0,0.0,1.0,0.0,0.0,1.0,1.0,0.0,0.0,0.0,1.0,0.0,0.0,0.0
68395ecea1f9120d4641a543,Egg & Beef Shakshuka,0.600069556320141,1.4151632520482036,-0.31838450639060806,0.9367485471512479,-0.03383272082346995,0.2972412346133452,2.436772044662727,0.9466454544281078,-0.7271321386085091,0.6832716759448386,0.1755102101527029,1.0,0.0,0.0,0.0,0.0,1.0,0.0,0.0,0.0,0.0,0.0,0.0,0.0,0.0,1.0,0.0,0.0,1.0,1.0,0.0,1.0,1.0,1.0,1.0,0.0,0.0,0.0
68395ed6a1f9120d4641a544,Greek Yogurt Parfait,1.338322273943371,0.3575575850134274,0.6560288424439041,0.6032236282512383,-0.35079648420829884,-1.1316387776347896,-0.5156398960953792,-0.47005347909501555,-0.20755521167942095,-0.2397093928855257,-1.079531653267117,0.0,1.0,0.0,0.0,0.0,0.0,0.0,0.0,1.0,0.0,0.0,0.0,0.0,0.0,0.0,1.0,0.0,1.0,0.0,1.0,0.0,0.0,0.0,0.0,1.0,1.0,0.0
68395ed6a1f9120d4641a545,Spinach and Feta Pie,1.4518996151161756,0.28201432308237195,1.8422711801554843,2.1040857633012817,0.6000948059461878,-0.9337104267920688,0.09944592489589286,-0.5702559392507881,0.5657763821434221,1.0276929203796985,0.5938574979593095,0.0,1.0,0.0,0.0,0.0,0.0,0.0,0.0,1.0,0.0,0.0,0.0,0.0,0.0,0.0,1.0,0.0,0.0,1.0,1.0,0.0,0.0,0.0,1.0,0.0,0.0,0.0
68395ed6a1f9120d4641a546,Grilled Halloumi Skewers,1.2815336033569686,0.5086441088755383,-0.6996766863693302,3.271422979451315,-0.35079648420829884,-0.8957515649866156,0.16095450699502006,-0.33074519288043597,-1.167140578595316,2.2784858606957696,-0.45201072155720706,0.0,1.0,0.0,0.0,0.0,0.0,0.0,0.0,1.0,0.0,0.0,0.0,0.0,0.0,0.0,1.0,0.0,1.0,1.0,1.0,0.0,0.0,1.0,1.0,0.0,0.0,0.0
68395ed6a1f9120d4641a547,Classic Hummus,1.2815336033569686,-0.1712452485039607,0.6560288424439041,1.8539420741262744,2.8188411496399897,-1.283474224856603,-0.7616742244918879,-0.8501660886233681,-0.184796154438724,0.9577728181260052,-0.6611843654605104,0.0,1.0,0.0,0.0,0.0,0.0,0.0,0.0,1.0,0.0,0.0,0.0,0.0,0.0,0.0,1.0,0.0,1.0,0.0,1.0,1.0,1.0,0.0,1.0,1.0,1.0,0.0
68395ed6a1f9120d4641a548,Baked Feta with Herbs,1.2247449327705664,-1.4554807013319033,-0.021823921962713065,2.020704533576279,-0.9847240109779566,3.2309189827205214,0.8375489100854194,-1.831294447248906,-0.661167418161982,1.1700302713961457,-0.6611843654605104,0.0,1.0,0.0,0.0,0.0,0.0,0.0,0.0,1.0,0.0,0.0,0.0,0.0,0.0,0.0,1.0,0.0,1.0,1.0,1.0,0.0,0.0,0.0,0.0,0.0,0.0,0.0
68395ed6a1f9120d4641a549,Eggplant Parmesan,0.8840129092521526,0.5841873708065938,0.10527347136352766,1.770560844401272,2.501877386255161,1.9430290286069276,0.22246308909414728,-0.05487498380807892,-0.4549408710817868,1.2933893089437338,0.8030311418626128,0.0,1.0,0.0,0.0,0.0,0.0,0.0,0.0,1.0,0.0,0.0,0.0,0.0,0.0,0.0,1.0,0.0,1.0,1.0,1.0,0.0,0.0,0.0,1.0,0.0,0.0,0.0
68395ed6a1f9120d4641a54a,Herbed Quinoa Mix,0.03218285045611786,-0.9266778678145151,0.19000506691435481,-0.06382620954878093,0.6000948059461878,-1.2536494048666038,-0.7616742244918879,-1.1733613126411924,0.09499658779873393,-0.04774484285568119,-0.24283707765390372,0.0,1.0,0.0,0.0,0.0,0.0,0.0,0.0,1.0,0.0,0.0,0.0,0.0,0.0,0.0,1.0,0.0,1.0,1.0,1.0,1.0,1.0,0.0,1.0,1.0,1.0,0.0
68395ed6a1f9120d4641a54b,Classic Greek Salad,-0.08139449071668677,-0.7755913439524043,-0.5725792930430895,0.9367485471512479,-0.03383272082346995,0.7066546726578772,-0.20809698559974316,-0.9341129000565692,-0.7624816538717198,1.685224387028068,-0.8703580093638137,0.0,1.0,0.0,0.0,0.0,0.0,0.0,0.0,1.0,0.0,0.0,0.0,0.0,0.0,1.0,0.0,0.0,1.0,1.0,1.0,0.0,0.0,1.0,1.0,0.0,1.0,0.0
68395ed6a1f9120d4641a54c,Roasted Pepper Soup,-0.8196472083399168,-1.3043941774697922,-0.4454818997168488,-0.23058866899878575,-0.03383272082346995,0.050508632877898745,-0.7616742244918879,-1.5023278799450492,-0.017490619699554292,1.0276929203796985,-0.24283707765390372,0.0,1.0,0.0,0.0,0.0,0.0,0.0,0.0,1.0,0.0,0.0,0.0,0.0,0.0,1.0,0.0,0.0,1.0,1.0,1.0,1.0,1.0,1.0,1.0,0.0,1.0,0.0
68395ed6a1f9120d4641a54d,White Bean Dips,-0.308549173062296,-0.9266778678145151,0.10527347136352766,-0.14720743927378335,0.9170585693310167,-1.3078763503029656,-0.7616742244918879,-1.0372372158258034,0.3053174968376791,0.2183878287766034,-0.8703580093638137,0.0,1.0,0.0,0.0,0.0,0.0,0.0,0.0,1.0,0.0,0.0,0.0,0.0,0.0,1.0,0.0,0.0,1.0,1.0,1.0,1.0,1.0,0.0,1.0,1.0,1.0,0.0
68395ed6a1f9120d4641a54e,Rustic Tomato Toast,-0.2517605024758937,-1.0022211297455705,0.2323708646897684,-0.06382620954878093,0.6000948059461878,-0.6246168378048063,-0.7616742244918879,-1.1733613126411924,0.419959631682678,0.28964739659071237,-0.8703580093638137,1.0,0.0,0.0,0.0,0.0,0.0,0.0,0.0,1.0,0.0,0.0,0.0,0.0,0.0,1.0,0.0,0.0,0.0,1.0,1.0,1.0,1.0,0.0,1.0,1.0,1.0,0.0
68395ed6a1f9120d4641a54f,Lemon Hummus,-0.19497183188949138,-0.7000480820213488,0.06290767358811408,0.9367485471512479,1.2340223327158455,-1.283474224856603,-0.7616742244918879,-0.7701119720751742,0.13208914367630575,1.9276323009998169,-0.6611843654605104,0.0,0.0,0.0,1.0,0.0,0.0,0.0,0.0,1.0,0.0,0.0,0.0,0.0,0.0,1.0,0.0,0.0,1.0,0.0,1.0,1.0,1.0,0.0,1.0,1.0,1.0,0.0
68395ed6a1f9120d4641a550,Herbed Couscous,-0.8196472083399168,-1.077764391676626,0.19000506691435481,-0.9810197365238074,-0.35079648420829884,-1.283474224856603,-0.7616742244918879,-1.0088780289892638,1.2948601344471429,-0.9650299938505638,-0.6611843654605104,0.0,1.0,0.0,0.0,0.0,0.0,0.0,0.0,1.0,0.0,0.0,0.0,0.0,0.0,1.0,0.0,0.0,0.0,1.0,1.0,1.0,1.0,0.0,1.0,1.0,1.0,0.0
68395ed6a1f9120d4641a551,Grilled Artichokes,-0.6492811965807099,-1.0022211297455705,-0.36075030416602166,-0.23058866899878575,1.8679498594855033,-0.9987827613157031,-0.7616742244918879,-0.9731207934127578,-0.05933368722307237,0.6233723290866016,-0.45201072155720706,0.0,1.0,0.0,0.0,0.0,0.0,0.0,0.0,1.0,0.0,0.0,0.0,0.0,0.0,1.0,0.0,0.0,1.0,1.0,1.0,1.0,1.0,1.0,1.0,1.0,1.0,0.0
68395ed6a1f9120d4641a552,Creamy Curd Broth,-1.217167902444733,-1.0022211297455705,-0.6149450908185031,-0.9810197365238074,-0.9847240109779566,-1.1207933885475172,-0.5771484781945063,-0.3129872135387973,0.24497953112978513,-0.36891630155945976,-0.8703580093638137,1.0,0.0,0.0,0.0,0.0,0.0,0.0,0.0,1.0,0.0,0.0,0.0,0.0,0.0,1.0,0.0,0.0,1.0,1.0,1.0,0.0,0.0,1.0,1.0,1.0,1.0,0.0
68395ed6a1f9120d4641a553,Pan-Seared Greek Cheese,0.7704355680793479,0.8108171565997601,-1.0386030685726388,2.771135601101301,-1.3016877743627855,-1.0042054558593392,0.4684974174906561,0.22474659840019948,-1.3954589115535863,2.54068624414712,-0.8703580093638137,0.0,0.0,0.0,1.0,0.0,0.0,0.0,0.0,1.0,0.0,0.0,0.0,0.0,0.0,0.0,1.0,0.0,1.0,1.0,1.0,0.0,0.0,1.0,1.0,0.0,0.0,0.0
68395ed6a1f9120d4641a554,Mediterranean Nut Mix,0.8840129092521526,-0.020158724641849812,-0.19128711306436735,4.522141425326351,2.184913622870332,-1.3132990448466018,-0.7616742244918879,-0.58122149149425,-0.699913011855837,2.8482052123925308,-0.6611843654605104,1.0,0.0,0.0,0.0,0.0,0.0,0.0,0.0,1.0,0.0,0.0,0.0,0.0,0.0,0.0,1.0,0.0,1.0,0.0,1.0,1.0,1.0,1.0,1.0,1.0,1.0,0.0
68395ed6a1f9120d4641a555,Stuffed Bell Peppers,0.7704355680793479,-0.4734182962281825,2.4353923490112743,1.6871796146762694,2.501877386255161,-1.283474224856603,-0.7616742244918879,-0.940343327467627,1.5937844728916684,1.3413622679900175,0.5938574979593095,1.0,0.0,0.0,0.0,0.0,0.0,0.0,0.0,1.0,0.0,0.0,0.0,0.0,0.0,0.0,1.0,0.0,1.0,0.0,1.0,1.0,1.0,0.0,1.0,1.0,1.0,0.0
68395ed6a1f9120d4641a556,Feta-Stuffed Dates,0.8840129092521526,0.5841873708065938,1.5033447979521757,1.0201297768762503,0.6000948059461878,-0.8144111468320728,0.5915145816889105,-0.05487498380807892,0.6999277925673068,0.4963001432516287,-0.6611843654605104,1.0,0.0,0.0,0.0,0.0,0.0,0.0,0.0,1.0,0.0,0.0,0.0,0.0,0.0,0.0,1.0,0.0,1.0,1.0,1.0,0.0,0.0,0.0,1.0,0.0,0.0,0.0
68395ed6a1f9120d4641a557,Cheese-Stuffed Figs,0.5432808857337387,-0.3223317723660716,0.9949552246472128,1.0201297768762503,-0.35079648420829884,-0.23960552520663717,0.22246308909414728,-0.709817513258485,0.5233569638275692,0.8465362918133108,-0.8703580093638137,1.0,0.0,0.0,0.0,0.0,0.0,0.0,0.0,1.0,0.0,0.0,0.0,0.0,0.0,0.0,1.0,0.0,1.0,1.0,1.0,0.0,0.0,0.0,0.0,1.0,0.0,0.0
68395ed6a1f9120d4641a558,Mediterranean Flatbread,0.8840129092521526,-0.397875034297127,2.0541001690325524,0.6032236282512383,0.2831310425613589,-0.8279678831911632,-0.7616742244918879,-0.9101880587981068,1.1548760540048284,0.053472828978236915,-0.6611843654605104,1.0,0.0,0.0,0.0,0.0,0.0,0.0,0.0,1.0,0.0,0.0,0.0,0.0,0.0,0.0,1.0,0.0,0.0,1.0,1.0,1.0,1.0,0.0,1.0,0.0,1.0,0.0
68395ed6a1f9120d4641a559,Baklava-Inspired Oatmeal,0.9408015798385548,0.28201432308237195,2.0541001690325524,0.7699860877012431,3.1358049130248187,-1.0421643176647926,-0.5156398960953792,-0.3477197319570025,1.1027251220753387,0.18545273440873788,-0.8703580093638137,1.0,0.0,0.0,0.0,0.0,0.0,0.0,0.0,1.0,0.0,0.0,0.0,0.0,0.0,0.0,1.0,0.0,0.0,0.0,1.0,0.0,0.0,0.0,1.0,1.0,1.0,0.0
68395ed6a1f9120d4641a55a,Lemon Garlic Greens,-1.1035905612719283,-1.1533076536076814,-0.6573108885939167,-0.5641135878987954,-0.03383272082346995,-1.2156905430611504,-0.7616742244918879,-0.9540502677719543,-0.10498066997600085,0.8800838156219012,-0.8703580093638137,1.0,0.0,0.0,0.0,0.0,0.0,0.0,0.0,1.0,0.0,0.0,0.0,0.0,0.0,1.0,0.0,0.0,1.0,1.0,1.0,1.0,1.0,1.0,1.0,1.0,1.0,0.0
68395ed6a1f9120d4641a55b,Herbed White Beans,-0.8196472083399168,-0.9266778678145151,-0.021823921962713065,-0.897638506798805,0.6000948059461878,-1.2997423084875113,-0.7616742244918879,-0.679911461685407,0.8574098830649105,-0.743616336713868,-0.8703580093638137,1.0,0.0,0.0,0.0,0.0,0.0,0.0,0.0,1.0,0.0,0.0,0.0,0.0,0.0,1.0,0.0,0.0,1.0,1.0,1.0,1.0,1.0,0.0,1.0,1.0,1.0,0.0
68395ed6a1f9120d4641a55c,Roasted Cauliflower,-1.1035905612719283,-1.1533076536076814,-0.6149450908185031,-0.6474948176237978,0.2831310425613589,-1.1614635976247887,-0.7616742244918879,-0.9540502677719543,0.011672730392594479,0.5848656061063071,-0.24283707765390372,1.0,0.0,0.0,0.0,0.0,0.0,0.0,0.0,1.0,0.0,0.0,0.0,0.0,0.0,1.0,0.0,0.0,1.0,1.0,1.0,1.0,1.0,1.0,1.0,1.0,1.0,0.0
68395ed6a1f9120d4641a55d,Zucchini Carpaccio,-1.2739565730311353,-1.3043941774697922,-0.9115056752463981,-0.6474948176237978,-0.6677602475931277,-1.2888969194002389,-0.7616742244918879,-1.2830168350758113,-0.6299209716346797,1.2491065775163945,-0.6611843654605104,1.0,0.0,0.0,0.0,0.0,0.0,0.0,0.0,1.0,0.0,0.0,0.0,0.0,0.0,1.0,0.0,0.0,1.0,1.0,1.0,1.0,1.0,1.0,1.0,1.0,1.0,0.0
68395ed6a1f9120d4641a55e,Garlic Yogurt Dip,-1.1603792318583308,-1.077764391676626,-0.7420424841447438,-0.7308760473488002,-1.3016877743627855,-1.1316387776347896,-0.45413131399625195,-0.6564138497351316,-0.25496361330705203,0.458343516313909,-0.8703580093638137,0.0,0.0,0.0,1.0,0.0,0.0,0.0,0.0,1.0,0.0,0.0,0.0,0.0,0.0,1.0,0.0,0.0,1.0,1.0,1.0,0.0,0.0,1.0,1.0,1.0,1.0,0.0
68395ed6a1f9120d4641a55f,Herbed Tomato Soup,-0.8764358789263191,-1.2288509155387368,-0.6149450908185031,-0.14720743927378335,-0.03383272082346995,-1.2861855721284208,-0.7616742244918879,-1.3118735515059743,-0.30758920745829793,1.4239068331506277,-0.45201072155720706,1.0,0.0,0.0,0.0,0.0,0.0,0.0,0.0,1.0,0.0,0.0,0.0,0.0,0.0,1.0,0.0,0.0,1.0,1.0,1.0,1.0,1.0,1.0,1.0,1.0,1.0,0.0
68395ed6a1f9120d4641a560,Artichoke Heart Salad,-1.1035905612719283,-1.2288509155387368,-0.6573108885939167,-0.6474948176237978,0.2831310425613589,-0.5053175578448103,-0.7616742244918879,-1.1733613126411924,-0.10498066997600085,0.5848656061063071,-0.8703580093638137,1.0,0.0,0.0,0.0,0.0,0.0,0.0,0.0,1.0,0.0,0.0,0.0,0.0,0.0,0.0,1.0,0.0,1.0,1.0,1.0,1.0,1.0,1.0,1.0,1.0,1.0,0.0
68395ed6a1f9120d4641a561,Turkish Delight Pudding,1.5654769562889803,0.28201432308237195,4.6807796311081935,-0.48073235817379295,-0.03383272082346995,-0.9174423431611602,-0.39262273189712477,-0.6109346007991145,2.3898968927458926,-1.2864369155006061,-0.45201072155720706,0.0,0.0,1.0,0.0,0.0,0.0,0.0,0.0,1.0,0.0,0.0,0.0,0.0,0.0,0.0,1.0,0.0,0.0,1.0,1.0,0.0,0.0,0.0,0.0,1.0,1.0,0.0
68395ed6a1f9120d4641a562,Cheese-Stuffed Eggplant,0.9975902504249572,0.3575575850134274,0.6560288424439041,2.020704533576279,1.8679498594855033,-0.20164666340118387,0.16095450699502006,-0.3129872135387973,-0.0578706429040682,1.419424775313853,0.1755102101527029,0.0,0.0,1.0,0.0,0.0,0.0,0.0,0.0,1.0,0.0,0.0,0.0,0.0,0.0,0.0,1.0,0.0,0.0,1.0,1.0,0.0,0.0,0.0,1.0,1.0,0.0,0.0
68395ed6a1f9120d4641a563,Olive Oil Bread,1.1679562621841642,-0.1712452485039607,3.706366282273682,1.0201297768762503,0.2831310425613589,1.9403176813351095,-0.7616742244918879,-0.8144886937642575,2.1538533553431627,0.26280937754384026,0.8030311418626128,0.0,0.0,1.0,0.0,0.0,0.0,0.0,0.0,1.0,0.0,0.0,0.0,0.0,0.0,0.0,1.0,0.0,0.0,1.0,1.0,1.0,1.0,0.0,1.0,0.0,1.0,0.0
68395ed6a1f9120d4641a564,Stuffed Zucchini Flowers,1.4518996151161756,-0.1712452485039607,0.6560288424439041,2.771135601101301,-0.6677602475931277,-0.9662465940538859,-0.14658840350061594,-0.899222506554645,-0.25079742043674497,1.6181293394108873,-0.033663433750600415,0.0,0.0,1.0,0.0,0.0,0.0,0.0,0.0,1.0,0.0,0.0,0.0,0.0,0.0,0.0,1.0,0.0,0.0,1.0,1.0,0.0,0.0,0.0,1.0,1.0,1.0,0.0
68395ed6a1f9120d4641a565,Fig and Walnut Bread,1.3951109445297734,1.0374469423929265,8.281872442018347,1.6037983849512671,6.305442546873107,-1.283474224856603,-0.7616742244918879,0.008688047840462922,2.8696810394231798,0.629898892303601,1.0122047857659162,0.0,0.0,1.0,0.0,0.0,0.0,0.0,0.0,1.0,0.0,0.0,0.0,0.0,0.0,0.0,1.0,0.0,0.0,0.0,1.0,1.0,1.0,0.0,1.0,1.0,1.0,0.0
68395ed6a1f9120d4641a566,Anchovy Olive Bread,1.508688285702578,0.8863604185308155,3.8334636755999223,1.3536546957762599,0.9170585693310167,4.787232316744107,-0.45413131399625195,-0.15949713799979734,1.8800394871158341,0.32352489604332163,0.5938574979593095,0.0,0.0,1.0,0.0,0.0,0.0,0.0,0.0,1.0,0.0,0.0,0.0,0.0,0.0,0.0,1.0,0.0,0.0,1.0,1.0,1.0,1.0,0.0,1.0,0.0,1.0,0.0
68395ed6a1f9120d4641a567,Herbed Cheese Dip,0.9975902504249572,0.6597306327376492,-0.7420424841447438,3.271422979451315,-0.9847240109779566,2.4392055793496383,1.637160477374073,-0.05993600792044583,-1.1683212810281964,2.69681125879479,-0.6611843654605104,0.0,0.0,1.0,0.0,0.0,0.0,0.0,0.0,1.0,0.0,0.0,0.0,0.0,0.0,0.0,1.0,0.0,1.0,1.0,1.0,0.0,0.0,1.0,1.0,0.0,0.0,0.0
68395ed6a1f9120d4641a568,Date and Sesame Balls,1.1679562621841642,-0.4734182962281825,3.2403425067441325,1.3536546957762599,4.086696203179305,-1.3024536557593294,-0.7616742244918879,-1.0537371063488807,1.8038931542373768,0.5848656061063071,-0.45201072155720706,0.0,0.0,0.0,1.0,0.0,0.0,0.0,0.0,1.0,0.0,0.0,0.0,0.0,0.0,0.0,1.0,0.0,1.0,0.0,1.0,1.0,1.0,0.0,1.0,1.0,1.0,0.0
68395ed6a1f9120d4641a569,Pistachio Baklava,1.4518996151161756,0.3575575850134274,4.807877024434434,4.522141425326351,2.501877386255161,0.21590081645880238,0.037937342796765666,-0.5154281780334785,2.60721088859384,2.8482052123925308,1.0122047857659162,0.0,0.0,0.0,1.0,0.0,0.0,0.0,0.0,1.0,0.0,0.0,0.0,0.0,0.0,0.0,1.0,0.0,0.0,0.0,1.0,0.0,0.0,0.0,0.0,1.0,1.0,0.0
68395ed6a1f9120d4641a56a,Herb-Infused Water,-1.5295055906699457,-1.4554807013319033,-1.123334664123466,-1.3979258851488194,-0.9847240109779566,-1.3268557812056923,-0.7616742244918879,-1.831294447248906,-1.2715146736619538,-2.072098279534043,-1.079531653267117,0.0,0.0,1.0,0.0,0.0,0.0,0.0,0.0,1.0,0.0,0.0,0.0,0.0,0.0,1.0,0.0,0.0,1.0,1.0,1.0,1.0,1.0,1.0,1.0,1.0,1.0,0.0
68395ed6a1f9120d4641a56b,Radish Salad,-1.4443225847903423,-1.379937439400848,-0.9962372707972252,-0.8142572770738026,-0.6677602475931277,-1.2184018903329685,-0.7616742244918879,-1.4657760391335095,-0.7271321386085091,1.3721141648145585,-0.8703580093638137,0.0,0.0,1.0,0.0,0.0,0.0,0.0,0.0,1.0,0.0,0.0,0.0,0.0,0.0,1.0,0.0,0.0,1.0,1.0,1.0,1.0,1.0,1.0,1.0,1.0,1.0,0.0
68395ed6a1f9120d4641a56c,Steamed Artichokes,-1.217167902444733,-1.2288509155387368,-0.6149450908185031,-0.7308760473488002,0.2831310425613589,-1.082834526742064,-0.7616742244918879,-1.0721408303938518,0.24497953112978513,0.6529928852252904,-0.24283707765390372,0.0,0.0,1.0,0.0,0.0,0.0,0.0,0.0,1.0,0.0,0.0,0.0,0.0,0.0,1.0,0.0,0.0,1.0,1.0,1.0,1.0,1.0,1.0,1.0,1.0,1.0,0.0
68395ed6a1f9120d4641a56d,Lemon Herb Mushrooms,-1.2739565730311353,-1.077764391676626,-0.8691398774709845,-0.6474948176237978,-0.35079648420829884,-1.3024536557593294,-0.7616742244918879,-0.46060041681616914,-0.4841042211739356,1.2491065775163945,-0.6611843654605104,0.0,0.0,1.0,0.0,0.0,0.0,0.0,0.0,1.0,0.0,0.0,0.0,0.0,0.0,1.0,0.0,0.0,1.0,1.0,1.0,1.0,1.0,1.0,1.0,1.0,1.0,0.0
68395ed6a1f9120d4641a56e,Cucumber Boats,-1.38753391420394,-1.2288509155387368,-0.8691398774709845,-0.897638506798805,-0.9847240109779566,-1.231958626692059,-0.6386570602936336,-0.8443947453373355,-0.27996077052889373,0.5848656061063071,-0.8703580093638137,0.0,0.0,1.0,0.0,0.0,0.0,0.0,0.0,1.0,0.0,0.0,0.0,0.0,0.0,1.0,0.0,0.0,1.0,1.0,1.0,0.0,0.0,1.0,1.0,1.0,1.0,0.0
68395ed6a1f9120d4641a56f,Tomato Herb Salad,-1.217167902444733,-1.379937439400848,-0.9115056752463981,-0.39735112844879056,-0.6677602475931277,-1.3078763503029656,-0.7616742244918879,-1.5782432416305547,-0.6972210103088693,2.015538467604957,-0.8703580093638137,0.0,0.0,1.0,0.0,0.0,0.0,0.0,0.0,1.0,0.0,0.0,0.0,0.0,0.0,1.0,0.0,0.0,1.0,1.0,1.0,1.0,1.0,1.0,1.0,1.0,1.0,0.0
68395ed6a1f9120d4641a570,Lemon Parsley Potatoes,-0.9332245495127215,-1.1533076536076814,0.3594682580160091,-1.1477821959738121,-0.03383272082346995,-1.2644947939538762,-0.7616742244918879,-1.1002576310181131,1.9947805366587148,-1.3340527557450568,-0.24283707765390372,0.0,0.0,1.0,0.0,0.0,0.0,0.0,0.0,1.0,0.0,0.0,0.0,0.0,0.0,1.0,0.0,0.0,1.0,1.0,1.0,1.0,1.0,0.0,1.0,1.0,1.0,0.0
68395ed6a1f9120d4641a571,Herbed Cauliflower Rice,-1.3307452436175375,-1.1533076536076814,-0.6996766863693302,-0.8142572770738026,0.2831310425613589,-1.1533295558093344,-0.7616742244918879,-0.6350523843257903,0.24497953112978513,0.7458937203875403,-0.6611843654605104,0.0,0.0,0.0,1.0,0.0,0.0,0.0,0.0,1.0,0.0,0.0,0.0,0.0,0.0,1.0,0.0,0.0,1.0,1.0,1.0,1.0,1.0,1.0,1.0,1.0,1.0,0.0
68395ed6a1f9120d4641a572,Greek Custard Pie,1.7358429680481873,0.3575575850134274,2.7319529334391692,0.6866048579762407,-0.35079648420829884,-0.10946085615936871,1.5756518952749459,-0.616648660280819,0.9718199488110325,-0.36891630155945976,0.8030311418626128,0.0,0.0,0.0,1.0,0.0,0.0,0.0,0.0,1.0,0.0,0.0,0.0,0.0,0.0,0.0,1.0,0.0,0.0,1.0,0.0,0.0,0.0,0.0,1.0,1.0,0.0,0.0
68395ed6a1f9120d4641a573,Stuffed Grape Leaves with Lemon Sauce,1.338322273943371,-0.1712452485039607,2.943781922316237,0.5198423985262359,1.8679498594855033,0.820531258074237,1.5141433131758186,-0.867082094806567,1.4215698624337205,-0.3160589298292141,1.0122047857659162,0.0,0.0,0.0,1.0,0.0,0.0,0.0,0.0,1.0,0.0,0.0,0.0,0.0,0.0,0.0,1.0,0.0,1.0,1.0,0.0,1.0,1.0,0.0,1.0,0.0,0.0,0.0
68395ed6a1f9120d4641a574,Mediterranean Nut Rolls,0.9975902504249572,0.20647106115131653,4.04529266447699,3.855091587526332,2.184913622870332,-1.3078763503029656,-0.7616742244918879,-0.43951281634797307,2.634130904063516,2.8482052123925308,0.38468385405600625,0.0,0.0,0.0,1.0,0.0,0.0,0.0,0.0,1.0,0.0,0.0,0.0,0.0,0.0,0.0,1.0,0.0,0.0,0.0,1.0,1.0,1.0,0.0,1.0,1.0,1.0,0.0
68395ed6a1f9120d4641a575,Cheese-Filled Phyllo Cups,1.3951109445297734,1.0374469423929265,1.1220526179734533,2.5209919119262936,-0.9847240109779566,2.94893886645144,2.252246298365345,0.008688047840462922,0.09669131032224863,1.4555091392539923,0.1755102101527029,0.0,0.0,0.0,1.0,0.0,0.0,0.0,0.0,1.0,0.0,0.0,0.0,0.0,0.0,0.0,1.0,0.0,0.0,1.0,0.0,0.0,0.0,0.0,1.0,0.0,0.0,0.0
68395ed6a1f9120d4641a576,Semolina Pudding with Nuts,1.2247449327705664,0.6597306327376492,3.664000484498268,1.4370359255012624,0.9170585693310167,-0.9906487195002488,-0.39262273189712477,-0.18646161072962156,2.057273429713319,0.616496128554406,-0.24283707765390372,0.0,0.0,0.0,1.0,0.0,0.0,0.0,0.0,1.0,0.0,0.0,0.0,0.0,0.0,0.0,1.0,0.0,0.0,0.0,1.0,0.0,0.0,0.0,0.0,1.0,1.0,0.0
68395ed6a1f9120d4641a577,Olive Oil Cake,0.9408015798385548,0.6597306327376492,4.4265848444557125,3.271422979451315,1.2340223327158455,-0.9445558158793412,3.7899608508435247,-0.025203489502240852,2.8696810394231798,2.7903192889581008,1.0122047857659162,0.0,0.0,0.0,1.0,0.0,0.0,0.0,0.0,1.0,0.0,0.0,0.0,0.0,0.0,0.0,1.0,0.0,0.0,1.0,0.0,1.0,1.0,0.0,1.0,1.0,0.0,0.0
68395ed6a1f9120d4641a578,Stuffed Figs with Mascarpone,0.12304472339436155,-1.0022211297455705,2.0117343712571385,2.5209919119262936,0.6000948059461878,-1.1750203339838792,0.7760403279862921,-1.2920049926524195,2.080836323815875,2.8482052123925308,-0.6611843654605104,0.0,0.0,0.0,1.0,0.0,0.0,0.0,0.0,1.0,0.0,0.0,0.0,0.0,0.0,0.0,1.0,0.0,1.0,1.0,1.0,0.0,0.0,0.0,0.0,1.0,0.0,0.0
68395ed6a1f9120d4641a579,Mediterranean Nut Brittle,0.600069556320141,0.20647106115131653,2.6895871356637557,4.188616506426341,2.501877386255161,-1.3051650030311475,-0.7616742244918879,-0.22301345154116123,2.033665003448246,2.8482052123925308,-0.033663433750600415,0.0,0.0,0.0,1.0,0.0,0.0,0.0,0.0,1.0,0.0,0.0,0.0,0.0,0.0,1.0,0.0,0.0,1.0,0.0,1.0,1.0,1.0,0.0,0.0,1.0,1.0,0.0
68395ed6a1f9120d4641a57a,Herbed Cheese Bread,0.7136468974929456,1.4151632520482036,3.8334636755999223,1.5204171552262646,0.6000948059461878,0.026106507431535916,0.22246308909414728,0.8284352458461073,2.8696810394231798,1.2255519331401503,0.5938574979593095,0.0,0.0,0.0,1.0,0.0,0.0,0.0,0.0,1.0,0.0,0.0,0.0,0.0,0.0,1.0,0.0,0.0,0.0,1.0,1.0,0.0,0.0,0.0,1.0,1.0,1.0,0.0
68395ed6a1f9120d4641a57b,Ricotta-Stuffed Apricots,-0.024605820130284454,0.13092779922026107,1.6304421912784164,0.9367485471512479,0.6000948059461878,-0.9906487195002488,0.16095450699502006,0.20055788021609242,1.8918510657452483,1.5747148968350648,-0.45201072155720706,0.0,0.0,0.0,1.0,0.0,0.0,0.0,0.0,1.0,0.0,0.0,0.0,0.0,0.0,1.0,0.0,0.0,1.0,1.0,1.0,0.0,0.0,0.0,0.0,1.0,1.0,0.0
68395ed6a1f9120d4641a57c,Lemon Herb Ice Cubes,-1.38753391420394,-1.4554807013319033,-1.0809688663480523,-1.3979258851488194,-1.3016877743627855,-1.318721739390238,-0.7616742244918879,-1.831294447248906,-1.1548612732933585,-2.072098279534043,-1.079531653267117,0.0,0.0,0.0,1.0,0.0,0.0,0.0,0.0,1.0,0.0,0.0,0.0,0.0,0.0,1.0,0.0,0.0,1.0,1.0,1.0,1.0,1.0,1.0,1.0,1.0,1.0,0.0
68395ed6a1f9120d4641a57d,Marinated Mushrooms,-1.5011112553767445,-1.2288509155387368,-0.9538714730218117,-0.8142572770738026,-0.6677602475931277,-1.3078763503029656,-0.7616742244918879,-0.5976698198594428,-0.41119584594356356,1.8026407203581338,1.4305520735725226,0.0,0.0,0.0,1.0,0.0,0.0,0.0,0.0,1.0,0.0,0.0,0.0,0.0,0.0,1.0,0.0,0.0,1.0,1.0,1.0,1.0,1.0,1.0,1.0,1.0,1.0,0.0
68395ed6a1f9120d4641a57e,Herbed Tomato Slices,-1.557899925963147,-1.379937439400848,-0.8691398774709845,-0.9810197365238074,-0.35079648420829884,-1.3024536557593294,-0.7616742244918879,-1.3613422082433964,0.24497953112978513,1.0909539652758975,-1.079531653267117,0.0,0.0,0.0,1.0,0.0,0.0,0.0,0.0,1.0,0.0,0.0,0.0,0.0,0.0,1.0,0.0,0.0,1.0,1.0,1.0,1.0,1.0,1.0,1.0,1.0,1.0,0.0
68395ed6a1f9120d4641a57f,Lemon-Infused Cucumber Slices,-1.6146885965495492,-1.379937439400848,-0.9115056752463981,-1.0644009662488099,-0.6677602475931277,-1.318721739390238,-0.7616742244918879,-1.2830168350758113,0.24497953112978513,0.8800838156219012,-0.8703580093638137,0.0,0.0,0.0,1.0,0.0,0.0,0.0,0.0,1.0,0.0,0.0,0.0,0.0,0.0,1.0,0.0,0.0,1.0,1.0,1.0,1.0,1.0,1.0,1.0,1.0,1.0,0.0
68395ed6a1f9120d4641a580,Garlic Herb Radishes,-1.5295055906699457,-1.379937439400848,-0.9538714730218117,-0.9810197365238074,-0.6677602475931277,-1.1994224594302418,-0.7616742244918879,-1.3926723575104303,-0.3382874707131915,0.8800838156219012,-0.8703580093638137,0.0,0.0,0.0,1.0,0.0,0.0,0.0,0.0,1.0,0.0,0.0,0.0,0.0,0.0,1.0,0.0,0.0,1.0,1.0,1.0,1.0,1.0,1.0,1.0,1.0,1.0,0.0
68395ed6a1f9120d4641a581,Steamed Lemon Broccoli,-1.4443225847903423,-1.2288509155387368,-0.7844082819201574,-0.9810197365238074,-0.35079648420829884,-1.2211132376047866,-0.7616742244918879,-0.7347392229027165,0.24497953112978513,0.38805346642924393,-0.6611843654605104,0.0,0.0,0.0,1.0,0.0,0.0,0.0,0.0,1.0,0.0,0.0,0.0,0.0,0.0,1.0,0.0,0.0,1.0,1.0,1.0,1.0,1.0,1.0,1.0,1.0,1.0,0.0
68395ed6a1f9120d4641a582,Herbed Zucchini Chips,-1.415928249497141,-1.2288509155387368,-0.7844082819201574,-0.897638506798805,-0.03383272082346995,-1.2753401830411486,-0.7616742244918879,-0.7924526557630422,0.15288474136510458,0.7247058106136937,-0.033663433750600415,0.0,0.0,0.0,1.0,0.0,0.0,0.0,0.0,1.0,0.0,0.0,0.0,0.0,0.0,1.0,0.0,0.0,1.0,1.0,1.0,1.0,1.0,1.0,1.0,1.0,1.0,0.0
68395ed6a1f9120d4641a583,Lemon Cauliflower,-1.38753391420394,-1.2288509155387368,-0.7420424841447438,-0.897638506798805,-0.03383272082346995,-1.1831543757993335,-0.7616742244918879,-0.8443947453373355,0.24497953112978513,0.5848656061063071,-0.24283707765390372,1.0,0.0,0.0,0.0,0.0,0.0,0.0,0.0,1.0,0.0,0.0,0.0,0.0,0.0,1.0,0.0,0.0,1.0,1.0,1.0,1.0,1.0,1.0,1.0,1.0,1.0,0.0
68395ed6a1f9120d4641a584,Tomato Basil Water,-1.5295055906699457,-1.379937439400848,-1.0386030685726388,-1.3979258851488194,-0.9847240109779566,-1.3160103921184199,-0.7616742244918879,-1.3926723575104303,-0.8049010721875727,-2.072098279534043,-1.079531653267117,0.0,1.0,0.0,0.0,0.0,0.0,0.0,0.0,1.0,0.0,0.0,0.0,0.0,0.0,1.0,0.0,0.0,1.0,1.0,1.0,1.0,1.0,1.0,1.0,1.0,1.0,0.0
68395eeaa1f9120d4641a5df,Oats & Lentil Dosa with Green Chutney,-0.8196472083399168,-0.7000480820213488,0.2323708646897684,-0.9810197365238074,0.6000948059461878,-0.9228650377047964,-0.7616742244918879,-0.18646161072962156,1.3823501847235893,-0.9650299938505638,0.1755102101527029,1.0,0.0,0.0,0.0,1.0,0.0,0.0,0.0,0.0,0.0,0.0,0.0,0.0,0.0,1.0,0.0,0.0,0.0,1.0,1.0,1.0,1.0,0.0,1.0,1.0,1.0,0.0
68395eeaa1f9120d4641a5e0,Masala Oats with Lentils & Green Peas,-0.7628585377535145,-0.7000480820213488,0.19000506691435481,-0.9810197365238074,1.2340223327158455,-0.9228650377047964,-0.7616742244918879,-0.26478698389720673,1.1615419625973198,-1.017747531264063,-0.45201072155720706,1.0,0.0,0.0,0.0,1.0,0.0,0.0,0.0,0.0,0.0,0.0,0.0,0.0,0.0,1.0,0.0,0.0,0.0,1.0,1.0,1.0,1.0,0.0,1.0,1.0,1.0,0.0
68395eeaa1f9120d4641a5e1,Ragi (Finger Millet) Porridge with Jaggery,-0.7060698671671122,-1.077764391676626,0.3171024602405955,-0.8142572770738026,-0.03383272082346995,-1.3024536557593294,-0.7616742244918879,-1.0836431579219588,1.278952852578698,-0.6631022795732513,-0.6611843654605104,1.0,0.0,0.0,0.0,1.0,0.0,0.0,0.0,0.0,0.0,0.0,0.0,0.0,0.0,1.0,0.0,0.0,1.0,0.0,1.0,1.0,1.0,0.0,1.0,1.0,1.0,0.0
68395eeaa1f9120d4641a5e2,Whole Moong Dal Chilla (Lentil Pancakes with Spices),-0.8764358789263191,-0.548961558159238,0.020541875812700512,-1.1477821959738121,0.9170585693310167,-0.9228650377047964,-0.7616742244918879,0.2463891357228217,1.0738326390119093,-1.3728972569971087,-0.24283707765390372,1.0,0.0,0.0,0.0,1.0,0.0,0.0,0.0,0.0,0.0,0.0,0.0,0.0,0.0,1.0,0.0,0.0,1.0,1.0,1.0,1.0,1.0,0.0,1.0,1.0,1.0,0.0
68395eeaa1f9120d4641a5e3,Spiced Barley & Lentil Porridge,-0.7060698671671122,-0.8511346058834597,0.10527347136352766,-0.7308760473488002,1.2340223327158455,-0.9228650377047964,-0.7616742244918879,-0.6350523843257903,0.8812708058675774,-0.4618171367217097,0.38468385405600625,1.0,0.0,0.0,0.0,1.0,0.0,0.0,0.0,0.0,0.0,0.0,0.0,0.0,0.0,1.0,0.0,0.0,0.0,1.0,1.0,1.0,1.0,0.0,1.0,1.0,1.0,0.0
68395eeaa1f9120d4641a5e4,Ragi & Oats Pancakes with Fresh Herbs,-0.8196472083399168,-1.0022211297455705,0.3171024602405955,-1.0644009662488099,0.2831310425613589,-0.9228650377047964,-0.7616742244918879,-0.8443947453373355,1.557330285276482,-1.1864436509872596,-0.033663433750600415,1.0,0.0,0.0,0.0,1.0,0.0,0.0,0.0,0.0,0.0,0.0,0.0,0.0,0.0,1.0,0.0,0.0,0.0,1.0,1.0,0.0,0.0,0.0,1.0,1.0,0.0,0.0
68395eeaa1f9120d4641a5e5,Sprouted Dal Paratha,-0.7628585377535145,-0.7000480820213488,0.3171024602405955,-1.0644009662488099,0.9170585693310167,-0.9228650377047964,-0.7616742244918879,-0.26478698389720673,1.411513534815738,-1.228617680918059,0.38468385405600625,1.0,0.0,0.0,0.0,1.0,0.0,0.0,0.0,0.0,0.0,0.0,0.0,0.0,0.0,1.0,0.0,0.0,0.0,1.0,1.0,1.0,1.0,0.0,1.0,1.0,1.0,0.0
68395eeaa1f9120d4641a5e6,Chickpea & Barley Idli with Cumin Seeds,-0.47891518482150297,-0.7000480820213488,0.6136630446684905,-0.897638506798805,1.8679498594855033,-0.8957515649866156,-0.7616742244918879,-0.5660384191571488,1.3217801499168187,-1.050189092749293,0.8030311418626128,1.0,0.0,0.0,0.0,1.0,0.0,0.0,0.0,0.0,0.0,0.0,0.0,0.0,0.0,1.0,0.0,0.0,0.0,1.0,1.0,1.0,1.0,0.0,1.0,1.0,1.0,0.0
68395eeaa1f9120d4641a5e7,Quinoa Khichdi with Methi & Turmeric,-0.7060698671671122,-1.0022211297455705,0.020541875812700512,-0.5641135878987954,-0.03383272082346995,-0.9228650377047964,-0.7616742244918879,-0.9341129000565692,0.7221979871831292,-0.05924685101862626,0.1755102101527029,1.0,0.0,0.0,0.0,1.0,0.0,0.0,0.0,0.0,0.0,0.0,0.0,0.0,0.0,1.0,0.0,0.0,1.0,1.0,1.0,1.0,1.0,0.0,1.0,1.0,1.0,0.0
68395eeaa1f9120d4641a5e8,Buckwheat Roti with Mint Yogurt Dip,-0.8196472083399168,-0.8511346058834597,0.27473666246518197,-1.0644009662488099,0.2831310425613589,-0.8415246195502537,-0.7001656423927608,-0.5154281780334785,1.469840235000036,-1.1864436509872596,0.5938574979593095,0.0,0.0,0.0,1.0,1.0,0.0,0.0,0.0,0.0,0.0,0.0,0.0,0.0,0.0,1.0,0.0,0.0,1.0,1.0,1.0,0.0,0.0,0.0,1.0,1.0,1.0,0.0
68395eeaa1f9120d4641a5e9,Low-fats Oats & Jaggery Porridge,-1.1035905612719283,-1.1533076536076814,-0.021823921962713065,-1.1477821959738121,-0.35079648420829884,-1.0584324012957012,-0.7616742244918879,-0.9540502677719543,1.6448203355529285,-1.1864436509872596,-0.6611843654605104,1.0,0.0,0.0,0.0,1.0,0.0,0.0,0.0,0.0,0.0,0.0,0.0,0.0,0.0,1.0,0.0,0.0,0.0,0.0,1.0,1.0,1.0,0.0,1.0,1.0,1.0,0.0
68395eeaa1f9120d4641a5ea,Ragi Idli with Green Chutney,-0.9900132200991237,-1.0022211297455705,0.10527347136352766,-1.1477821959738121,-0.03383272082346995,-0.8957515649866156,-0.7616742244918879,-0.6702359744117642,1.583062653004849,-1.2906383131692343,-0.45201072155720706,1.0,0.0,0.0,0.0,1.0,0.0,0.0,0.0,0.0,0.0,0.0,0.0,0.0,0.0,1.0,0.0,0.0,1.0,1.0,1.0,1.0,1.0,0.0,1.0,1.0,1.0,0.0
68395eeaa1f9120d4641a5eb,"Whole Wheat Mini Parathas (Dry Roasted, No Oil)",-1.5011112553767445,-1.2288509155387368,-0.48784769749226237,-1.314544655423817,-0.6677602475931277,-0.5161629469320826,-0.7616742244918879,-0.5976698198594428,1.9947805366587148,-1.5185641366923035,-0.45201072155720706,1.0,0.0,0.0,0.0,1.0,0.0,0.0,0.0,0.0,0.0,0.0,0.0,0.0,0.0,1.0,0.0,0.0,0.0,1.0,1.0,1.0,1.0,0.0,1.0,0.0,1.0,0.0
68395eeaa1f9120d4641a5ec,Egg White Omelet with Green Chilies,-1.4443225847903423,-0.8511346058834597,-0.9962372707972252,-0.9810197365238074,-0.9847240109779566,-0.7872976741138918,-0.7616742244918879,1.0928528176742665,-0.7271321386085091,0.38805346642924393,-0.8703580093638137,1.0,0.0,0.0,0.0,1.0,0.0,0.0,0.0,0.0,0.0,0.0,0.0,0.0,0.0,1.0,0.0,0.0,1.0,1.0,0.0,1.0,1.0,0.0,1.0,1.0,1.0,0.0
68395eeaa1f9120d4641a5ed,Spicy Masala Omelet (With Fresh Coriander & Green Chilies),-0.9332245495127215,-0.548961558159238,-0.9962372707972252,-0.31396989872378817,-0.9847240109779566,-0.7872976741138918,3.7899608508435247,0.36181600144347315,-1.1159768065038267,1.1260989902182301,-0.6611843654605104,1.0,0.0,0.0,0.0,1.0,0.0,0.0,0.0,0.0,0.0,0.0,0.0,0.0,0.0,1.0,0.0,0.0,1.0,1.0,0.0,1.0,1.0,0.0,1.0,1.0,0.0,0.0
68395eeaa1f9120d4641a5ee,"Anda Bhurji (Scrambled Eggs with Spices, No Butter)",-1.046801890685526,-0.7000480820213488,-0.9115056752463981,-0.48073235817379295,-0.9847240109779566,-0.7872976741138918,2.6828063730592353,0.22474659840019948,-0.848646097325796,0.9723395060955247,-0.8703580093638137,1.0,0.0,0.0,0.0,1.0,0.0,0.0,0.0,0.0,0.0,0.0,0.0,0.0,0.0,1.0,0.0,0.0,1.0,1.0,0.0,1.0,1.0,0.0,1.0,1.0,0.0,0.0
68395eeaa1f9120d4641a5ef,Desi-Style Scrambled Tofu,-1.1603792318583308,-0.7000480820213488,-0.8267740796955709,-0.7308760473488002,-0.6677602475931277,-0.7872976741138918,-0.7616742244918879,0.518466747778643,-0.5049351855254706,0.458343516313909,-0.45201072155720706,1.0,0.0,0.0,0.0,1.0,0.0,0.0,0.0,0.0,0.0,0.0,0.0,0.0,0.0,1.0,0.0,0.0,1.0,1.0,1.0,1.0,1.0,0.0,1.0,1.0,1.0,0.0
68395eeaa1f9120d4641a5f0,Egg Bhurji (Desi Scrambled Eggs),-0.5357038554079052,-0.397875034297127,-0.7420424841447438,0.10293624990122387,-0.35079648420829884,-0.6517303105229872,3.7899608508435247,0.010918329652692517,-0.8049010721875727,1.1162583832343769,-0.6611843654605104,1.0,0.0,0.0,0.0,1.0,0.0,0.0,0.0,0.0,0.0,0.0,0.0,0.0,0.0,1.0,0.0,0.0,1.0,1.0,0.0,1.0,1.0,0.0,1.0,1.0,0.0,0.0
68395eeaa1f9120d4641a5f1,"Almond Milkshake (No Sugar, High Protein)",-0.8196472083399168,-1.0022211297455705,-0.6573108885939167,-0.14720743927378335,-0.03383272082346995,-0.9228650377047964,-0.7616742244918879,-0.8443947453373355,-0.4549408710817868,1.2491065775163945,-1.079531653267117,1.0,0.0,0.0,0.0,1.0,0.0,0.0,0.0,0.0,0.0,0.0,0.0,0.0,0.0,1.0,0.0,0.0,1.0,0.0,1.0,1.0,1.0,0.0,0.0,1.0,1.0,0.0
68395eeaa1f9120d4641a5f2,Chia Seed Pudding with Almonds,-0.6492811965807099,-0.9266778678145151,-0.4454818997168488,-0.06382620954878093,1.8679498594855033,-0.9228650377047964,-0.7616742244918879,-0.830091851106733,-0.21149029639950087,1.0084395588895514,-1.079531653267117,1.0,0.0,0.0,0.0,1.0,0.0,0.0,0.0,0.0,0.0,0.0,0.0,0.0,0.0,1.0,0.0,0.0,1.0,0.0,1.0,1.0,1.0,0.0,1.0,1.0,1.0,0.0
68395eeaa1f9120d4641a5f3,Brown Rice & Lentil Idli,-0.7060698671671122,-0.9266778678145151,0.4441998535668363,-1.0644009662488099,-0.03383272082346995,-0.7872976741138918,-0.7616742244918879,-0.7845826421911798,1.5175620806053702,-1.2669577081278762,-0.033663433750600415,1.0,0.0,0.0,0.0,1.0,0.0,0.0,0.0,0.0,0.0,0.0,0.0,0.0,0.0,1.0,0.0,0.0,1.0,1.0,1.0,1.0,1.0,0.0,1.0,1.0,1.0,0.0
68395eeaa1f9120d4641a5f4,Sattu Drink,-1.5011112553767445,-1.1533076536076814,-0.6573108885939167,-1.314544655423817,-0.6677602475931277,-0.24502821975027334,-0.7616742244918879,-0.18646161072962156,1.1198800338942496,-1.5185641366923035,-1.079531653267117,1.0,0.0,0.0,0.0,1.0,0.0,0.0,0.0,0.0,0.0,0.0,0.0,0.0,0.0,1.0,0.0,0.0,1.0,1.0,1.0,1.0,1.0,0.0,1.0,0.0,1.0,0.0
68395eeaa1f9120d4641a5f5,Buckwheat Dosa,-1.1035905612719283,-1.0022211297455705,-0.06418971973812664,-1.2311634256988147,-0.03383272082346995,-0.5161629469320826,-0.7616742244918879,-0.5154281780334785,1.5281669351843334,-1.481661860502854,-0.8703580093638137,1.0,0.0,0.0,0.0,1.0,0.0,0.0,0.0,0.0,0.0,0.0,0.0,0.0,0.0,1.0,0.0,0.0,1.0,1.0,1.0,1.0,1.0,0.0,1.0,1.0,1.0,0.0
68395eeaa1f9120d4641a5f6,Red Lentil Pancakes with Green Chilies,-0.9900132200991237,-0.548961558159238,0.020541875812700512,-1.314544655423817,0.9170585693310167,-0.9228650377047964,-0.7616742244918879,0.4908224984253778,1.3772037111779158,-1.8116116240791067,-0.8703580093638137,1.0,0.0,0.0,0.0,1.0,0.0,0.0,0.0,0.0,0.0,0.0,0.0,0.0,0.0,1.0,0.0,0.0,1.0,1.0,1.0,1.0,1.0,0.0,1.0,1.0,1.0,0.0
68395eeaa1f9120d4641a5f7,Quinoa Vegetable Bowl,-0.9332245495127215,-1.0022211297455705,0.020541875812700512,-0.9810197365238074,0.2831310425613589,-0.8957515649866156,-0.7616742244918879,-0.7347392229027165,1.2170912008680792,-0.8420224065523995,-0.45201072155720706,1.0,0.0,0.0,0.0,1.0,0.0,0.0,0.0,0.0,0.0,0.0,0.0,0.0,0.0,1.0,0.0,0.0,1.0,1.0,1.0,1.0,1.0,0.0,1.0,1.0,1.0,0.0
68395eeaa1f9120d4641a5f8,Low-fats Dahi Parfait,-1.046801890685526,-0.9266778678145151,-0.14892131528895378,-1.0644009662488099,0.2831310425613589,-1.1668862921684249,-0.7001656423927608,-0.3920657152945323,1.1198800338942496,-0.9650299938505638,-0.8703580093638137,1.0,0.0,0.0,0.0,1.0,0.0,0.0,0.0,0.0,0.0,0.0,0.0,0.0,0.0,1.0,0.0,0.0,0.0,1.0,1.0,0.0,0.0,0.0,1.0,1.0,1.0,0.0
68395eeaa1f9120d4641a5f9,Baingan Bharta,-1.38753391420394,-1.3043941774697922,-0.48784769749226237,-1.0644009662488099,0.6000948059461878,-0.8957515649866156,-0.7616742244918879,-1.1733613126411924,1.2948601344471429,-0.30078902244047645,-0.45201072155720706,1.0,0.0,0.0,0.0,1.0,0.0,0.0,0.0,0.0,0.0,0.0,0.0,0.0,0.0,1.0,0.0,0.0,1.0,1.0,1.0,1.0,1.0,0.0,1.0,1.0,1.0,0.0
68395eeaa1f9120d4641a5fa,Daal Masoor Toast,-0.9332245495127215,-0.8511346058834597,0.020541875812700512,-1.0644009662488099,0.6000948059461878,-0.5161629469320826,-0.7616742244918879,-0.3692208147873199,1.2170912008680792,-1.0880375811487282,-0.24283707765390372,1.0,0.0,0.0,0.0,1.0,0.0,0.0,0.0,0.0,0.0,0.0,0.0,0.0,0.0,1.0,0.0,0.0,0.0,1.0,1.0,1.0,1.0,0.0,1.0,1.0,1.0,0.0
68395eeaa1f9120d4641a5fb,Suji Vegetable Chilla,-0.8764358789263191,-1.0022211297455705,0.19000506691435481,-1.0644009662488099,-0.35079648420829884,-0.8957515649866156,-0.7370707916522371,-0.7924526557630422,1.4422117980706315,-1.1398302494847974,-0.45201072155720706,1.0,0.0,0.0,0.0,1.0,0.0,0.0,0.0,0.0,0.0,0.0,0.0,0.0,0.0,1.0,0.0,0.0,0.0,1.0,1.0,0.0,0.0,0.0,1.0,1.0,1.0,0.0
68395eeaa1f9120d4641a5fc,Mint Coriander Paratha (No Oil),-1.217167902444733,-1.077764391676626,-0.06418971973812664,-1.314544655423817,-0.03383272082346995,-0.8957515649866156,-0.7616742244918879,-0.5660384191571488,1.9947805366587148,-1.7314618839391265,-0.6611843654605104,1.0,0.0,0.0,0.0,1.0,0.0,0.0,0.0,0.0,0.0,0.0,0.0,0.0,0.0,1.0,0.0,0.0,0.0,1.0,1.0,1.0,1.0,0.0,1.0,1.0,1.0,0.0
68395eeaa1f9120d4641a5fd,Besan Vegetable Toast,-0.9900132200991237,-1.0022211297455705,-0.14892131528895378,-0.9810197365238074,-0.03383272082346995,-0.5161629469320826,-0.7616742244918879,-0.6702359744117642,0.9654858275240501,-0.7696650022593616,-0.45201072155720706,1.0,0.0,0.0,0.0,1.0,0.0,0.0,0.0,0.0,0.0,0.0,0.0,0.0,0.0,1.0,0.0,0.0,0.0,1.0,1.0,1.0,1.0,0.0,1.0,1.0,1.0,0.0
68395eeaa1f9120d4641a5fe,Vegetable Poha,-0.7628585377535145,-1.077764391676626,0.19000506691435481,-0.897638506798805,-0.35079648420829884,-0.6517303105229872,-0.7616742244918879,-1.0480407155730564,1.1615419625973198,-0.806877381610067,-0.6611843654605104,1.0,0.0,0.0,0.0,1.0,0.0,0.0,0.0,0.0,0.0,0.0,0.0,0.0,0.0,1.0,0.0,0.0,0.0,1.0,1.0,1.0,1.0,0.0,1.0,1.0,1.0,0.0
68395eeaa1f9120d4641a5ff,Dahi Pudina Roti Wrap,-1.2739565730311353,-1.077764391676626,-0.31838450639060806,-1.2311634256988147,-0.03383272082346995,-0.380595583341178,-0.7247690752324116,-0.46060041681616914,1.411513534815738,-1.3340527557450568,-0.8703580093638137,1.0,0.0,0.0,0.0,1.0,0.0,0.0,0.0,0.0,0.0,0.0,0.0,0.0,0.0,1.0,0.0,0.0,0.0,1.0,1.0,0.0,0.0,0.0,1.0,1.0,1.0,0.0
68395eeaa1f9120d4641a600,Khichdi (Moong Dal + Brown Rice),-1.1035905612719283,-0.9266778678145151,-0.06418971973812664,-1.2311634256988147,0.2831310425613589,-0.8957515649866156,-0.7616742244918879,-0.29611713316424054,1.5281669351843334,-1.481661860502854,-0.24283707765390372,1.0,0.0,0.0,0.0,1.0,0.0,0.0,0.0,0.0,0.0,0.0,0.0,0.0,0.0,1.0,0.0,0.0,1.0,1.0,1.0,1.0,1.0,0.0,1.0,1.0,1.0,0.0
68395eeaa1f9120d4641a601,Spinach & Onion Roti,-1.046801890685526,-1.077764391676626,0.020541875812700512,-1.0644009662488099,0.2831310425613589,-0.8957515649866156,-0.7616742244918879,-0.8032739244243533,1.557330285276482,-0.9650299938505638,-0.24283707765390372,1.0,0.0,0.0,0.0,1.0,0.0,0.0,0.0,0.0,0.0,0.0,0.0,0.0,0.0,1.0,0.0,0.0,0.0,1.0,1.0,1.0,1.0,0.0,1.0,1.0,1.0,0.0
68395eeaa1f9120d4641a602,Low-fats Vegetable Daliya,-1.1603792318583308,-1.1533076536076814,-0.14892131528895378,-1.0644009662488099,0.6000948059461878,-0.8957515649866156,-0.7616742244918879,-0.8913899692378865,1.4948373922218776,-0.806877381610067,-0.033663433750600415,1.0,0.0,0.0,0.0,1.0,0.0,0.0,0.0,0.0,0.0,0.0,0.0,0.0,0.0,1.0,0.0,0.0,0.0,1.0,1.0,1.0,1.0,0.0,1.0,1.0,1.0,0.0
68395eeaa1f9120d4641a603,Lauki Thepla,-1.1603792318583308,-1.1533076536076814,-0.06418971973812664,-1.1477821959738121,0.2831310425613589,-0.8957515649866156,-0.7616742244918879,-0.8913899692378865,1.7448089644402962,-1.1231826060910608,-0.45201072155720706,1.0,0.0,0.0,0.0,1.0,0.0,0.0,0.0,0.0,0.0,0.0,0.0,0.0,0.0,1.0,0.0,0.0,0.0,1.0,1.0,1.0,1.0,0.0,1.0,1.0,1.0,0.0
68395eeaa1f9120d4641a604,Methi Oats Khichdi,-1.1035905612719283,-1.077764391676626,-0.4031161019414352,-0.897638506798805,-0.03383272082346995,-0.8957515649866156,-0.7616742244918879,-0.7347392229027165,0.5949397322355708,-0.30078902244047645,-0.24283707765390372,1.0,0.0,0.0,0.0,1.0,0.0,0.0,0.0,0.0,0.0,0.0,0.0,0.0,0.0,1.0,0.0,0.0,0.0,1.0,1.0,1.0,1.0,0.0,1.0,1.0,1.0,0.0
68395eeaa1f9120d4641a605,Chickpea Spinach Chilla,-1.1035905612719283,-0.9266778678145151,-0.31838450639060806,-0.9810197365238074,0.2831310425613589,-0.8957515649866156,-0.7616742244918879,-0.29611713316424054,0.8282465329727615,-0.5960072319560709,-0.45201072155720706,1.0,0.0,0.0,0.0,1.0,0.0,0.0,0.0,0.0,0.0,0.0,0.0,0.0,0.0,1.0,0.0,0.0,1.0,1.0,1.0,1.0,1.0,0.0,1.0,1.0,1.0,0.0
68395eeaa1f9120d4641a606,Quinoa Vegetable Khichdi,-0.9900132200991237,-0.8511346058834597,-0.06418971973812664,-1.0644009662488099,0.6000948059461878,-0.8957515649866156,-0.7616742244918879,-0.28321648346605016,1.1713447693509833,-1.030151657714298,-0.033663433750600415,1.0,0.0,0.0,0.0,1.0,0.0,0.0,0.0,0.0,0.0,0.0,0.0,0.0,0.0,1.0,0.0,0.0,1.0,1.0,1.0,1.0,1.0,0.0,1.0,1.0,1.0,0.0
68395eeaa1f9120d4641a607,Lobia (Black-Eyed Pea) Cheela,-1.1035905612719283,-0.9266778678145151,-0.23365291083978093,-1.0644009662488099,0.6000948059461878,-0.8957515649866156,-0.7616742244918879,-0.29611713316424054,1.061553333709952,-0.8912254414716653,-0.033663433750600415,1.0,0.0,0.0,0.0,1.0,0.0,0.0,0.0,0.0,0.0,0.0,0.0,0.0,0.0,1.0,0.0,0.0,1.0,1.0,1.0,1.0,1.0,0.0,1.0,1.0,1.0,0.0
68395eeaa1f9120d4641a608,Sweet Potato Chaat,-1.4443225847903423,-1.3043941774697922,-0.31838450639060806,-1.3979258851488194,-0.03383272082346995,-0.8957515649866156,-0.7616742244918879,-1.1002576310181131,2.3836252045540323,-2.072098279534043,-0.6611843654605104,1.0,0.0,0.0,0.0,1.0,0.0,0.0,0.0,0.0,0.0,0.0,0.0,0.0,0.0,1.0,0.0,0.0,1.0,1.0,1.0,1.0,1.0,0.0,1.0,1.0,1.0,0.0
68395eeaa1f9120d4641a609,Carrot Moong Dal Soup,-1.38753391420394,-1.0022211297455705,-0.4031161019414352,-1.3562352702863183,0.2831310425613589,-0.8957515649866156,-0.7616742244918879,0.14250495657423518,1.6448203355529285,-1.8506846223973472,-0.45201072155720706,1.0,0.0,0.0,0.0,1.0,0.0,0.0,0.0,0.0,0.0,0.0,0.0,0.0,0.0,1.0,0.0,0.0,1.0,1.0,1.0,1.0,1.0,0.0,1.0,1.0,1.0,0.0
68395eeaa1f9120d4641a60a,Boiled Chana Salad,-1.1603792318583308,-1.0022211297455705,-0.14892131528895378,-1.2311634256988147,0.9170585693310167,-0.9228650377047964,-0.7616742244918879,-0.4214377302323766,1.4948373922218776,-1.4394878305720549,-0.6611843654605104,1.0,0.0,0.0,0.0,1.0,0.0,0.0,0.0,0.0,0.0,0.0,0.0,0.0,0.0,1.0,0.0,0.0,1.0,1.0,1.0,1.0,1.0,0.0,1.0,1.0,1.0,0.0
68395eeaa1f9120d4641a60b,Stuffed Lauki Paratha,-1.1603792318583308,-1.0022211297455705,-0.31838450639060806,-0.9810197365238074,0.2831310425613589,-0.8957515649866156,-0.7616742244918879,-0.4214377302323766,0.9948942477850404,-0.49057215712907265,-0.24283707765390372,1.0,0.0,0.0,0.0,1.0,0.0,0.0,0.0,0.0,0.0,0.0,0.0,0.0,0.0,1.0,0.0,0.0,1.0,1.0,1.0,1.0,1.0,0.0,1.0,1.0,1.0,0.0
68395eeaa1f9120d4641a60c,Sprouted Moong Salad,-1.2739565730311353,-1.0022211297455705,-0.31838450639060806,-1.314544655423817,0.6000948059461878,-0.9228650377047964,-0.7616742244918879,-0.18646161072962156,1.411513534815738,-1.7030755176395498,-0.8703580093638137,1.0,0.0,0.0,0.0,1.0,0.0,0.0,0.0,0.0,0.0,0.0,0.0,0.0,0.0,1.0,0.0,0.0,1.0,1.0,1.0,1.0,1.0,0.0,1.0,1.0,1.0,0.0
68395eeaa1f9120d4641a60d,Masala Apple Oats,-1.2739565730311353,-1.2288509155387368,-0.14892131528895378,-1.2311634256988147,-0.03383272082346995,-0.9228650377047964,-0.7616742244918879,-1.0088780289892638,1.9947805366587148,-1.3340527557450568,-0.7866885518024923,1.0,0.0,0.0,0.0,1.0,0.0,0.0,0.0,0.0,0.0,0.0,0.0,0.0,0.0,1.0,0.0,0.0,0.0,1.0,1.0,1.0,1.0,0.0,1.0,1.0,1.0,0.0
68395eeaa1f9120d4641a60e,Methi Thepla with Raita,-1.046801890685526,-1.077764391676626,-0.06418971973812664,-1.0644009662488099,0.2831310425613589,-1.0584324012957012,-0.7370707916522371,-0.8032739244243533,1.338605159585366,-0.9650299938505638,-0.033663433750600415,1.0,0.0,0.0,0.0,1.0,0.0,0.0,0.0,0.0,0.0,0.0,0.0,0.0,0.0,1.0,0.0,0.0,0.0,1.0,1.0,0.0,0.0,0.0,1.0,1.0,1.0,0.0
68395eeaa1f9120d4641a60f,Sweet Potato & Moong Patties,-1.1603792318583308,-1.0022211297455705,-0.23365291083978093,-1.1477821959738121,0.2831310425613589,-1.0584324012957012,-0.7616742244918879,-0.4214377302323766,1.244865820003459,-1.1231826060910608,-0.24283707765390372,1.0,0.0,0.0,0.0,1.0,0.0,0.0,0.0,0.0,0.0,0.0,0.0,0.0,0.0,1.0,0.0,0.0,1.0,1.0,1.0,1.0,1.0,0.0,1.0,1.0,1.0,0.0
68395eeaa1f9120d4641a610,Coconut Chia Pudding,-0.5924925259943076,-1.077764391676626,-0.31838450639060806,-0.06382620954878093,1.2340223327158455,-1.2753401830411486,-0.7616742244918879,-1.1459474320325376,-0.046653969791703304,0.8800838156219012,-1.079531653267117,1.0,0.0,0.0,0.0,1.0,0.0,0.0,0.0,0.0,0.0,0.0,0.0,0.0,0.0,1.0,0.0,0.0,1.0,1.0,1.0,1.0,1.0,0.0,1.0,1.0,1.0,0.0
68395eeaa1f9120d4641a611,Palak Poha,-1.4443225847903423,-1.3043941774697922,-0.4031161019414352,-1.314544655423817,-0.6677602475931277,-1.0584324012957012,-0.7616742244918879,-1.1002576310181131,1.9947805366587148,-1.5800679303413856,-0.6611843654605104,1.0,0.0,0.0,0.0,1.0,0.0,0.0,0.0,0.0,0.0,0.0,0.0,0.0,0.0,1.0,0.0,0.0,1.0,1.0,1.0,1.0,1.0,0.0,1.0,1.0,1.0,0.0
68395eeaa1f9120d4641a612,Dhokla (Steamed Besan Cake),-1.217167902444733,-1.0022211297455705,-0.4031161019414352,-1.0644009662488099,-0.03383272082346995,-1.0584324012957012,-0.7370707916522371,-0.3129872135387973,0.9179799178716812,-0.7095526971543763,0.38468385405600625,1.0,0.0,0.0,0.0,1.0,0.0,0.0,0.0,0.0,0.0,0.0,0.0,0.0,0.0,1.0,0.0,0.0,1.0,1.0,1.0,0.0,0.0,0.0,1.0,1.0,1.0,0.0
68395eeaa1f9120d4641a613,Pumpkin Oats Tikki,-1.38753391420394,-1.3043941774697922,-0.5725792930430895,-1.0644009662488099,-0.35079648420829884,-1.0584324012957012,-0.7616742244918879,-1.1733613126411924,0.9448999333413571,-0.30078902244047645,-0.45201072155720706,1.0,0.0,0.0,0.0,1.0,0.0,0.0,0.0,0.0,0.0,0.0,0.0,0.0,0.0,1.0,0.0,0.0,0.0,1.0,1.0,1.0,1.0,0.0,1.0,1.0,1.0,0.0
68395eeaa1f9120d4641a614,Vegetable Idli,-0.9332245495127215,-1.0022211297455705,0.19000506691435481,-1.0644009662488099,-0.03383272082346995,-0.7872976741138918,-0.7370707916522371,-0.7347392229027165,1.6059358687633971,-1.0880375811487282,-0.033663433750600415,1.0,0.0,0.0,0.0,1.0,0.0,0.0,0.0,0.0,0.0,0.0,0.0,0.0,0.0,1.0,0.0,0.0,0.0,1.0,1.0,0.0,0.0,0.0,1.0,1.0,1.0,0.0
68395eeaa1f9120d4641a615,Roti Wrap with Hummus & Veggies,-0.7060698671671122,-0.9266778678145151,0.27473666246518197,-0.8142572770738026,0.9170585693310167,-0.24502821975027334,-0.7616742244918879,-0.7845826421911798,1.1994164432364738,-0.6631022795732513,-0.8703580093638137,0.0,0.0,0.0,1.0,1.0,0.0,0.0,0.0,0.0,0.0,0.0,0.0,0.0,0.0,1.0,0.0,0.0,0.0,1.0,1.0,1.0,1.0,0.0,1.0,0.0,1.0,0.0
68395eeaa1f9120d4641a616,Cucumber Mint Sandwich,-1.5011112553767445,-1.3043941774697922,-0.5725792930430895,-1.2311634256988147,-0.35079648420829884,-0.7872976741138918,-0.7616742244918879,-1.0088780289892638,1.557330285276482,-0.9650299938505638,-0.8703580093638137,1.0,0.0,0.0,0.0,1.0,0.0,0.0,0.0,0.0,0.0,0.0,0.0,0.0,0.0,1.0,0.0,0.0,1.0,1.0,1.0,1.0,1.0,0.0,1.0,1.0,1.0,0.0
68395eeaa1f9120d4641a617,Chickpea Sundal,-1.2739565730311353,-1.1533076536076814,-0.48784769749226237,-1.0644009662488099,0.2831310425613589,-0.8957515649866156,-0.7616742244918879,-0.7347392229027165,0.8282465329727615,-0.5960072319560709,-0.6611843654605104,1.0,0.0,0.0,0.0,1.0,0.0,0.0,0.0,0.0,0.0,0.0,0.0,0.0,0.0,1.0,0.0,0.0,1.0,1.0,1.0,1.0,1.0,0.0,1.0,1.0,1.0,0.0
68395eeaa1f9120d4641a618,Spinach & Oats Tikki,-1.3307452436175375,-1.2288509155387368,-0.48784769749226237,-1.0644009662488099,-0.35079648420829884,-0.8957515649866156,-0.7616742244918879,-0.9341129000565692,1.0403436245520257,-0.4618171367217097,-0.45201072155720706,1.0,0.0,0.0,0.0,1.0,0.0,0.0,0.0,0.0,0.0,0.0,0.0,0.0,0.0,1.0,0.0,0.0,0.0,1.0,1.0,1.0,1.0,0.0,1.0,1.0,1.0,0.0
68395eeaa1f9120d4641a619,Sweet Potato Poha,-1.046801890685526,-1.2288509155387368,0.10527347136352766,-1.1477821959738121,-0.03383272082346995,-0.8957515649866156,-0.7616742244918879,-1.2144821335541747,1.7760554109675983,-1.2417970652714336,-0.6611843654605104,1.0,0.0,0.0,0.0,1.0,0.0,0.0,0.0,0.0,0.0,0.0,0.0,0.0,0.0,1.0,0.0,0.0,1.0,1.0,1.0,1.0,1.0,0.0,1.0,1.0,1.0,0.0
68395eeaa1f9120d4641a61a,Sprouts Chaat,-1.5011112553767445,-1.1533076536076814,-0.48784769749226237,-1.3562352702863183,-0.03383272082346995,-0.8957515649866156,-0.7616742244918879,-0.18646161072962156,1.9947805366587148,-1.795331208113173,-0.8703580093638137,1.0,0.0,0.0,0.0,1.0,0.0,0.0,0.0,0.0,0.0,0.0,0.0,0.0,0.0,1.0,0.0,0.0,1.0,1.0,1.0,1.0,1.0,0.0,1.0,1.0,1.0,0.0
68395eeaa1f9120d4641a61b,Beetroot Paratha (Dry Cooked),-1.1603792318583308,-1.077764391676626,0.020541875812700512,-1.314544655423817,-0.03383272082346995,-0.8957515649866156,-0.7616742244918879,-0.6564138497351316,1.9947805366587148,-1.755793055053049,-0.24283707765390372,1.0,0.0,0.0,0.0,1.0,0.0,0.0,0.0,0.0,0.0,0.0,0.0,0.0,0.0,1.0,0.0,0.0,0.0,1.0,1.0,1.0,1.0,0.0,1.0,1.0,1.0,0.0
68395eeaa1f9120d4641a61c,Chana Masala Wrap,-0.7060698671671122,-0.8511346058834597,0.27473666246518197,-0.897638506798805,1.2340223327158455,-0.5161629469320826,-0.7616742244918879,-0.6350523843257903,1.1994164432364738,-0.864387422424793,-0.6611843654605104,1.0,0.0,0.0,0.0,1.0,0.0,0.0,0.0,0.0,0.0,0.0,0.0,0.0,0.0,1.0,0.0,0.0,0.0,1.0,1.0,1.0,1.0,0.0,1.0,1.0,1.0,0.0
68395eeaa1f9120d4641a61d,Carrot Beet Smoothie,-1.6714772671359515,-1.379937439400848,-0.6573108885939167,-1.3979258851488194,-0.35079648420829884,-1.1668862921684249,-0.7616742244918879,-1.1733613126411924,2.6947009388702865,-2.072098279534043,-0.8703580093638137,0.0,0.0,0.0,1.0,1.0,0.0,0.0,0.0,0.0,0.0,0.0,0.0,0.0,0.0,1.0,0.0,0.0,1.0,1.0,1.0,1.0,1.0,0.0,1.0,1.0,1.0,0.0
68395eeaa1f9120d4641a61e,Pear & Curd Bowl,-0.7060698671671122,-0.8511346058834597,-0.14892131528895378,-0.5641135878987954,0.6000948059461878,-1.1668862921684249,-0.7001656423927608,-0.6350523843257903,0.4040523498142331,-0.05924685101862626,-0.8703580093638137,1.0,0.0,0.0,0.0,1.0,0.0,0.0,0.0,0.0,0.0,0.0,0.0,0.0,0.0,1.0,0.0,0.0,1.0,0.0,1.0,0.0,0.0,0.0,1.0,1.0,1.0,0.0
68395eeaa1f9120d4641a61f,Multigrain Roti with Green Chutney,-1.1603792318583308,-1.077764391676626,0.020541875812700512,-1.314544655423817,0.2831310425613589,-0.8957515649866156,-0.7616742244918879,-0.6564138497351316,1.9947805366587148,-1.755793055053049,-0.6611843654605104,1.0,0.0,0.0,0.0,1.0,0.0,0.0,0.0,0.0,0.0,0.0,0.0,0.0,0.0,1.0,0.0,0.0,0.0,1.0,1.0,1.0,1.0,0.0,1.0,1.0,1.0,0.0
68395eeaa1f9120d4641a620,"Grilled Tandoori Chicken (No Butter, Minimal Oil)",-0.7060698671671122,0.6597306327376492,-0.9115056752463981,-0.7308760473488002,-0.9847240109779566,-0.24502821975027334,0.09944592489589286,2.3555527729819996,-1.0276030183458003,-0.4618171367217097,-1.1632011108284384,0.0,0.0,1.0,0.0,1.0,0.0,0.0,0.0,0.0,0.0,0.0,0.0,0.0,0.0,1.0,0.0,0.0,1.0,1.0,1.0,0.0,0.0,0.0,1.0,1.0,0.0,0.0
68395eeaa1f9120d4641a621,Chickpea & Red Rice Stir-Fry with Lemon,-0.2517605024758937,-0.7000480820213488,0.7407604379947312,-0.5641135878987954,1.2340223327158455,-0.5161629469320826,-0.7616742244918879,-0.7347392229027165,1.1198800338942496,-0.5960072319560709,-0.033663433750600415,0.0,0.0,1.0,0.0,1.0,0.0,0.0,0.0,0.0,0.0,0.0,0.0,0.0,0.0,1.0,0.0,0.0,1.0,1.0,1.0,1.0,1.0,0.0,1.0,1.0,1.0,0.0
68395eeaa1f9120d4641a622,Chickpea & Millet Soup with Fresh Herbs,-0.5357038554079052,-0.8511346058834597,0.3171024602405955,-0.6474948176237978,0.6000948059461878,-0.5161629469320826,-0.7616742244918879,-0.778601431876564,0.9448999333413571,-0.47791994814983296,0.5938574979593095,0.0,0.0,1.0,0.0,1.0,0.0,0.0,0.0,0.0,0.0,0.0,0.0,0.0,0.0,1.0,0.0,0.0,1.0,1.0,1.0,1.0,1.0,0.0,1.0,1.0,1.0,0.0
68395eeaa1f9120d4641a623,Kala Chana Kadhi (Black Chickpea Yogurt Curry),-0.9332245495127215,-0.7000480820213488,-0.23365291083978093,-0.897638506798805,0.6000948059461878,-0.5161629469320826,-0.6386570602936336,-0.003702406671923485,0.6338241990251027,-0.5960072319560709,0.38468385405600625,0.0,0.0,1.0,0.0,1.0,0.0,0.0,0.0,0.0,0.0,0.0,0.0,0.0,0.0,1.0,0.0,0.0,1.0,1.0,1.0,0.0,0.0,0.0,1.0,1.0,0.0,0.0
68395eeaa1f9120d4641a624,Green Pea & Lentil Soup with Garlic,-0.7060698671671122,-0.548961558159238,0.10527347136352766,-0.897638506798805,1.2340223327158455,-0.5161629469320826,-0.7616742244918879,-0.03693135286423225,0.8812708058675774,-0.864387422424793,-0.033663433750600415,0.0,0.0,1.0,0.0,1.0,0.0,0.0,0.0,0.0,0.0,0.0,0.0,0.0,0.0,1.0,0.0,0.0,1.0,1.0,1.0,1.0,1.0,0.0,1.0,1.0,1.0,0.0
68395eeaa1f9120d4641a625,Lentil-Stuffed Peppers with Light Spices,-1.1035905612719283,-1.0022211297455705,-0.31838450639060806,-1.0644009662488099,0.6000948059461878,-0.5161629469320826,-0.7616742244918879,-0.5154281780334785,0.8282465329727615,-0.8912254414716653,0.5938574979593095,0.0,0.0,1.0,0.0,1.0,0.0,0.0,0.0,0.0,0.0,0.0,0.0,0.0,0.0,1.0,0.0,0.0,1.0,1.0,1.0,1.0,1.0,0.0,1.0,1.0,1.0,0.0
68395eeaa1f9120d4641a626,Sprouted Chickpea Curry with Brown Rice,-0.3653378436486983,-0.7000480820213488,0.7831262357701448,-0.7308760473488002,1.2340223327158455,-0.5161629469320826,-0.7616742244918879,-0.6564138497351316,1.3698516061126682,-0.806877381610067,1.2213784296692196,0.0,0.0,1.0,0.0,1.0,0.0,0.0,0.0,0.0,0.0,0.0,0.0,0.0,0.0,1.0,0.0,0.0,1.0,1.0,1.0,1.0,1.0,0.0,1.0,1.0,1.0,0.0
68395eeaa1f9120d4641a627,Chicken Malai Boti (Low-fats Yogurt & Garlic Marinade),-0.7060698671671122,0.3575575850134274,-0.9962372707972252,-0.5641135878987954,-1.3016877743627855,-0.24502821975027334,0.22246308909414728,1.7574317415204417,-1.1866758370302484,-0.05924685101862626,1.2213784296692196,0.0,0.0,1.0,0.0,1.0,0.0,0.0,0.0,0.0,0.0,0.0,0.0,0.0,0.0,1.0,0.0,0.0,1.0,1.0,1.0,0.0,0.0,1.0,1.0,1.0,0.0,0.0
68395eeaa1f9120d4641a628,Baked Lemon Herb Chicken Drumsticks,-0.7060698671671122,-0.09570198657290525,-1.123334664123466,-0.06382620954878093,-1.3016877743627855,-0.24502821975027334,0.22246308909414728,0.8602501943281048,-1.4252850650569204,1.1484640060906235,0.5938574979593095,0.0,0.0,1.0,0.0,1.0,0.0,0.0,0.0,0.0,0.0,0.0,0.0,0.0,0.0,1.0,0.0,0.0,1.0,1.0,1.0,1.0,1.0,1.0,1.0,1.0,1.0,0.0
68395eeaa1f9120d4641a629,Mutton Yakhni (Clear Bone Broth with Whole Spices),-1.6146885965495492,-1.0022211297455705,-1.0809688663480523,-1.1477821959738121,-1.3016877743627855,-0.5161629469320826,-0.5156398960953792,1.458371225789663,-0.921554472556168,0.1420382918329153,3.7314621565088593,0.0,0.0,1.0,0.0,1.0,0.0,0.0,0.0,0.0,0.0,0.0,0.0,0.0,0.0,1.0,0.0,0.0,1.0,1.0,1.0,1.0,1.0,1.0,1.0,1.0,1.0,0.0
68395eeaa1f9120d4641a62a,Smoked Beef Boti with Black Pepper,-0.7060698671671122,0.3575575850134274,-0.9962372707972252,-0.39735112844879056,-0.9847240109779566,-0.24502821975027334,0.09944592489589286,1.7574317415204417,-1.1866758370302484,0.3433234346844569,0.8030311418626128,0.0,0.0,1.0,0.0,1.0,0.0,0.0,0.0,0.0,0.0,0.0,0.0,0.0,0.0,1.0,0.0,0.0,1.0,1.0,1.0,0.0,0.0,1.0,1.0,1.0,0.0,0.0
68395eeaa1f9120d4641a62b,Grilled Mutton Chops with Lemon & Garlic,-0.47891518482150297,0.20647106115131653,-0.9962372707972252,0.10293624990122387,-0.9847240109779566,-0.24502821975027334,0.22246308909414728,0.9522688145529601,-1.2356213197023862,0.9936292808202069,0.38468385405600625,0.0,0.0,1.0,0.0,1.0,0.0,0.0,0.0,0.0,0.0,0.0,0.0,0.0,0.0,1.0,0.0,0.0,1.0,1.0,1.0,1.0,0.0,1.0,1.0,1.0,0.0,0.0
68395eeaa1f9120d4641a62c,Mutton Kunna (Slow-Cooked Mutton in Bone Broth),0.03218285045611786,0.6597306327376492,-0.7420424841447438,0.4364611688012335,-0.6677602475931277,0.026106507431535916,0.3454802532924017,0.8004380911819491,-1.0048783299623076,0.7113876958987045,-1.1632011108284384,0.0,0.0,1.0,0.0,1.0,0.0,0.0,0.0,0.0,0.0,0.0,0.0,0.0,0.0,1.0,0.0,0.0,1.0,1.0,1.0,1.0,0.0,1.0,1.0,1.0,0.0,0.0
68395eeaa1f9120d4641a62d,Beef Harissa (Lean Meat with Whole Grains & Lentils),0.2025488622153248,0.6597306327376492,0.7831262357701448,-0.5641135878987954,1.8679498594855033,-0.24502821975027334,-0.023571239302361536,0.5926697328847761,0.6133586901885071,-0.906763241972486,-1.205035839609099,0.0,0.0,1.0,0.0,1.0,0.0,0.0,0.0,0.0,0.0,0.0,0.0,0.0,0.0,1.0,0.0,0.0,0.0,1.0,1.0,1.0,0.0,0.0,1.0,1.0,0.0,0.0
68395eeaa1f9120d4641a62e,"Grilled Chicken Wings (Spiced, No Oil, Lemon Drizzle)",-0.3653378436486983,0.20647106115131653,-0.9962372707972252,0.2696987093512287,-0.9847240109779566,-0.24502821975027334,0.3454802532924017,0.753442867281398,-1.254849902180726,1.0909539652758975,-0.033663433750600415,0.0,0.0,1.0,0.0,1.0,0.0,0.0,0.0,0.0,0.0,0.0,0.0,0.0,0.0,1.0,0.0,0.0,1.0,1.0,1.0,1.0,0.0,1.0,1.0,1.0,0.0,0.0
68395eeaa1f9120d4641a62f,Slow-Cooked Mutton Soup with Herbs & Spices,-0.13818316130308908,0.5086441088755383,-0.9115056752463981,0.4364611688012335,-0.9847240109779566,-0.24502821975027334,0.3454802532924017,0.8415589120949313,-1.1767337858624702,0.9723395060955247,-1.1632011108284384,0.0,0.0,1.0,0.0,1.0,0.0,0.0,0.0,0.0,0.0,0.0,0.0,0.0,0.0,1.0,0.0,0.0,1.0,1.0,1.0,1.0,0.0,1.0,1.0,1.0,0.0,0.0
68395eeaa1f9120d4641a630,"Steamed Chicken Pulao (Brown Rice & Lean Chicken, No Oil)",0.600069556320141,0.6597306327376492,0.9525894268717991,-0.23058866899878575,-0.03383272082346995,-0.24502821975027334,0.09944592489589286,0.2156086381973145,0.4394018650774438,-0.6944133017946021,-1.2468705683897596,0.0,0.0,1.0,0.0,1.0,0.0,0.0,0.0,0.0,0.0,0.0,0.0,0.0,0.0,1.0,0.0,0.0,1.0,1.0,1.0,1.0,0.0,0.0,1.0,1.0,0.0,0.0
68395eeaa1f9120d4641a631,Dry-Fried Beef Strips with Ginger & Garlic,-0.7060698671671122,0.3575575850134274,-0.9962372707972252,-0.39735112844879056,-1.3016877743627855,0.2972412346133452,0.09944592489589286,1.7574317415204417,-1.1866758370302484,0.3433234346844569,-0.45201072155720706,0.0,0.0,1.0,0.0,1.0,0.0,0.0,0.0,0.0,0.0,0.0,0.0,0.0,0.0,1.0,0.0,0.0,0.0,1.0,1.0,1.0,0.0,1.0,1.0,0.0,0.0,0.0
68395eeaa1f9120d4641a632,"Low-fats Chicken Haleem (Wheat, Lentils & Chicken Porridge)",-0.13818316130308908,0.20647106115131653,0.3594682580160091,-0.5641135878987954,1.2340223327158455,-0.24502821975027334,-0.14658840350061594,0.4303507029651102,0.4637046568209013,-0.688262922429694,-1.205035839609099,1.0,0.0,0.0,0.0,1.0,0.0,0.0,0.0,0.0,0.0,0.0,0.0,0.0,0.0,1.0,0.0,0.0,0.0,1.0,1.0,1.0,0.0,0.0,1.0,1.0,0.0,0.0
68395eeaa1f9120d4641a633,Lemon & Garlic Marinated Grilled Chicken Breast,-0.8196472083399168,0.3575575850134274,-1.0809688663480523,-0.5641135878987954,-1.3016877743627855,-0.24502821975027334,0.09944592489589286,2.116304360397377,-1.3298413738462516,0.1420382918329153,-0.6611843654605104,0.0,0.0,1.0,0.0,1.0,0.0,0.0,0.0,0.0,0.0,0.0,0.0,0.0,0.0,1.0,0.0,0.0,1.0,1.0,1.0,1.0,1.0,1.0,1.0,1.0,1.0,0.0
68395eeaa1f9120d4641a634,"Lean Beef Stew with Vegetables (No Oil, Slow Cooked)",-0.2517605024758937,0.20647106115131653,0.020541875812700512,-0.5641135878987954,-0.03383272082346995,-0.24502821975027334,-0.14658840350061594,0.5811270463127112,0.12832613076118982,-0.5960072319560709,-1.1632011108284384,0.0,0.0,1.0,0.0,1.0,0.0,0.0,0.0,0.0,0.0,0.0,0.0,0.0,0.0,1.0,0.0,0.0,1.0,1.0,1.0,1.0,0.0,0.0,1.0,1.0,0.0,0.0
68395eeaa1f9120d4641a635,"Chicken Kebab with Mint Chutney (Baked, No Frying)",-0.9332245495127215,0.20647106115131653,-0.9962372707972252,-0.7308760473488002,-0.9847240109779566,-0.24502821975027334,0.037937342796765666,2.189408042020456,-1.1159768065038267,-0.10397688276341331,-0.24283707765390372,0.0,0.0,1.0,0.0,1.0,0.0,0.0,0.0,0.0,0.0,0.0,0.0,0.0,0.0,1.0,0.0,0.0,1.0,1.0,1.0,1.0,1.0,1.0,1.0,1.0,0.0,0.0
68395eeaa1f9120d4641a636,Sautéed Chicken with Green Beans & Peppers,-0.5924925259943076,0.3575575850134274,-0.6573108885939167,-0.5641135878987954,-0.03383272082346995,-0.24502821975027334,0.037937342796765666,1.458371225789663,-0.6299209716346797,-0.22698447006157776,-0.45201072155720706,0.0,0.0,1.0,0.0,1.0,0.0,0.0,0.0,0.0,0.0,0.0,0.0,0.0,0.0,1.0,0.0,0.0,1.0,1.0,1.0,1.0,1.0,1.0,1.0,1.0,0.0,0.0
68395eeaa1f9120d4641a637,Baked Meatballs (Minced Beef/Chicken with Spices),-0.9332245495127215,0.20647106115131653,-1.0809688663480523,-0.5641135878987954,-0.9847240109779566,-0.24502821975027334,0.037937342796765666,2.189408042020456,-1.3103991404514856,0.38805346642924393,-0.24283707765390372,0.0,0.0,1.0,0.0,1.0,0.0,0.0,0.0,0.0,0.0,0.0,0.0,0.0,0.0,1.0,0.0,0.0,1.0,1.0,1.0,1.0,1.0,1.0,1.0,1.0,0.0,0.0
68395eeaa1f9120d4641a638,"Chicken Yakhni Pulao (Brown Rice, Low Oil)",-0.13818316130308908,0.3575575850134274,0.020541875812700512,-0.39735112844879056,-0.6677602475931277,-0.24502821975027334,0.037937342796765666,0.6359548075300205,0.02625440543866874,-0.4114958510088242,0.38468385405600625,0.0,0.0,1.0,0.0,1.0,0.0,0.0,0.0,0.0,0.0,0.0,0.0,0.0,0.0,1.0,0.0,0.0,1.0,1.0,1.0,1.0,0.0,0.0,1.0,1.0,0.0,0.0
68395eeaa1f9120d4641a639,Grilled Chicken Liver with Spices & Lemon,-0.8196472083399168,0.05538453728920563,-0.9962372707972252,-0.39735112844879056,-0.9847240109779566,-0.24502821975027334,4.159012343438288,1.458371225789663,-1.1548612732933585,0.5848656061063071,-0.45201072155720706,0.0,0.0,1.0,0.0,1.0,0.0,0.0,0.0,0.0,0.0,0.0,0.0,0.0,0.0,1.0,0.0,0.0,1.0,1.0,1.0,1.0,1.0,1.0,1.0,1.0,0.0,0.0
68395eeaa1f9120d4641a63a,"Baked Mutton Koftas (Meatballs, No Frying)",-0.3653378436486983,0.05538453728920563,-0.9962372707972252,0.2696987093512287,-0.9847240109779566,-0.24502821975027334,0.09944592489589286,0.518466747778643,-1.254849902180726,1.0909539652758975,0.38468385405600625,0.0,0.0,1.0,0.0,1.0,0.0,0.0,0.0,0.0,0.0,0.0,0.0,0.0,0.0,1.0,0.0,0.0,1.0,1.0,1.0,1.0,1.0,1.0,1.0,1.0,0.0,0.0
68395eeaa1f9120d4641a63b,Oven-Roasted Mutton Leg with Garlic & Rosemary,0.03218285045611786,0.6597306327376492,-1.123334664123466,0.7699860877012431,-1.3016877743627855,-0.24502821975027334,0.4684974174906561,0.8004380911819491,-1.4548271599554607,1.217476055068295,-1.205035839609099,0.0,0.0,1.0,0.0,1.0,0.0,0.0,0.0,0.0,0.0,0.0,0.0,0.0,0.0,1.0,0.0,0.0,1.0,1.0,1.0,1.0,1.0,1.0,1.0,1.0,0.0,0.0
68395eeaa1f9120d4641a63c,Chicken Shorba (Thin Curry with No Extra Oil),-0.5924925259943076,0.3575575850134274,-0.8267740796955709,-0.39735112844879056,-0.6677602475931277,-0.24502821975027334,0.037937342796765666,1.458371225789663,-0.921554472556168,0.1420382918329153,0.38468385405600625,0.0,0.0,1.0,0.0,1.0,0.0,0.0,0.0,0.0,0.0,0.0,0.0,0.0,0.0,1.0,0.0,0.0,1.0,1.0,1.0,1.0,0.0,1.0,1.0,1.0,0.0,0.0
68395eeaa1f9120d4641a63d,"Grilled Mutton Seekh Kebabs (No Butter, No Frying)",-0.3653378436486983,0.05538453728920563,-0.9962372707972252,0.2696987093512287,-0.9847240109779566,-0.24502821975027334,0.09944592489589286,0.518466747778643,-1.254849902180726,1.0909539652758975,-0.033663433750600415,0.0,0.0,1.0,0.0,1.0,0.0,0.0,0.0,0.0,0.0,0.0,0.0,0.0,0.0,1.0,0.0,0.0,1.0,1.0,1.0,1.0,1.0,1.0,1.0,1.0,0.0,0.0
68395eeaa1f9120d4641a63e,Fish Qeema (Minced Fish Stir-Fry with Spices),-0.9332245495127215,0.05538453728920563,-0.9962372707972252,-0.5641135878987954,-0.9847240109779566,-0.24502821975027334,-0.14658840350061594,1.8238896339050592,-1.1159768065038267,0.38805346642924393,-0.033663433750600415,0.0,0.0,1.0,0.0,1.0,0.0,0.0,0.0,0.0,0.0,0.0,0.0,0.0,0.0,1.0,0.0,0.0,1.0,1.0,1.0,1.0,1.0,1.0,1.0,1.0,0.0,0.0
68395eeaa1f9120d4641a63f,Beef & Spinach Stir-Fry with Lemon Juice,-0.5924925259943076,0.3575575850134274,-0.9115056752463981,-0.23058866899878575,-0.6677602475931277,-0.24502821975027334,0.09944592489589286,1.458371225789663,-1.0673712230169121,0.5110610537274084,-0.033663433750600415,0.0,0.0,1.0,0.0,1.0,0.0,0.0,0.0,0.0,0.0,0.0,0.0,0.0,0.0,1.0,0.0,0.0,1.0,1.0,1.0,1.0,1.0,1.0,1.0,1.0,0.0,0.0
68395eeaa1f9120d4641a640,Grilled Boneless Chicken with Mint Yogurt Dip,-0.9332245495127215,0.3575575850134274,-0.9962372707972252,-0.897638506798805,-1.3016877743627855,-0.24502821975027334,0.037937342796765666,2.5549264501358526,-1.1159768065038267,-0.5960072319560709,-0.45201072155720706,0.0,0.0,0.0,1.0,1.0,0.0,0.0,0.0,0.0,0.0,0.0,0.0,0.0,0.0,1.0,0.0,0.0,1.0,1.0,1.0,0.0,0.0,1.0,1.0,1.0,0.0,0.0
68395eeaa1f9120d4641a641,Chicken Drumsticks in Tomato & Garlic Sauce (No Oil),-0.47891518482150297,0.05538453728920563,-0.8267740796955709,-0.06382620954878093,-0.6677602475931277,-0.24502821975027334,0.22246308909414728,0.6992176089346086,-0.9664211650056277,0.6529928852252904,0.38468385405600625,0.0,0.0,1.0,0.0,1.0,0.0,0.0,0.0,0.0,0.0,0.0,0.0,0.0,0.0,1.0,0.0,0.0,1.0,1.0,1.0,1.0,1.0,1.0,1.0,1.0,0.0,0.0
68395eeaa1f9120d4641a642,Mutton Chops Baked with Lemon & Garlic,-0.47891518482150297,0.20647106115131653,-1.0809688663480523,0.10293624990122387,-1.3016877743627855,-0.24502821975027334,0.22246308909414728,0.9522688145529601,-1.3702213970507653,0.9936292808202069,0.1755102101527029,0.0,0.0,1.0,0.0,1.0,0.0,0.0,0.0,0.0,0.0,0.0,0.0,0.0,0.0,1.0,0.0,0.0,1.0,1.0,1.0,1.0,1.0,1.0,1.0,1.0,0.0,0.0
68395eeaa1f9120d4641a643,Steamed Chicken Meatballs in Tomato Gravy,-0.47891518482150297,0.20647106115131653,-0.7420424841447438,-0.23058866899878575,-0.6677602475931277,-0.24502821975027334,0.037937342796765666,0.9522688145529601,-0.8318210876572485,0.3123564896303736,0.1755102101527029,0.0,0.0,1.0,0.0,1.0,0.0,0.0,0.0,0.0,0.0,0.0,0.0,0.0,0.0,1.0,0.0,0.0,1.0,1.0,1.0,1.0,1.0,1.0,1.0,1.0,0.0,0.0
68395eeaa1f9120d4641a644,Baked Tandoori Fish with Fresh Coriander,-1.046801890685526,0.20647106115131653,-0.9962372707972252,-0.897638506798805,-0.9847240109779566,0.026106507431535916,-0.14658840350061594,2.691995853179127,-1.0673712230169121,-0.4114958510088242,-0.033663433750600415,0.0,0.0,1.0,0.0,1.0,0.0,0.0,0.0,0.0,0.0,0.0,0.0,0.0,0.0,1.0,0.0,0.0,1.0,1.0,1.0,0.0,0.0,1.0,1.0,1.0,0.0,0.0
68395eeaa1f9120d4641a645,Chicken & Green Peas Curry (Light & High Protein),-0.3653378436486983,0.5086441088755383,-0.48784769749226237,-0.39735112844879056,0.2831310425613589,-0.24502821975027334,0.037937342796765666,1.223395106286908,-0.5049351855254706,-0.1742669326480787,0.38468385405600625,0.0,0.0,1.0,0.0,1.0,0.0,0.0,0.0,0.0,0.0,0.0,0.0,0.0,0.0,1.0,0.0,0.0,1.0,1.0,1.0,1.0,1.0,0.0,1.0,1.0,0.0,0.0
68395eeaa1f9120d4641a646,Grilled Fish Skewers with Cumin & Coriander,-1.1603792318583308,0.05538453728920563,-1.0809688663480523,-0.897638506798805,-0.9847240109779566,-0.24502821975027334,-0.14658840350061594,2.8682279428061923,-1.254849902180726,-0.1742669326480787,-0.24283707765390372,0.0,0.0,1.0,0.0,1.0,0.0,0.0,0.0,0.0,0.0,0.0,0.0,0.0,0.0,1.0,0.0,0.0,1.0,1.0,1.0,1.0,1.0,1.0,1.0,1.0,0.0,0.0
68395eeaa1f9120d4641a647,Low-Oil Mutton Paya (Goat Trotters Soup),-1.38753391420394,-0.7000480820213488,-1.0809688663480523,-0.897638506798805,-1.3016877743627855,-0.24502821975027334,-0.26960556769887034,1.458371225789663,-1.1548612732933585,0.5848656061063071,-1.1632011108284384,0.0,0.0,1.0,0.0,1.0,0.0,0.0,0.0,0.0,0.0,0.0,0.0,0.0,0.0,1.0,0.0,0.0,1.0,1.0,1.0,1.0,1.0,1.0,1.0,1.0,0.0,0.0
68395eeaa1f9120d4641a648,Mutton Palak (Spinach & Lean Mutton Curry),-0.2517605024758937,0.3575575850134274,-0.6573108885939167,-0.06382620954878093,-0.03383272082346995,-0.24502821975027334,0.09944592489589286,0.8004380911819491,-0.8049010721875727,0.28964739659071237,0.5938574979593095,0.0,0.0,1.0,0.0,1.0,0.0,0.0,0.0,0.0,0.0,0.0,0.0,0.0,0.0,1.0,0.0,0.0,1.0,1.0,1.0,1.0,1.0,1.0,1.0,1.0,0.0,0.0
68395eeaa1f9120d4641a649,Beef & Bell Pepper Stir-Fry with Lemon Juice,-0.47891518482150297,0.20647106115131653,-0.8267740796955709,-0.06382620954878093,-0.6677602475931277,-0.24502821975027334,0.09944592489589286,0.9522688145529601,-0.9664211650056277,0.6529928852252904,-0.45201072155720706,0.0,0.0,1.0,0.0,1.0,0.0,0.0,0.0,0.0,0.0,0.0,0.0,0.0,0.0,1.0,0.0,0.0,1.0,1.0,1.0,1.0,1.0,1.0,1.0,1.0,0.0,0.0
68395eeaa1f9120d4641a64a,Chicken & Capsicum Stir-Fry with Ginger,-0.7060698671671122,0.3575575850134274,-0.8267740796955709,-0.5641135878987954,-0.6677602475931277,0.2972412346133452,0.037937342796765666,1.7574317415204417,-0.868530199661352,-0.05924685101862626,-0.45201072155720706,0.0,0.0,1.0,0.0,1.0,0.0,0.0,0.0,0.0,0.0,0.0,0.0,0.0,0.0,1.0,0.0,0.0,0.0,1.0,1.0,1.0,1.0,1.0,1.0,0.0,0.0,0.0
68395eeaa1f9120d4641a64b,Baked Lemon & Garlic Chicken Thighs,-0.5924925259943076,0.05538453728920563,-1.0809688663480523,-0.06382620954878093,-1.3016877743627855,-0.24502821975027334,0.22246308909414728,0.9100936136165678,-1.3590047239384004,0.8800838156219012,0.38468385405600625,0.0,0.0,1.0,0.0,1.0,0.0,0.0,0.0,0.0,0.0,0.0,0.0,0.0,0.0,1.0,0.0,0.0,1.0,1.0,1.0,1.0,1.0,1.0,1.0,1.0,0.0,0.0
68395eeaa1f9120d4641a64c,Beef & Carrot Stew with Minimal Oil,-0.3653378436486983,0.20647106115131653,-0.7420424841447438,-0.06382620954878093,-0.35079648420829884,-0.24502821975027334,0.09944592489589286,0.753442867281398,-0.8798925438530983,0.458343516313909,-1.2468705683897596,0.0,0.0,1.0,0.0,1.0,0.0,0.0,0.0,0.0,0.0,0.0,0.0,0.0,0.0,1.0,0.0,0.0,1.0,1.0,1.0,1.0,1.0,1.0,1.0,1.0,0.0,0.0
68395eeaa1f9120d4641a64d,Slow-Cooked Chicken Broth with Whole Spices,-0.47891518482150297,0.5086441088755383,-1.0809688663480523,-0.06382620954878093,-1.3016877743627855,-0.24502821975027334,0.22246308909414728,1.458371225789663,-1.3702213970507653,0.6529928852252904,-1.0376969244864565,0.0,0.0,1.0,0.0,1.0,0.0,0.0,0.0,0.0,0.0,0.0,0.0,0.0,0.0,1.0,0.0,0.0,1.0,1.0,1.0,1.0,1.0,1.0,1.0,1.0,0.0,0.0
68395eeaa1f9120d4641a64e,"Chapli Kabab (Baked or Air-Fried, No fatsty Meat)",-0.47891518482150297,0.3575575850134274,-0.9115056752463981,-0.06382620954878093,-0.6677602475931277,-0.24502821975027334,0.09944592489589286,1.2053200201713115,-1.101021242354007,0.6529928852252904,-0.24283707765390372,0.0,0.0,1.0,0.0,1.0,0.0,0.0,0.0,0.0,0.0,0.0,0.0,0.0,0.0,1.0,0.0,0.0,1.0,1.0,1.0,1.0,1.0,1.0,1.0,1.0,0.0,0.0
68395eeaa1f9120d4641a64f,"Chicken Malai Boti (Made with Greek Yogurt, No Cream)",-0.7060698671671122,0.5086441088755383,-0.9115056752463981,-0.5641135878987954,-0.9847240109779566,-0.24502821975027334,0.09944592489589286,2.0564922572512208,-1.0276030183458003,-0.05924685101862626,0.38468385405600625,0.0,0.0,1.0,0.0,1.0,0.0,0.0,0.0,0.0,0.0,0.0,0.0,0.0,0.0,1.0,0.0,0.0,1.0,1.0,1.0,0.0,0.0,1.0,1.0,1.0,0.0,0.0
68395eeaa1f9120d4641a650,"Shami Kabab (Made with Lean Meat, No Frying)",-0.47891518482150297,0.3575575850134274,-0.8267740796955709,-0.06382620954878093,-0.6677602475931277,-0.24502821975027334,0.09944592489589286,1.2053200201713115,-0.9664211650056277,0.6529928852252904,-0.033663433750600415,0.0,0.0,1.0,0.0,1.0,0.0,0.0,0.0,0.0,0.0,0.0,0.0,0.0,0.0,1.0,0.0,0.0,1.0,1.0,1.0,1.0,1.0,1.0,1.0,1.0,0.0,0.0
68395eeaa1f9120d4641a651,Grilled Beef Steak with Lemon & Black Pepper,-0.7060698671671122,0.3575575850134274,-1.123334664123466,-0.39735112844879056,-1.3016877743627855,-0.24502821975027334,0.09944592489589286,1.7574317415204417,-1.4252850650569204,0.3433234346844569,-0.45201072155720706,0.0,0.0,1.0,0.0,1.0,0.0,0.0,0.0,0.0,0.0,0.0,0.0,0.0,0.0,1.0,0.0,0.0,1.0,1.0,1.0,1.0,1.0,1.0,1.0,1.0,0.0,0.0
68395eeaa1f9120d4641a652,Split Green Pea Soup with Ginger & Garlic,-0.8196472083399168,-0.548961558159238,0.19000506691435481,-1.1477821959738121,1.8679498594855033,-0.24502821975027334,-0.7616742244918879,0.14250495657423518,1.2948601344471429,-1.4078573081239554,0.8030311418626128,0.0,0.0,1.0,0.0,1.0,0.0,0.0,0.0,0.0,0.0,0.0,0.0,0.0,0.0,1.0,0.0,0.0,1.0,1.0,1.0,1.0,1.0,0.0,1.0,1.0,0.0,0.0
68395eeaa1f9120d4641a653,Barley Roti with Cucumber Yogurt Dip,-0.2517605024758937,-0.548961558159238,0.9525894268717991,-0.897638506798805,1.2340223327158455,-0.24502821975027334,-0.7001656423927608,-0.5154281780334785,1.411513534815738,-1.1864436509872596,0.5938574979593095,0.0,0.0,0.0,1.0,1.0,0.0,0.0,0.0,0.0,0.0,0.0,0.0,0.0,0.0,1.0,0.0,0.0,0.0,1.0,1.0,0.0,0.0,0.0,1.0,1.0,0.0,0.0
68395eeaa1f9120d4641a654,Mixed Dal Soup (High-Protein Lentil Broth),-0.9332245495127215,-0.7000480820213488,0.020541875812700512,-1.1477821959738121,1.2340223327158455,-0.24502821975027334,-0.7616742244918879,-0.003702406671923485,1.2170912008680792,-1.3340527557450568,-0.24283707765390372,0.0,0.0,1.0,0.0,1.0,0.0,0.0,0.0,0.0,0.0,0.0,0.0,0.0,0.0,1.0,0.0,0.0,1.0,1.0,1.0,1.0,1.0,0.0,1.0,1.0,0.0,0.0
68395eeaa1f9120d4641a655,Whole Wheat Roti with Dal Fry,0.03218285045611786,-0.397875034297127,1.376247404625935,-0.897638506798805,2.501877386255161,-0.24502821975027334,-0.7616742244918879,-0.5154281780334785,1.4948373922218776,-1.3129657407796573,0.38468385405600625,0.0,0.0,1.0,0.0,1.0,0.0,0.0,0.0,0.0,0.0,0.0,0.0,0.0,0.0,1.0,0.0,0.0,0.0,1.0,1.0,1.0,1.0,0.0,1.0,1.0,0.0,0.0
68395eeaa1f9120d4641a656,Brown Rice & Masoor Dal Khichdi (Lentil Porridge),-0.2517605024758937,-0.548961558159238,0.7831262357701448,-0.7308760473488002,1.2340223327158455,-0.24502821975027334,-0.7616742244918879,-0.5154281780334785,1.1782067340785474,-0.8912254414716653,-0.6611843654605104,1.0,0.0,0.0,0.0,1.0,0.0,0.0,0.0,0.0,0.0,0.0,0.0,0.0,0.0,1.0,0.0,0.0,1.0,1.0,1.0,1.0,1.0,0.0,1.0,1.0,0.0,0.0
68395eeaa1f9120d4641a657,Chana Dal Pulao (Brown Rice & Split Chickpea Pilaf),-0.5357038554079052,-0.8511346058834597,0.5289314491176634,-0.897638506798805,0.6000948059461878,-0.24502821975027334,-0.7616742244918879,-0.778601431876564,1.2948601344471429,-1.009312725277903,-0.6611843654605104,0.0,0.0,1.0,0.0,1.0,0.0,0.0,0.0,0.0,0.0,0.0,0.0,0.0,0.0,1.0,0.0,0.0,1.0,1.0,1.0,1.0,1.0,0.0,1.0,1.0,0.0,0.0
68395eeaa1f9120d4641a658,Ghiya Tamatar (Bottle Gourd & Tomato Curry),-1.2739565730311353,-1.3043941774697922,-0.7420424841447438,-0.7308760473488002,-0.35079648420829884,-0.24502821975027334,-0.7616742244918879,-1.2830168350758113,-0.046653969791703304,0.8800838156219012,-0.8703580093638137,0.0,0.0,1.0,0.0,1.0,0.0,0.0,0.0,0.0,0.0,0.0,0.0,0.0,0.0,1.0,0.0,0.0,1.0,1.0,1.0,1.0,1.0,1.0,1.0,1.0,0.0,0.0
68395eeaa1f9120d4641a659,Baingan Mirchi Bharta (Eggplant & Green Chili Mash),-1.2739565730311353,-1.3043941774697922,-0.7420424841447438,-0.7308760473488002,-0.03383272082346995,-0.5161629469320826,-0.7616742244918879,-1.2830168350758113,-0.046653969791703304,0.8800838156219012,-0.8703580093638137,0.0,0.0,1.0,0.0,1.0,0.0,0.0,0.0,0.0,0.0,0.0,0.0,0.0,0.0,1.0,0.0,0.0,1.0,1.0,1.0,1.0,1.0,1.0,1.0,1.0,0.0,0.0
68395eeaa1f9120d4641a65a,Pumpkin & Coconut Milk Curry (Pakistani Style),-0.5357038554079052,-1.1533076536076814,-0.48784769749226237,0.2696987093512287,-0.03383272082346995,-0.24502821975027334,-0.7616742244918879,-1.304947939562735,-0.3849488308606296,1.4705202346530901,-0.8703580093638137,0.0,0.0,1.0,0.0,1.0,0.0,0.0,0.0,0.0,0.0,0.0,0.0,0.0,0.0,1.0,0.0,0.0,1.0,1.0,1.0,1.0,1.0,0.0,1.0,1.0,0.0,0.0
68395eeaa1f9120d4641a65b,Lauki & Moong Dal Khichdi (Bottle Gourd & Lentil Porridge),-1.1603792318583308,-0.8511346058834597,-0.31838450639060806,-1.1477821959738121,0.6000948059461878,-0.24502821975027334,-0.7616742244918879,0.04851450877313321,0.9948942477850404,-1.1231826060910608,-0.8703580093638137,1.0,0.0,0.0,0.0,1.0,0.0,0.0,0.0,0.0,0.0,0.0,0.0,0.0,0.0,1.0,0.0,0.0,1.0,1.0,1.0,1.0,1.0,0.0,1.0,1.0,0.0,0.0
68395eeaa1f9120d4641a65c,Daal Bhaji (Lentils with Mixed Vegetables),-0.8196472083399168,-0.548961558159238,0.10527347136352766,-1.0644009662488099,1.2340223327158455,-0.24502821975027334,-0.7616742244918879,0.14250495657423518,1.1198800338942496,-1.1864436509872596,-0.6611843654605104,0.0,0.0,1.0,0.0,1.0,0.0,0.0,0.0,0.0,0.0,0.0,0.0,0.0,0.0,1.0,0.0,0.0,1.0,1.0,1.0,1.0,1.0,0.0,1.0,1.0,0.0,0.0
68395eeaa1f9120d4641a65d,Brown Rice & Lentil Pulao with Carrots,-0.7060698671671122,-0.8511346058834597,0.4441998535668363,-1.0644009662488099,0.6000948059461878,-0.24502821975027334,-0.7616742244918879,-0.6350523843257903,1.5175620806053702,-1.2669577081278762,-0.8703580093638137,0.0,0.0,1.0,0.0,1.0,0.0,0.0,0.0,0.0,0.0,0.0,0.0,0.0,0.0,1.0,0.0,0.0,1.0,1.0,1.0,1.0,1.0,0.0,1.0,1.0,0.0,0.0
68395eeaa1f9120d4641a65e,Spiced Cauliflower & Chickpea Curry,-0.9332245495127215,-0.8511346058834597,-0.31838450639060806,-0.7308760473488002,0.6000948059461878,-0.24502821975027334,-0.7616742244918879,-0.3692208147873199,0.4394018650774438,-0.10397688276341331,-0.6611843654605104,0.0,0.0,1.0,0.0,1.0,0.0,0.0,0.0,0.0,0.0,0.0,0.0,0.0,0.0,1.0,0.0,0.0,1.0,1.0,1.0,1.0,1.0,0.0,1.0,1.0,0.0,0.0
68395eeaa1f9120d4641a65f,Tomato & Lentil Stew with Cumin,-0.7060698671671122,-0.548961558159238,0.020541875812700512,-0.7308760473488002,1.2340223327158455,-0.24502821975027334,-0.7616742244918879,-0.03693135286423225,0.7221979871831292,-0.4618171367217097,-1.079531653267117,0.0,0.0,1.0,0.0,1.0,0.0,0.0,0.0,0.0,0.0,0.0,0.0,0.0,0.0,1.0,0.0,0.0,1.0,1.0,1.0,1.0,1.0,0.0,1.0,1.0,0.0,0.0
68395eeaa1f9120d4641a660,Methi Dal (Fenugreek & Lentil Soup),-0.6492811965807099,-0.397875034297127,0.27473666246518197,-1.0644009662488099,1.8679498594855033,-0.8957515649866156,-0.7001656423927608,0.17111074503544027,1.0818408816001428,-1.3019638199281445,-0.24283707765390372,0.0,1.0,0.0,0.0,1.0,0.0,0.0,0.0,0.0,0.0,0.0,0.0,0.0,0.0,1.0,0.0,0.0,1.0,1.0,1.0,0.0,0.0,0.0,1.0,1.0,1.0,0.0
68395eeaa1f9120d4641a661,Multigrain Roti with Lentil Curry,0.03218285045611786,-0.397875034297127,1.1220526179734533,-0.5641135878987954,1.8679498594855033,-0.24502821975027334,-0.7616742244918879,-0.5154281780334785,1.1948715055597752,-0.806877381610067,0.1755102101527029,0.0,1.0,0.0,0.0,1.0,0.0,0.0,0.0,0.0,0.0,0.0,0.0,0.0,0.0,1.0,0.0,0.0,0.0,1.0,1.0,1.0,1.0,0.0,1.0,0.0,1.0,0.0
68395eeaa1f9120d4641a662,Quinoa & Lentil Salad with Olive Oil Dressing,-0.13818316130308908,-0.548961558159238,0.6136630446684905,-0.39735112844879056,1.8679498594855033,-1.0584324012957012,-0.7616742244918879,-0.5976698198594428,0.7917923453575756,-0.4114958510088242,-0.45201072155720706,0.0,1.0,0.0,0.0,1.0,0.0,0.0,0.0,0.0,0.0,0.0,0.0,0.0,0.0,1.0,0.0,0.0,1.0,1.0,1.0,1.0,1.0,0.0,1.0,1.0,1.0,0.0
68395eeaa1f9120d4641a663,Chickpea & Spinach Brown Rice Pilaf,-0.5357038554079052,-0.7000480820213488,0.6983946402193177,-1.0644009662488099,1.8679498594855033,-1.0584324012957012,-0.7616742244918879,-0.5154281780334785,1.5748282953317714,-1.3635745766966163,-0.033663433750600415,0.0,1.0,0.0,0.0,1.0,0.0,0.0,0.0,0.0,0.0,0.0,0.0,0.0,0.0,1.0,0.0,0.0,1.0,1.0,1.0,1.0,1.0,0.0,1.0,1.0,1.0,0.0
68395eeaa1f9120d4641a664,Bulgur Wheat & Moong Dal Pilaf,-0.6492811965807099,-0.548961558159238,0.6136630446684905,-1.2311634256988147,1.8679498594855033,-0.8957515649866156,-0.7616742244918879,-0.11494713957660939,1.6904673183058574,-1.6870310497310936,-0.033663433750600415,0.0,1.0,0.0,0.0,1.0,0.0,0.0,0.0,0.0,0.0,0.0,0.0,0.0,0.0,1.0,0.0,0.0,0.0,1.0,1.0,1.0,1.0,0.0,1.0,1.0,1.0,0.0
68395eeaa1f9120d4641a665,Whole Wheat Pasta with Chickpea Sauce,-0.08139449071668677,-0.397875034297127,1.1220526179734533,-0.5641135878987954,2.501877386255161,-0.7872976741138918,-0.7616742244918879,-0.4356787071719374,1.358489261920922,-0.730197327190432,0.38468385405600625,0.0,1.0,0.0,0.0,1.0,0.0,0.0,0.0,0.0,0.0,0.0,0.0,0.0,0.0,1.0,0.0,0.0,0.0,1.0,1.0,1.0,1.0,0.0,1.0,1.0,1.0,0.0
68395eeaa1f9120d4641a666,Masoor Dal with Brown Rice & Pickled Onions,-0.6492811965807099,-0.548961558159238,0.6136630446684905,-1.314544655423817,1.2340223327158455,-1.0584324012957012,-0.7616742244918879,-0.11494713957660939,1.6904673183058574,-1.8795646646325683,0.38468385405600625,0.0,1.0,0.0,0.0,1.0,0.0,0.0,0.0,0.0,0.0,0.0,0.0,0.0,0.0,1.0,0.0,0.0,1.0,1.0,1.0,1.0,1.0,0.0,1.0,1.0,1.0,0.0
68395eeaa1f9120d4641a667,Chickpea & Barley Stew with Garlic,-0.5357038554079052,-0.7000480820213488,0.6983946402193177,-1.0644009662488099,2.501877386255161,-1.0584324012957012,-0.7616742244918879,-0.5154281780334785,1.5748282953317714,-1.3635745766966163,0.5938574979593095,0.0,1.0,0.0,0.0,1.0,0.0,0.0,0.0,0.0,0.0,0.0,0.0,0.0,0.0,1.0,0.0,0.0,0.0,1.0,1.0,1.0,1.0,0.0,1.0,1.0,1.0,0.0
68395eeaa1f9120d4641a668,Whole Wheat Couscous with Lentil Gravy,-0.42212651423510067,-0.548961558159238,0.6983946402193177,-0.7308760473488002,1.8679498594855033,-1.0584324012957012,-0.7616742244918879,-0.3692208147873199,1.3467060901665187,-0.7600173483536232,0.1755102101527029,0.0,1.0,0.0,0.0,1.0,0.0,0.0,0.0,0.0,0.0,0.0,0.0,0.0,0.0,1.0,0.0,0.0,0.0,1.0,1.0,1.0,1.0,0.0,1.0,1.0,1.0,0.0
68395eeaa1f9120d4641a669,Barley & Chickpea Salad with Pomegranate,-0.5357038554079052,-0.8511346058834597,0.6136630446684905,-0.7308760473488002,1.8679498594855033,-1.0584324012957012,-0.7616742244918879,-0.778601431876564,1.4348442148894573,-0.6550508738591898,0.38468385405600625,0.0,1.0,0.0,0.0,1.0,0.0,0.0,0.0,0.0,0.0,0.0,0.0,0.0,0.0,1.0,0.0,0.0,0.0,1.0,1.0,1.0,1.0,0.0,1.0,1.0,1.0,0.0
68395eeaa1f9120d4641a66a,Rajma & Barley Pilaf with Lemon Juice,-0.7060698671671122,-0.7000480820213488,0.5289314491176634,-1.2311634256988147,1.8679498594855033,-1.0584324012957012,-0.7616742244918879,-0.3359918685950111,1.6766348992898183,-1.6695279938309597,0.5938574979593095,0.0,1.0,0.0,0.0,1.0,0.0,0.0,0.0,0.0,0.0,0.0,0.0,0.0,0.0,1.0,0.0,0.0,1.0,1.0,1.0,1.0,1.0,0.0,1.0,1.0,1.0,0.0
68395eeaa1f9120d4641a66b,Masala Quinoa with Black Chickpeas,-0.47891518482150297,-0.7000480820213488,0.4441998535668363,-0.7308760473488002,1.2340223327158455,-1.0584324012957012,-0.7616742244918879,-0.5660384191571488,1.0525799952200603,-0.7095526971543763,0.5938574979593095,0.0,1.0,0.0,0.0,1.0,0.0,0.0,0.0,0.0,0.0,0.0,0.0,0.0,0.0,1.0,0.0,0.0,1.0,1.0,1.0,1.0,1.0,0.0,1.0,1.0,1.0,0.0
68395eeaa1f9120d4641a66c,Multigrain Roti with Chana Dal Fry,-0.13818316130308908,-0.397875034297127,1.2067842135242806,-1.0644009662488099,2.501877386255161,-1.0584324012957012,-0.7616742244918879,-0.3920657152945323,1.557330285276482,-1.5185641366923035,0.8030311418626128,0.0,1.0,0.0,0.0,1.0,0.0,0.0,0.0,0.0,0.0,0.0,0.0,0.0,0.0,1.0,0.0,0.0,0.0,1.0,1.0,1.0,1.0,0.0,1.0,1.0,1.0,0.0
68395eeaa1f9120d4641a66d,Lentil & Cabbage Stir-Fry with Mustard Seeds,-0.9332245495127215,-0.7000480820213488,-0.23365291083978093,-0.7308760473488002,1.2340223327158455,-1.0584324012957012,-0.7616742244918879,-0.003702406671923485,0.6338241990251027,-0.10397688276341331,0.38468385405600625,0.0,1.0,0.0,0.0,1.0,0.0,0.0,0.0,0.0,0.0,0.0,0.0,0.0,0.0,1.0,0.0,0.0,1.0,1.0,1.0,1.0,1.0,0.0,1.0,1.0,1.0,0.0
68395eeaa1f9120d4641a66e,"Steamed Chicken Shami Kabab (No Frying, High Protein)",-0.47891518482150297,0.6597306327376492,-0.5725792930430895,-0.7308760473488002,-0.03383272082346995,-1.0584324012957012,0.16095450699502006,1.7114224314080144,-0.5626209329604901,-0.7095526971543763,1.639725717475826,0.0,1.0,0.0,0.0,1.0,0.0,0.0,0.0,0.0,0.0,0.0,0.0,0.0,0.0,1.0,0.0,0.0,1.0,1.0,1.0,1.0,0.0,0.0,1.0,1.0,0.0,0.0
68395eeaa1f9120d4641a66f,Low-Oil Masala Keema with Whole Wheat Roti,0.2025488622153248,0.3575575850134274,0.8678578313209719,-0.5641135878987954,1.2340223327158455,-1.0584324012957012,-0.023571239302361536,0.2463891357228217,0.7054534799531876,-0.906763241972486,0.38468385405600625,0.0,1.0,0.0,0.0,1.0,0.0,0.0,0.0,0.0,0.0,0.0,0.0,0.0,0.0,1.0,0.0,0.0,0.0,1.0,1.0,1.0,0.0,0.0,1.0,1.0,0.0,0.0
68395eeaa1f9120d4641a670,"Beef & Okra Stir-Fry (High Fiber, Low fats)",-0.3653378436486983,0.3575575850134274,-0.6573108885939167,-0.23058866899878575,-0.03383272082346995,-1.0584324012957012,0.09944592489589286,0.988418986784153,-0.754906757743889,0.1420382918329153,-0.033663433750600415,0.0,1.0,0.0,0.0,1.0,0.0,0.0,0.0,0.0,0.0,0.0,0.0,0.0,0.0,1.0,0.0,0.0,1.0,1.0,1.0,1.0,0.0,0.0,1.0,1.0,0.0,0.0
68395eeaa1f9120d4641a671,"Lean Mutton Kofta Curry (Tomato-Based, No Cream)",-0.2517605024758937,0.5086441088755383,-0.6573108885939167,-0.06382620954878093,-0.35079648420829884,-1.0584324012957012,0.22246308909414728,1.019749136051187,-0.8049010721875727,0.28964739659071237,0.38468385405600625,0.0,1.0,0.0,0.0,1.0,0.0,0.0,0.0,0.0,0.0,0.0,0.0,0.0,0.0,1.0,0.0,0.0,1.0,1.0,1.0,1.0,0.0,0.0,1.0,1.0,0.0,0.0
68395eeaa1f9120d4641a672,"Spiced Lentil & Minced Meat Stew (Low Oil, High Fiber)",0.2025488622153248,0.9619036804618709,0.4441998535668363,-0.5641135878987954,2.501877386255161,-1.0584324012957012,-0.023571239302361536,0.9389503300467308,0.24497953112978513,-0.906763241972486,0.38468385405600625,0.0,1.0,0.0,0.0,1.0,0.0,0.0,0.0,0.0,0.0,0.0,0.0,0.0,0.0,1.0,0.0,0.0,1.0,1.0,1.0,1.0,0.0,0.0,1.0,1.0,0.0,0.0
68395eeaa1f9120d4641a673,Low-Oil Chicken Kofta Handi (Yogurt-Based Curry),-0.3653378436486983,0.5086441088755383,-0.5725792930430895,-0.39735112844879056,-0.35079648420829884,-0.9228650377047964,0.16095450699502006,1.223395106286908,-0.6299209716346797,-0.1742669326480787,0.38468385405600625,0.0,1.0,0.0,0.0,1.0,0.0,0.0,0.0,0.0,0.0,0.0,0.0,0.0,0.0,1.0,0.0,0.0,1.0,1.0,1.0,0.0,0.0,0.0,1.0,1.0,0.0,0.0
68395eeaa1f9120d4641a674,"Beef & Cabbage Stir-Fry (No Oil, High Fiber)",-0.7060698671671122,0.3575575850134274,-0.9115056752463981,-0.5641135878987954,-0.6677602475931277,0.2972412346133452,0.09944592489589286,1.7574317415204417,-1.0276030183458003,-0.05924685101862626,-0.24283707765390372,0.0,1.0,0.0,0.0,1.0,0.0,0.0,0.0,0.0,0.0,0.0,0.0,0.0,0.0,1.0,0.0,0.0,0.0,1.0,1.0,1.0,0.0,0.0,1.0,0.0,0.0,0.0
68395eeaa1f9120d4641a675,Steamed Mutton Kebabs with Yogurt Dip,-0.13818316130308908,0.3575575850134274,-0.7420424841447438,0.2696987093512287,-0.6677602475931277,-0.9228650377047964,0.22246308909414728,0.6359548075300205,-0.958008660171354,0.6955724346746548,-0.033663433750600415,0.0,0.0,0.0,1.0,1.0,0.0,0.0,0.0,0.0,0.0,0.0,0.0,0.0,0.0,1.0,0.0,0.0,1.0,1.0,1.0,0.0,0.0,0.0,1.0,1.0,0.0,0.0
68395eeaa1f9120d4641a676,Baked Chicken Seekh Kababs with Garlic Dip,-0.47891518482150297,0.5086441088755383,-0.7420424841447438,-0.39735112844879056,-0.6677602475931277,-0.9228650377047964,0.16095450699502006,1.458371225789663,-0.8318210876572485,-0.028279905964542943,0.1755102101527029,0.0,0.0,0.0,1.0,1.0,0.0,0.0,0.0,0.0,0.0,0.0,0.0,0.0,0.0,1.0,0.0,0.0,1.0,1.0,1.0,0.0,0.0,0.0,1.0,1.0,0.0,0.0
68395eeaa1f9120d4641a677,"Low-fats Chicken Shawarma (Whole Wheat Wrap, No Mayo)",-0.3653378436486983,0.6597306327376492,-0.4031161019414352,-0.5641135878987954,-0.35079648420829884,-0.7872976741138918,0.037937342796765666,1.458371225789663,-0.3799493994162613,-0.49057215712907265,0.38468385405600625,0.0,1.0,0.0,0.0,1.0,0.0,0.0,0.0,0.0,0.0,0.0,0.0,0.0,0.0,1.0,0.0,0.0,0.0,1.0,1.0,1.0,0.0,0.0,1.0,1.0,0.0,0.0
68395eeaa1f9120d4641a678,Grilled Chicken Qeema Wraps (Whole Wheat Roti),-0.3653378436486983,0.5086441088755383,-0.31838450639060806,-0.5641135878987954,-0.03383272082346995,-0.9228650377047964,0.09944592489589286,1.223395106286908,-0.25496361330705203,-0.49057215712907265,0.1755102101527029,0.0,1.0,0.0,0.0,1.0,0.0,0.0,0.0,0.0,0.0,0.0,0.0,0.0,0.0,1.0,0.0,0.0,0.0,1.0,1.0,0.0,0.0,0.0,1.0,1.0,0.0,0.0
68395eeaa1f9120d4641a679,"Peshawari Grilled Chicken Karahi (Dry, No Butter)",-0.8196472083399168,0.5086441088755383,-0.9962372707972252,-0.7308760473488002,-0.9847240109779566,-1.0584324012957012,0.09944592489589286,2.445270927701234,-1.1548612732933585,-0.30078902244047645,0.38468385405600625,0.0,1.0,0.0,0.0,1.0,0.0,0.0,0.0,0.0,0.0,0.0,0.0,0.0,0.0,1.0,0.0,0.0,1.0,1.0,1.0,0.0,0.0,0.0,1.0,1.0,0.0,0.0
68395eeaa1f9120d4641a67a,"Low-Oil Mutton Biryani (Brown Rice, No Butter)",0.600069556320141,0.6597306327376492,1.2067842135242806,-0.23058866899878575,-0.03383272082346995,-0.9228650377047964,0.22246308909414728,0.2156086381973145,0.6727086658146344,-0.6944133017946021,0.5938574979593095,0.0,1.0,0.0,0.0,1.0,0.0,0.0,0.0,0.0,0.0,0.0,0.0,0.0,0.0,1.0,0.0,0.0,1.0,1.0,1.0,0.0,0.0,0.0,1.0,1.0,0.0,0.0
68395eeaa1f9120d4641a67b,Chicken & Sweet Potato Stir-Fry (High Fiber),-0.2517605024758937,0.6597306327376492,0.10527347136352766,-0.897638506798805,0.2831310425613589,0.2972412346133452,0.037937342796765666,1.2390601809204251,0.24497953112978513,-1.1864436509872596,0.1755102101527029,0.0,1.0,0.0,0.0,1.0,0.0,0.0,0.0,0.0,0.0,0.0,0.0,0.0,0.0,1.0,0.0,0.0,0.0,1.0,1.0,1.0,0.0,0.0,1.0,0.0,0.0,0.0
68395eeaa1f9120d4641a67c,"Masoor Dal Palak (Spinach with Lentils, Low Oil)",-0.3653378436486983,-0.24678851043501615,0.5289314491176634,-0.7308760473488002,2.501877386255161,-0.8957515649866156,-0.7616742244918879,0.04851450877313321,0.9948942477850404,-0.806877381610067,-0.033663433750600415,0.0,1.0,0.0,0.0,1.0,0.0,0.0,0.0,0.0,0.0,0.0,0.0,0.0,0.0,1.0,0.0,0.0,1.0,1.0,1.0,1.0,1.0,0.0,1.0,1.0,1.0,0.0
68395eeaa1f9120d4641a67d,Mutton Yakhni (Light Broth with Lean Meat),-0.7060698671671122,0.6597306327376492,-0.9962372707972252,-0.5641135878987954,-0.9847240109779566,0.4328085982042498,0.22246308909414728,2.3555527729819996,-1.1866758370302484,-0.05924685101862626,-1.205035839609099,0.0,1.0,0.0,0.0,1.0,0.0,0.0,0.0,0.0,0.0,0.0,0.0,0.0,0.0,1.0,0.0,0.0,1.0,1.0,1.0,1.0,0.0,0.0,1.0,0.0,0.0,0.0
68395eeaa1f9120d4641a67e,"Bhuna Keema (Minced Beef, Cooked with Less Oil)",-0.13818316130308908,0.6597306327376492,-0.8267740796955709,0.10293624990122387,-0.6677602475931277,-0.24502821975027334,0.22246308909414728,1.0471630166598416,-1.0673712230169121,0.4188053632537849,-0.033663433750600415,0.0,1.0,0.0,0.0,1.0,0.0,0.0,0.0,0.0,0.0,0.0,0.0,0.0,0.0,1.0,0.0,0.0,1.0,1.0,1.0,1.0,0.0,0.0,1.0,1.0,0.0,0.0
68395eeaa1f9120d4641a67f,"Keema Methi (Minced Meat with Fenugreek, Low Oil)",-0.3653378436486983,0.6597306327376492,-0.8267740796955709,-0.23058866899878575,-0.6677602475931277,-0.24502821975027334,0.09944592489589286,1.458371225789663,-1.0048783299623076,0.1420382918329153,0.1755102101527029,0.0,1.0,0.0,0.0,1.0,0.0,0.0,0.0,0.0,0.0,0.0,0.0,0.0,0.0,1.0,0.0,0.0,1.0,1.0,1.0,1.0,0.0,0.0,1.0,1.0,0.0,0.0
68395eeaa1f9120d4641a680,Shredded Chicken & Cucumber Salad,-0.8196472083399168,0.3575575850134274,-0.8267740796955709,-0.897638506798805,-0.6677602475931277,-0.7872976741138918,0.037937342796765666,2.116304360397377,-0.8049010721875727,-0.743616336713868,-0.24283707765390372,0.0,1.0,0.0,0.0,1.0,0.0,0.0,0.0,0.0,0.0,0.0,0.0,0.0,0.0,1.0,0.0,0.0,1.0,1.0,1.0,1.0,0.0,0.0,1.0,1.0,0.0,0.0
68395eeaa1f9120d4641a681,"Chicken Soup (Bone Broth, No Cream)",-1.6714772671359515,-1.1533076536076814,-1.0809688663480523,-1.2311634256988147,-1.3016877743627855,-0.24502821975027334,-0.6386570602936336,0.8004380911819491,-0.8049010721875727,-0.30078902244047645,-1.205035839609099,0.0,1.0,0.0,0.0,1.0,0.0,0.0,0.0,0.0,0.0,0.0,0.0,0.0,0.0,1.0,0.0,0.0,1.0,1.0,1.0,1.0,0.0,0.0,1.0,1.0,0.0,0.0
68395eeaa1f9120d4641a682,"Beef Paya Soup (Skimmed fats, High Collagen)",-0.5357038554079052,0.05538453728920563,-0.9962372707972252,0.10293624990122387,-0.9847240109779566,-0.24502821975027334,0.09944592489589286,0.8004380911819491,-1.2248533135145159,1.1162583832343769,-1.205035839609099,0.0,1.0,0.0,0.0,1.0,0.0,0.0,0.0,0.0,0.0,0.0,0.0,0.0,0.0,1.0,0.0,0.0,1.0,1.0,1.0,1.0,0.0,0.0,1.0,1.0,0.0,0.0
68395eeaa1f9120d4641a683,"Grilled Mutton Chops (Herb Marinated, No Frying)",-0.2517605024758937,0.5086441088755383,-1.0809688663480523,0.2696987093512287,-1.3016877743627855,-0.24502821975027334,0.22246308909414728,1.019749136051187,-1.388168074030549,0.8800838156219012,-1.2468705683897596,0.0,1.0,0.0,0.0,1.0,0.0,0.0,0.0,0.0,0.0,0.0,0.0,0.0,0.0,1.0,0.0,0.0,1.0,1.0,1.0,1.0,0.0,0.0,1.0,1.0,0.0,0.0
68395eeaa1f9120d4641a684,Whole Green Gram Dal (Sabut Moong Dal Tadka),-0.6492811965807099,-0.548961558159238,0.3594682580160091,-1.0644009662488099,1.8679498594855033,-0.7872976741138918,-0.7370707916522371,-0.11494713957660939,1.2339974907765716,-1.3019638199281445,0.1755102101527029,0.0,1.0,0.0,0.0,1.0,0.0,0.0,0.0,0.0,0.0,0.0,0.0,0.0,0.0,1.0,0.0,0.0,1.0,1.0,1.0,0.0,0.0,0.0,1.0,1.0,1.0,0.0
68395eeaa1f9120d4641a685,"Grilled Boneless Chicken Breast (Spiced, No Oil)",-0.9332245495127215,0.9619036804618709,-1.0809688663480523,-1.0644009662488099,-1.3016877743627855,-0.24502821975027334,0.2839716711932745,4.0170000825974395,-1.3103991404514856,-1.0880375811487282,0.5938574979593095,0.0,1.0,0.0,0.0,1.0,0.0,0.0,0.0,0.0,0.0,0.0,0.0,0.0,0.0,1.0,0.0,0.0,1.0,1.0,1.0,1.0,0.0,0.0,1.0,1.0,0.0,0.0
68395eeaa1f9120d4641a686,"Tandoori Chicken Wings (Oven-Baked, No Butter)",-0.47891518482150297,0.20647106115131653,-1.0809688663480523,0.10293624990122387,-1.3016877743627855,-0.24502821975027334,0.3454802532924017,0.9522688145529601,-1.3702213970507653,0.9936292808202069,-1.2468705683897596,0.0,1.0,0.0,0.0,1.0,0.0,0.0,0.0,0.0,0.0,0.0,0.0,0.0,0.0,1.0,0.0,0.0,1.0,1.0,1.0,0.0,0.0,0.0,1.0,1.0,0.0,0.0
68395eeaa1f9120d4641a687,Turmeric & Ginger Chicken Soup,-0.8196472083399168,0.8108171565997601,-0.9115056752463981,-1.0644009662488099,-0.9847240109779566,0.2972412346133452,0.22246308909414728,3.103204062308947,-0.9798811727404657,-1.1864436509872596,-0.033663433750600415,0.0,1.0,0.0,0.0,1.0,0.0,0.0,0.0,0.0,0.0,0.0,0.0,0.0,0.0,1.0,0.0,0.0,1.0,1.0,1.0,1.0,0.0,0.0,1.0,0.0,0.0,0.0
68395eeaa1f9120d4641a688,"Cabbage & Chicken Stir Fry (Desi Flavored, Low Oil)",-0.47891518482150297,0.9619036804618709,-0.6573108885939167,-0.7308760473488002,-0.03383272082346995,-0.24502821975027334,0.2839716711932745,2.2175248426447176,-0.6972210103088693,-0.7095526971543763,-0.24283707765390372,0.0,1.0,0.0,0.0,1.0,0.0,0.0,0.0,0.0,0.0,0.0,0.0,0.0,0.0,1.0,0.0,0.0,1.0,1.0,1.0,1.0,0.0,0.0,1.0,1.0,0.0,0.0
68395eeaa1f9120d4641a689,"Roasted Moong Dal Soup (Light, Protein-Rich)",-0.8196472083399168,-0.397875034297127,0.19000506691435481,-1.2311634256988147,1.2340223327158455,-0.24502821975027334,-0.7616742244918879,0.4714715238780924,1.2948601344471429,-1.6292709652606514,0.1755102101527029,0.0,1.0,0.0,0.0,1.0,0.0,0.0,0.0,0.0,0.0,0.0,0.0,0.0,0.0,1.0,0.0,0.0,1.0,1.0,1.0,1.0,1.0,0.0,1.0,1.0,1.0,0.0
68395eeaa1f9120d4641a68a,Black Chickpeas & Spinach Curry,-0.7060698671671122,-0.7000480820213488,0.19000506691435481,-0.897638506798805,1.8679498594855033,-0.24502821975027334,-0.7616742244918879,-0.3359918685950111,1.0403436245520257,-0.864387422424793,0.38468385405600625,0.0,1.0,0.0,0.0,1.0,0.0,0.0,0.0,0.0,0.0,0.0,0.0,0.0,0.0,1.0,0.0,0.0,1.0,1.0,1.0,1.0,1.0,0.0,1.0,1.0,1.0,0.0
68395eeaa1f9120d4641a68b,Grilled Quail (Bater) with Desi Spices,-0.8196472083399168,0.20647106115131653,-1.0809688663480523,-0.39735112844879056,-1.3016877743627855,-0.24502821975027334,0.22246308909414728,1.7873377930935197,-1.3298413738462516,0.5848656061063071,-1.205035839609099,0.0,1.0,0.0,0.0,1.0,0.0,0.0,0.0,0.0,0.0,0.0,0.0,0.0,0.0,1.0,0.0,0.0,1.0,1.0,1.0,0.0,0.0,0.0,1.0,1.0,0.0,0.0
68395eeaa1f9120d4641a68c,"Egg Curry (Spiced Tomato Gravy, No Cream)",-0.9332245495127215,-0.548961558159238,-0.8267740796955709,-0.39735112844879056,-0.6677602475931277,-0.24502821975027334,2.6828063730592353,0.36181600144347315,-0.7271321386085091,0.8800838156219012,-0.033663433750600415,0.0,1.0,0.0,0.0,1.0,0.0,0.0,0.0,0.0,0.0,0.0,0.0,0.0,0.0,1.0,0.0,0.0,1.0,1.0,0.0,1.0,0.0,0.0,1.0,1.0,0.0,0.0
68395eeaa1f9120d4641a68d,Lentil & Chicken Soup (Lightly Spiced),0.03218285045611786,0.6597306327376492,0.19000506691435481,-0.39735112844879056,1.2340223327158455,-0.24502821975027334,0.037937342796765666,0.8004380911819491,0.09499658779873393,-0.5538332020252716,-0.033663433750600415,0.0,1.0,0.0,0.0,1.0,0.0,0.0,0.0,0.0,0.0,0.0,0.0,0.0,0.0,1.0,0.0,0.0,1.0,1.0,1.0,1.0,0.0,0.0,1.0,1.0,0.0,0.0
68395eeaa1f9120d4641a68e,Oats & Chicken Porridge (Desi Spiced),-0.13818316130308908,0.3575575850134274,-0.23365291083978093,-0.23058866899878575,-0.03383272082346995,-0.24502821975027334,0.037937342796765666,0.6359548075300205,-0.30183328309800533,-0.13472877958795457,-0.033663433750600415,1.0,0.0,0.0,0.0,1.0,0.0,0.0,0.0,0.0,0.0,0.0,0.0,0.0,0.0,1.0,0.0,0.0,0.0,1.0,1.0,1.0,0.0,0.0,1.0,1.0,0.0,0.0
68395eeaa1f9120d4641a68f,Masala Grilled Fish Skewers,-1.046801890685526,0.3575575850134274,-1.0809688663480523,-1.0644009662488099,-1.3016877743627855,-0.24502821975027334,-0.08507982140148874,3.103204062308947,-1.2860963487080284,-0.9650299938505638,-0.033663433750600415,0.0,1.0,0.0,0.0,1.0,0.0,0.0,0.0,0.0,0.0,0.0,0.0,0.0,0.0,1.0,0.0,0.0,1.0,1.0,1.0,0.0,0.0,0.0,1.0,1.0,0.0,0.0
68395eeaa1f9120d4641a690,Grilled Shashlik Chicken Sticks,-0.8196472083399168,0.6597306327376492,-1.0809688663480523,-0.7308760473488002,-1.3016877743627855,-0.24502821975027334,0.22246308909414728,2.774237495005091,-1.3298413738462516,-0.30078902244047645,-0.033663433750600415,0.0,1.0,0.0,0.0,1.0,0.0,0.0,0.0,0.0,0.0,0.0,0.0,0.0,0.0,1.0,0.0,0.0,1.0,1.0,1.0,0.0,0.0,0.0,1.0,1.0,0.0,0.0
68395eeaa1f9120d4641a691,Tomato & Chicken Soup (Light & Protein-Rich),-0.2517605024758937,0.3575575850134274,-0.6573108885939167,-0.23058866899878575,-0.03383272082346995,-0.24502821975027334,0.037937342796765666,0.8004380911819491,-0.8049010721875727,-0.005570812924882025,-0.033663433750600415,0.0,1.0,0.0,0.0,1.0,0.0,0.0,0.0,0.0,0.0,0.0,0.0,0.0,0.0,1.0,0.0,0.0,1.0,1.0,1.0,1.0,0.0,0.0,1.0,1.0,0.0,0.0
68395eeaa1f9120d4641a692,"Homemade Chicken Shawarma (No Sauce, Only Spices)",-0.3653378436486983,0.6597306327376492,-0.4031161019414352,-0.7308760473488002,-0.6677602475931277,-0.24502821975027334,0.037937342796765666,1.458371225789663,-0.3799493994162613,-0.806877381610067,-0.033663433750600415,0.0,1.0,0.0,0.0,1.0,0.0,0.0,0.0,0.0,0.0,0.0,0.0,0.0,0.0,1.0,0.0,0.0,0.0,1.0,1.0,0.0,0.0,0.0,1.0,1.0,0.0,0.0
68395eeaa1f9120d4641a693,"Soya Keema (Soy Protein, Desi Spices)",-0.5357038554079052,-0.09570198657290525,-0.31838450639060806,-0.39735112844879056,1.2340223327158455,-0.24502821975027334,-0.7616742244918879,0.5372648373388633,-0.10498066997600085,0.053472828978236915,-0.033663433750600415,0.0,1.0,0.0,0.0,1.0,0.0,0.0,0.0,0.0,0.0,0.0,0.0,0.0,0.0,1.0,0.0,0.0,1.0,1.0,1.0,1.0,1.0,0.0,1.0,1.0,1.0,0.0
68395eeaa1f9120d4641a694,"Haleem (Lean Meat Version, No Extra Ghee)",0.3161262033881294,0.9619036804618709,0.4441998535668363,-0.39735112844879056,1.8679498594855033,-0.24502821975027334,0.037937342796765666,0.8004380911819491,0.15748948085333858,-0.743616336713868,-1.2468705683897596,0.0,1.0,0.0,0.0,1.0,0.0,0.0,0.0,0.0,0.0,0.0,0.0,0.0,0.0,1.0,0.0,0.0,0.0,1.0,1.0,1.0,0.0,0.0,1.0,1.0,0.0,0.0
68395eeaa1f9120d4641a695,"Homemade Protein Lassi (Greek Yogurt, No Sugar)",-1.5011112553767445,-0.8511346058834597,-0.9962372707972252,-1.0644009662488099,-1.3016877743627855,-1.0584324012957012,-0.6386570602936336,1.458371225789663,-0.6299209716346797,0.1420382918329153,-1.079531653267117,0.0,1.0,0.0,0.0,1.0,0.0,0.0,0.0,0.0,0.0,0.0,0.0,0.0,0.0,1.0,0.0,0.0,1.0,1.0,1.0,0.0,0.0,0.0,1.0,1.0,0.0,0.0
68395eeaa1f9120d4641a696,Quinoa & Lentil Khichdi (Protein Packed),0.03218285045611786,-0.24678851043501615,1.0373210224226264,-0.5641135878987954,1.8679498594855033,-0.24502821975027334,-0.7616742244918879,-0.32744728243127463,1.0948828766724081,-0.806877381610067,0.1755102101527029,0.0,1.0,0.0,0.0,1.0,0.0,0.0,0.0,0.0,0.0,0.0,0.0,0.0,0.0,1.0,0.0,0.0,1.0,1.0,1.0,1.0,1.0,0.0,1.0,1.0,1.0,0.0
68395eeaa1f9120d4641a697,"Cottage Cheese Bhurji (Scrambled Paneer, No Butter)",0.03218285045611786,-0.24678851043501615,-0.7420424841447438,0.9367485471512479,-0.6677602475931277,-0.24502821975027334,-0.26960556769887034,-0.32744728243127463,-1.0048783299623076,1.4705202346530901,-0.6611843654605104,1.0,0.0,0.0,0.0,1.0,0.0,0.0,0.0,0.0,0.0,0.0,0.0,0.0,0.0,1.0,0.0,0.0,1.0,1.0,1.0,0.0,0.0,0.0,1.0,1.0,0.0,0.0
68395eeaa1f9120d4641a698,Mutton Liver Masala (Iron & Protein-Rich),-0.5357038554079052,0.6597306327376492,-0.9115056752463981,-0.39735112844879056,-0.6677602475931277,-0.24502821975027334,4.159012343438288,1.8531311065542913,-1.0848692330722014,0.053472828978236915,-0.033663433750600415,0.0,1.0,0.0,0.0,1.0,0.0,0.0,0.0,0.0,0.0,0.0,0.0,0.0,0.0,1.0,0.0,0.0,1.0,1.0,1.0,1.0,0.0,0.0,1.0,1.0,0.0,0.0
68395eeaa1f9120d4641a699,Spicy Tandoori Turkey Breast,-0.7060698671671122,0.8108171565997601,-0.9115056752463981,-0.897638506798805,-1.3016877743627855,-0.24502821975027334,0.09944592489589286,2.654613288712779,-1.0276030183458003,-0.864387422424793,-1.2468705683897596,0.0,1.0,0.0,0.0,1.0,0.0,0.0,0.0,0.0,0.0,0.0,0.0,0.0,0.0,1.0,0.0,0.0,1.0,1.0,1.0,0.0,0.0,0.0,1.0,1.0,0.0,0.0
68395eeaa1f9120d4641a69a,Boiled Lobia Salad (With Green Chilies & Lemon),-0.9332245495127215,-0.7000480820213488,0.10527347136352766,-1.314544655423817,1.2340223327158455,-0.5161629469320826,-0.7616742244918879,-0.003702406671923485,1.411513534815738,-1.8260831049377142,-0.45201072155720706,0.0,1.0,0.0,0.0,1.0,0.0,0.0,0.0,0.0,0.0,0.0,0.0,0.0,0.0,1.0,0.0,0.0,1.0,1.0,1.0,1.0,1.0,0.0,1.0,1.0,1.0,0.0
68395eeaa1f9120d4641a69b,Ginger Chicken (With Turmeric & Black Pepper),-0.7060698671671122,0.5086441088755383,-1.123334664123466,-0.39735112844879056,-1.3016877743627855,-0.24502821975027334,0.22246308909414728,2.0564922572512208,-1.4252850650569204,0.3433234346844569,0.38468385405600625,0.0,1.0,0.0,0.0,1.0,0.0,0.0,0.0,0.0,0.0,0.0,0.0,0.0,0.0,1.0,0.0,0.0,1.0,1.0,1.0,1.0,0.0,0.0,1.0,1.0,0.0,0.0
68395eeaa1f9120d4641a69c,Masoor Dal Soup (Protein Boosting),-0.7060698671671122,-0.397875034297127,0.19000506691435481,-1.0644009662488099,1.8679498594855033,-0.24502821975027334,-0.7616742244918879,0.26212916286654664,1.0403436245520257,-1.2669577081278762,0.38468385405600625,0.0,1.0,0.0,0.0,1.0,0.0,0.0,0.0,0.0,0.0,0.0,0.0,0.0,0.0,1.0,0.0,0.0,1.0,1.0,1.0,1.0,1.0,0.0,1.0,1.0,1.0,0.0
68395eeaa1f9120d4641a69d,Black Chickpeas Spicy Chat,-0.8196472083399168,-0.7000480820213488,0.19000506691435481,-1.2311634256988147,1.8679498594855033,-0.24502821975027334,-0.7616742244918879,-0.18646161072962156,1.2948601344471429,-1.6292709652606514,0.5938574979593095,0.0,1.0,0.0,0.0,1.0,0.0,0.0,0.0,0.0,0.0,0.0,0.0,0.0,0.0,1.0,0.0,0.0,1.0,1.0,1.0,1.0,1.0,0.0,1.0,1.0,1.0,0.0
68395eeaa1f9120d4641a69e,Grilled Desi-Style Tuna Patties (No Frying),-0.8196472083399168,0.05538453728920563,-0.7420424841447438,-0.7308760473488002,-0.9847240109779566,-0.24502821975027334,0.5915145816889105,1.458371225789663,-0.6299209716346797,-0.30078902244047645,-0.033663433750600415,0.0,1.0,0.0,0.0,1.0,0.0,0.0,0.0,0.0,0.0,0.0,0.0,0.0,0.0,1.0,0.0,0.0,0.0,1.0,0.0,1.0,0.0,0.0,1.0,0.0,0.0,0.0
68395eeaa1f9120d4641a69f,"Ghee-Free Chicken Qorma (Tomato-Based, No Cream)",-0.3653378436486983,0.6597306327376492,-0.8267740796955709,-0.23058866899878575,-0.6677602475931277,-0.24502821975027334,0.22246308909414728,1.458371225789663,-1.0048783299623076,0.1420382918329153,-1.2468705683897596,0.0,1.0,0.0,0.0,1.0,0.0,0.0,0.0,0.0,0.0,0.0,0.0,0.0,0.0,1.0,0.0,0.0,1.0,1.0,1.0,0.0,0.0,0.0,1.0,1.0,0.0,0.0
68395eeaa1f9120d4641a6a0,"Bhindi Chicken (Okra with Chicken, No Frying)",-0.47891518482150297,0.6597306327376492,-0.8267740796955709,-0.39735112844879056,-0.35079648420829884,-0.24502821975027334,0.22246308909414728,1.7114224314080144,-0.9664211650056277,-0.028279905964542943,0.38468385405600625,0.0,1.0,0.0,0.0,1.0,0.0,0.0,0.0,0.0,0.0,0.0,0.0,0.0,0.0,1.0,0.0,0.0,1.0,1.0,1.0,1.0,0.0,0.0,1.0,1.0,0.0,0.0
68395eeaa1f9120d4641a6a1,Spicy Egg Masala (Cooked in Tomato Puree),-0.2517605024758937,-0.397875034297127,-0.6573108885939167,0.4364611688012335,-0.35079648420829884,-0.24502821975027334,3.7899608508435247,-0.29611713316424054,-0.8049010721875727,1.175302025137496,-0.033663433750600415,0.0,1.0,0.0,0.0,1.0,0.0,0.0,0.0,0.0,0.0,0.0,0.0,0.0,0.0,1.0,0.0,0.0,1.0,1.0,0.0,1.0,0.0,0.0,1.0,1.0,0.0,0.0
68395eeaa1f9120d4641a6a2,Quinoa Chicken Pilaf (High Protein Alternative to Rice),0.3161262033881294,0.9619036804618709,0.27473666246518197,-0.23058866899878575,0.6000948059461878,-0.24502821975027334,0.22246308909414728,0.8004380911819491,-0.017490619699554292,-0.5222026795771721,0.38468385405600625,0.0,1.0,0.0,0.0,1.0,0.0,0.0,0.0,0.0,0.0,0.0,0.0,0.0,0.0,1.0,0.0,0.0,1.0,1.0,1.0,1.0,0.0,0.0,1.0,1.0,0.0,0.0
68395eeaa1f9120d4641a6a3,Baked Chicken Meatballs (With Coriander & Cumin),-0.5357038554079052,0.5086441088755383,-0.7420424841447438,-0.39735112844879056,-0.9847240109779566,-0.24502821975027334,0.22246308909414728,1.5899578527112055,-0.8049010721875727,0.053472828978236915,0.38468385405600625,0.0,1.0,0.0,0.0,1.0,0.0,0.0,0.0,0.0,0.0,0.0,0.0,0.0,0.0,1.0,0.0,0.0,0.0,1.0,1.0,1.0,0.0,0.0,1.0,1.0,0.0,0.0
68395eeaa1f9120d4641a6a4,"Smoked Lentils (Coal Infused Flavor, No Butter)",-0.8196472083399168,-0.397875034297127,0.10527347136352766,-1.0644009662488099,1.2340223327158455,-0.24502821975027334,-0.7616742244918879,0.4714715238780924,1.1198800338942496,-1.1864436509872596,-0.033663433750600415,0.0,1.0,0.0,0.0,1.0,0.0,0.0,0.0,0.0,0.0,0.0,0.0,0.0,0.0,1.0,0.0,0.0,1.0,1.0,1.0,1.0,1.0,0.0,1.0,1.0,1.0,0.0
68395eeaa1f9120d4641a6a5,Homemade Grilled Chapli Kababs,-0.2517605024758937,0.6597306327376492,-0.9115056752463981,0.10293624990122387,-0.9847240109779566,-0.24502821975027334,0.22246308909414728,1.2390601809204251,-1.1548612732933585,0.5848656061063071,-0.033663433750600415,0.0,1.0,0.0,0.0,1.0,0.0,0.0,0.0,0.0,0.0,0.0,0.0,0.0,0.0,1.0,0.0,0.0,1.0,1.0,1.0,1.0,0.0,0.0,1.0,1.0,0.0,0.0
68395eeaa1f9120d4641a6a6,Masala Soya Chunks (Vegetarian Protein Source),-0.5357038554079052,-0.09570198657290525,-0.5725792930430895,-0.23058866899878575,1.2340223327158455,-0.24502821975027334,-0.7616742244918879,0.5372648373388633,-0.524932911302944,0.40773468039695027,-0.24283707765390372,0.0,1.0,0.0,0.0,1.0,0.0,0.0,0.0,0.0,0.0,0.0,0.0,0.0,0.0,1.0,0.0,0.0,1.0,1.0,1.0,1.0,1.0,0.0,1.0,1.0,1.0,0.0
68395eeaa1f9120d4641a6a7,Palak (Spinach) Curry with Garlic & Cumin,-1.5011112553767445,-1.1533076536076814,-0.9115056752463981,-0.9810197365238074,-0.35079648420829884,-0.24502821975027334,-0.7616742244918879,-0.18646161072962156,-0.1924707202524474,0.6955724346746548,-0.45201072155720706,0.0,1.0,0.0,0.0,1.0,0.0,0.0,0.0,0.0,0.0,0.0,0.0,0.0,0.0,1.0,0.0,0.0,1.0,1.0,1.0,1.0,1.0,0.0,1.0,1.0,1.0,0.0
68395eeaa1f9120d4641a6a8,"Bhindi (Okra) Masala (Low Oil, No Frying)",-1.2739565730311353,-1.2288509155387368,-0.48784769749226237,-1.0644009662488099,0.2831310425613589,-0.24502821975027334,-0.7616742244918879,-1.0088780289892638,0.8282465329727615,-0.5960072319560709,-0.6611843654605104,0.0,1.0,0.0,0.0,1.0,0.0,0.0,0.0,0.0,0.0,0.0,0.0,0.0,0.0,1.0,0.0,0.0,1.0,1.0,1.0,1.0,1.0,0.0,1.0,1.0,1.0,0.0
68395eeaa1f9120d4641a6a9,Tinday (Round Gourd) Curry with Turmeric,-1.1603792318583308,-1.3043941774697922,-0.5725792930430895,-0.7308760473488002,-0.03383272082346995,-0.24502821975027334,-0.7616742244918879,-1.3613422082433964,0.24497953112978513,0.458343516313909,-0.45201072155720706,0.0,1.0,0.0,0.0,1.0,0.0,0.0,0.0,0.0,0.0,0.0,0.0,0.0,0.0,1.0,0.0,0.0,1.0,1.0,1.0,1.0,1.0,0.0,1.0,1.0,1.0,0.0
68395eeaa1f9120d4641a6aa,Methi (Fenugreek) Sabzi with Garlic Tadka,-1.38753391420394,-1.3043941774697922,-0.9115056752463981,-0.7308760473488002,-0.6677602475931277,-0.5161629469320826,-0.7616742244918879,-1.1733613126411924,-0.4549408710817868,1.4705202346530901,-0.6611843654605104,0.0,1.0,0.0,0.0,1.0,0.0,0.0,0.0,0.0,0.0,0.0,0.0,0.0,0.0,1.0,0.0,0.0,1.0,1.0,1.0,1.0,1.0,0.0,1.0,1.0,1.0,0.0
68395eeaa1f9120d4641a6ab,Gobi (Cauliflower) Masala with Cumin & Tomatoes,-1.38753391420394,-1.2288509155387368,-0.6573108885939167,-1.0644009662488099,-0.03383272082346995,-0.24502821975027334,-0.7616742244918879,-0.8443947453373355,0.5949397322355708,-0.30078902244047645,-0.45201072155720706,0.0,1.0,0.0,0.0,1.0,0.0,0.0,0.0,0.0,0.0,0.0,0.0,0.0,0.0,1.0,0.0,0.0,1.0,1.0,1.0,1.0,1.0,0.0,1.0,1.0,1.0,0.0
68395eeaa1f9120d4641a6ac,Baingan Bharta (Mashed Eggplant with Spices),-1.1603792318583308,-1.3043941774697922,-0.5725792930430895,-0.7308760473488002,0.2831310425613589,-0.24502821975027334,-0.7616742244918879,-1.3613422082433964,0.24497953112978513,0.458343516313909,-0.24283707765390372,0.0,1.0,0.0,0.0,1.0,0.0,0.0,0.0,0.0,0.0,0.0,0.0,0.0,0.0,1.0,0.0,0.0,1.0,1.0,1.0,1.0,1.0,0.0,1.0,1.0,1.0,0.0
68395eeaa1f9120d4641a6ad,Whole Wheat Pita Bread with Hummus,-0.2517605024758937,-0.548961558159238,0.9525894268717991,-0.897638506798805,1.8679498594855033,-0.24502821975027334,-0.7616742244918879,-0.5154281780334785,1.411513534815738,-1.1864436509872596,0.38468385405600625,0.0,0.0,0.0,1.0,1.0,0.0,0.0,0.0,0.0,0.0,0.0,0.0,0.0,0.0,1.0,0.0,0.0,0.0,1.0,1.0,1.0,1.0,0.0,1.0,1.0,0.0,0.0
68395eeaa1f9120d4641a6ae,Boiled Black Chickpeas with Cumin & Rock Salt,-1.046801890685526,-0.8511346058834597,-0.14892131528895378,-1.0644009662488099,1.2340223327158455,-0.24502821975027334,-0.7616742244918879,-0.18646161072962156,1.1198800338942496,-0.9650299938505638,0.5938574979593095,0.0,0.0,0.0,1.0,1.0,0.0,0.0,0.0,0.0,0.0,0.0,0.0,0.0,0.0,1.0,0.0,0.0,1.0,1.0,1.0,1.0,1.0,0.0,1.0,1.0,0.0,0.0
68395eeaa1f9120d4641a6af,Oats & Besan Tikki (Baked Chickpea & Oat Patties),-0.8196472083399168,-0.8511346058834597,0.020541875812700512,-0.897638506798805,-0.03383272082346995,-0.5161629469320826,-0.7616742244918879,-0.5154281780334785,0.9448999333413571,-0.743616336713868,0.38468385405600625,1.0,0.0,0.0,0.0,1.0,0.0,0.0,0.0,0.0,0.0,0.0,0.0,0.0,0.0,1.0,0.0,0.0,0.0,1.0,1.0,1.0,1.0,0.0,1.0,1.0,0.0,0.0
68395eeaa1f9120d4641a6b0,"Chana Dal & Brown Rice Tikki (Baked, No Frying)",-0.5357038554079052,-0.7000480820213488,0.6136630446684905,-0.9810197365238074,1.2340223327158455,-0.24502821975027334,-0.7616742244918879,-0.5154281780334785,1.4348442148894573,-1.1864436509872596,0.38468385405600625,0.0,0.0,0.0,1.0,1.0,0.0,0.0,0.0,0.0,0.0,0.0,0.0,0.0,0.0,1.0,0.0,0.0,1.0,1.0,1.0,1.0,1.0,0.0,1.0,1.0,0.0,0.0
68395eeaa1f9120d4641a6b1,Lentil & Flaxseed Crackers with Yogurt Dip,-0.8196472083399168,-0.548961558159238,-0.23365291083978093,-0.7308760473488002,1.2340223327158455,-0.5161629469320826,-0.7001656423927608,0.14250495657423518,0.419959631682678,-0.30078902244047645,-0.033663433750600415,0.0,0.0,0.0,1.0,1.0,0.0,0.0,0.0,0.0,0.0,0.0,0.0,0.0,0.0,1.0,0.0,0.0,1.0,1.0,1.0,0.0,0.0,0.0,1.0,1.0,0.0,0.0
68395eeaa1f9120d4641a6b2,Besan & Spinach Pancakes with Yogurt,-1.046801890685526,-0.8511346058834597,-0.48784769749226237,-0.897638506798805,-0.03383272082346995,-0.5161629469320826,-0.7001656423927608,-0.18646161072962156,0.24497953112978513,-0.4114958510088242,-0.033663433750600415,1.0,0.0,0.0,0.0,1.0,0.0,0.0,0.0,0.0,0.0,0.0,0.0,0.0,0.0,1.0,0.0,0.0,1.0,1.0,1.0,0.0,0.0,0.0,1.0,1.0,0.0,0.0
68395eeaa1f9120d4641a6b3,Chickpea Flour Crackers with Mint Chutney,-1.2739565730311353,-1.077764391676626,-0.5302134952676759,-1.0644009662488099,-0.35079648420829884,-0.7872976741138918,-0.7616742244918879,-0.46060041681616914,0.6824297825120175,-0.5960072319560709,-0.033663433750600415,0.0,0.0,0.0,1.0,1.0,0.0,0.0,0.0,0.0,0.0,0.0,0.0,0.0,0.0,1.0,0.0,0.0,1.0,1.0,1.0,1.0,1.0,0.0,1.0,1.0,0.0,0.0
68395eeaa1f9120d4641a6b4,"Grilled Keema Patties (Minced Meat, No Oil, High Protein)",-0.8196472083399168,0.20647106115131653,-0.9115056752463981,-0.5641135878987954,-0.9847240109779566,-0.24502821975027334,0.037937342796765666,1.7873377930935197,-0.9798811727404657,0.1420382918329153,-0.033663433750600415,0.0,0.0,0.0,1.0,1.0,0.0,0.0,0.0,0.0,0.0,0.0,0.0,0.0,0.0,1.0,0.0,0.0,1.0,1.0,1.0,1.0,1.0,1.0,1.0,1.0,0.0,0.0
68395eeaa1f9120d4641a6b5,Roasted Chana (Spiced Roasted Chickpeas),4.5184878267819,-1.0022211297455705,-0.48784769749226237,-0.897638506798805,0.2831310425613589,-0.5161629469320826,-0.7616742244918879,-1.6581541486679288,-1.2592353683599964,-1.8390312720217317,0.1755102101527029,0.0,0.0,0.0,1.0,1.0,0.0,0.0,0.0,0.0,0.0,0.0,0.0,0.0,0.0,1.0,0.0,0.0,1.0,1.0,1.0,1.0,1.0,0.0,1.0,1.0,0.0,0.0
68395eeaa1f9120d4641a6b6,Masala Makhana (Spicy Roasted Fox Nuts),-1.4443225847903423,-1.3043941774697922,-0.7420424841447438,-0.9810197365238074,-0.9847240109779566,-0.9228650377047964,-0.7001656423927608,-1.1002576310181131,0.4394018650774438,0.38805346642924393,-0.6611843654605104,0.0,0.0,0.0,1.0,1.0,0.0,0.0,0.0,0.0,0.0,0.0,0.0,0.0,0.0,1.0,0.0,0.0,1.0,1.0,1.0,0.0,0.0,0.0,1.0,1.0,0.0,0.0
68395eeaa1f9120d4641a6b7,Dahi Chana Chaat (Boiled Chickpeas with Yogurt & Spices),-1.1035905612719283,-0.8511346058834597,-0.23365291083978093,-1.1477821959738121,0.6000948059461878,-0.24502821975027334,-0.7001656423927608,-0.07680608829500259,1.061553333709952,-1.1864436509872596,-0.45201072155720706,0.0,0.0,0.0,1.0,1.0,0.0,0.0,0.0,0.0,0.0,0.0,0.0,0.0,0.0,1.0,0.0,0.0,1.0,1.0,1.0,0.0,0.0,0.0,1.0,1.0,0.0,0.0
68395eeaa1f9120d4641a6b8,Grilled Paneer Cubes with Chaat Masala,-1.1035905612719283,-0.8511346058834597,-1.0809688663480523,-0.39735112844879056,-1.3016877743627855,-0.24502821975027334,-0.5156398960953792,-0.07680608829500259,-1.2715146736619538,1.4705202346530901,-0.6611843654605104,0.0,0.0,0.0,1.0,1.0,0.0,0.0,0.0,0.0,0.0,0.0,0.0,0.0,0.0,1.0,0.0,0.0,1.0,1.0,1.0,0.0,0.0,1.0,1.0,1.0,0.0,0.0
68395eeaa1f9120d4641a6b9,Masoor Dal Crackers (Homemade Baked Lentil Chips),-1.38753391420394,-1.0022211297455705,-0.5302134952676759,-1.2311634256988147,-0.03383272082346995,-0.5161629469320826,-0.7616742244918879,0.14250495657423518,1.1198800338942496,-1.1864436509872596,-0.033663433750600415,0.0,0.0,0.0,1.0,1.0,0.0,0.0,0.0,0.0,0.0,0.0,0.0,0.0,0.0,1.0,0.0,0.0,1.0,1.0,1.0,1.0,1.0,0.0,1.0,1.0,0.0,0.0
68395eeaa1f9120d4641a6ba,Baked Sweet Potato Fries with Cumin & Black Pepper,-1.1035905612719283,-1.3043941774697922,-0.31838450639060806,-0.8142572770738026,-0.35079648420829884,-0.5161629469320826,-0.7616742244918879,-1.3926723575104303,0.8282465329727615,-0.005570812924882025,0.1755102101527029,0.0,0.0,0.0,1.0,1.0,0.0,0.0,0.0,0.0,0.0,0.0,0.0,0.0,0.0,1.0,0.0,0.0,1.0,1.0,1.0,1.0,1.0,0.0,1.0,1.0,0.0,0.0
68395eeaa1f9120d4641a6bb,Homemade Flaxseed & Sesame Crackers,-1.4443225847903423,-1.2288509155387368,-0.8267740796955709,-0.897638506798805,-0.35079648420829884,-0.9228650377047964,-0.7616742244918879,-0.7347392229027165,0.05055719718212626,0.8800838156219012,-0.45201072155720706,0.0,0.0,0.0,1.0,1.0,0.0,0.0,0.0,0.0,0.0,0.0,0.0,0.0,0.0,1.0,0.0,0.0,0.0,1.0,1.0,1.0,1.0,0.0,1.0,1.0,0.0,0.0
68395eeaa1f9120d4641a6bc,Ragi & Date Energy Bars,-1.1603792318583308,-1.1533076536076814,-0.31838450639060806,-0.897638506798805,-0.35079648420829884,-1.3160103921184199,-0.7616742244918879,-0.8913899692378865,0.9948942477850404,-0.1742669326480787,-0.6611843654605104,0.0,0.0,0.0,1.0,1.0,0.0,0.0,0.0,0.0,0.0,0.0,0.0,0.0,0.0,1.0,0.0,0.0,1.0,0.0,1.0,1.0,1.0,0.0,0.0,1.0,0.0,0.0
68395eeaa1f9120d4641a6bd,Chia Seed Pudding with Jaggery & Nuts,-1.1035905612719283,-1.1533076536076814,-0.48784769749226237,-0.7308760473488002,0.2831310425613589,-1.2482267103229676,-0.7616742244918879,-0.9540502677719543,0.36163293149838044,0.28964739659071237,-0.8703580093638137,1.0,0.0,0.0,0.0,1.0,0.0,0.0,0.0,0.0,0.0,0.0,0.0,0.0,0.0,1.0,0.0,0.0,1.0,0.0,1.0,0.0,0.0,0.0,0.0,1.0,0.0,0.0
68395eeaa1f9120d4641a6be,"Steamed Dhokla (Fermented Gram Flour Cake, No Oil)",-1.5011112553767445,-1.1533076536076814,-0.6573108885939167,-1.2311634256988147,-0.6677602475931277,-0.5161629469320826,-0.7001656423927608,-0.18646161072962156,1.1198800338942496,-0.9650299938505638,-0.033663433750600415,0.0,0.0,0.0,1.0,1.0,0.0,0.0,0.0,0.0,0.0,0.0,0.0,0.0,0.0,1.0,0.0,0.0,1.0,1.0,1.0,0.0,0.0,0.0,1.0,1.0,0.0,0.0
68395eeaa1f9120d4641a6bf,"Air-Fried Sabudana Tikki (Tapioca Cutlets, No Oil)",-1.5011112553767445,-1.379937439400848,-0.4031161019414352,-1.3979258851488194,-0.9847240109779566,-0.7872976741138918,-0.7616742244918879,-1.4200862381190849,2.432230788040947,-2.072098279534043,-0.45201072155720706,0.0,0.0,0.0,1.0,1.0,0.0,0.0,0.0,0.0,0.0,0.0,0.0,0.0,0.0,1.0,0.0,0.0,1.0,1.0,1.0,1.0,1.0,0.0,1.0,1.0,0.0,1.0
68395eeaa1f9120d4641a6c0,"Low-fats Aloo Chaat (Boiled Potatoes, No Fried Elements)",-1.4443225847903423,-1.2288509155387368,-0.48784769749226237,-1.314544655423817,-0.6677602475931277,-0.7872976741138918,-0.7001656423927608,-0.7347392229027165,1.6059358687633971,-1.5800679303413856,-0.6611843654605104,0.0,0.0,0.0,1.0,1.0,0.0,0.0,0.0,0.0,0.0,0.0,0.0,0.0,0.0,1.0,0.0,0.0,1.0,1.0,1.0,0.0,0.0,0.0,1.0,1.0,0.0,1.0
68395eeaa1f9120d4641a6c1,Jaggery & Til (Sesame) Energy Balls,-1.4443225847903423,-1.3043941774697922,-0.7420424841447438,-0.9810197365238074,-0.9847240109779566,-1.3160103921184199,-0.7616742244918879,-1.1002576310181131,0.4394018650774438,0.38805346642924393,-0.8703580093638137,0.0,0.0,0.0,1.0,1.0,0.0,0.0,0.0,0.0,0.0,0.0,0.0,0.0,0.0,1.0,0.0,0.0,1.0,1.0,1.0,1.0,1.0,0.0,0.0,1.0,0.0,0.0
68395eeaa1f9120d4641a6c2,"Low-Oil Suji Ka Halwa (Semolina Pudding with Jaggery, No Sugar)",-1.2739565730311353,-1.3043941774697922,-0.4031161019414352,-1.0644009662488099,-0.9847240109779566,-1.3160103921184199,-0.7001656423927608,-1.2830168350758113,1.1198800338942496,-0.5960072319560709,-0.45201072155720706,0.0,0.0,0.0,1.0,1.0,0.0,0.0,0.0,0.0,0.0,0.0,0.0,0.0,0.0,1.0,0.0,0.0,0.0,1.0,1.0,0.0,0.0,0.0,0.0,1.0,0.0,0.0
68395eeaa1f9120d4641a6c3,High-Protein Sprouts Salad with Lemon & Chaat Masala,-1.557899925963147,-1.0022211297455705,-0.6573108885939167,-1.3562352702863183,-0.03383272082346995,-0.7872976741138918,-0.7616742244918879,0.988418986784153,1.4948373922218776,-1.755793055053049,-0.6611843654605104,0.0,0.0,0.0,1.0,1.0,0.0,0.0,0.0,0.0,0.0,0.0,0.0,0.0,0.0,1.0,0.0,0.0,1.0,1.0,1.0,1.0,1.0,0.0,1.0,1.0,0.0,1.0
68395eeaa1f9120d4641a6c4,"Lauki (Bottle Gourd) & Coconut Barfi (Low Sugar, Low Oil)",-1.4443225847903423,-1.379937439400848,-0.6573108885939167,-1.0644009662488099,-0.9847240109779566,-1.3160103921184199,-0.7001656423927608,-1.4657760391335095,0.8282465329727615,-0.10397688276341331,-0.033663433750600415,0.0,0.0,0.0,1.0,1.0,0.0,0.0,0.0,0.0,0.0,0.0,0.0,0.0,0.0,1.0,0.0,0.0,1.0,1.0,1.0,0.0,0.0,0.0,1.0,1.0,0.0,0.0
68395eeaa1f9120d4641a6c5,"Baked Moong Dal Khichdi Muffins (Savory Bites, No Oil)",-1.38753391420394,-0.9266778678145151,-0.4031161019414352,-1.314544655423817,0.2831310425613589,-0.7872976741138918,-0.7616742244918879,0.4714715238780924,1.6448203355529285,-1.6292709652606514,-0.033663433750600415,0.0,0.0,0.0,1.0,1.0,0.0,0.0,0.0,0.0,0.0,0.0,0.0,0.0,0.0,1.0,0.0,0.0,1.0,1.0,1.0,1.0,1.0,0.0,1.0,1.0,0.0,1.0
68395eeaa1f9120d4641a6c6,Homemade Makhana & Nut Trail Mix,-1.217167902444733,-1.1533076536076814,-0.9115056752463981,-0.48073235817379295,-0.6677602475931277,-1.0584324012957012,-0.7616742244918879,-0.8190896247755003,-0.6972210103088693,1.67490207201004,-0.8703580093638137,0.0,0.0,0.0,1.0,1.0,0.0,0.0,0.0,0.0,0.0,0.0,0.0,0.0,0.0,1.0,0.0,0.0,1.0,0.0,1.0,1.0,1.0,0.0,1.0,1.0,0.0,0.0
68395eeaa1f9120d4641a6c7,Spiced Roasted Almonds with Pink Salt,-1.4443225847903423,-1.2288509155387368,-1.0386030685726388,-0.7308760473488002,-0.6677602475931277,-0.9228650377047964,-0.7616742244918879,-0.7347392229027165,-0.921554472556168,1.8641445140072164,-0.6611843654605104,0.0,0.0,0.0,1.0,1.0,0.0,0.0,0.0,0.0,0.0,0.0,0.0,0.0,0.0,1.0,0.0,0.0,1.0,0.0,1.0,1.0,1.0,1.0,1.0,1.0,0.0,0.0
68395eeaa1f9120d4641a6c8,Grilled Paneer Skewers with Mint Yogurt Dip,-1.046801890685526,-0.7000480820213488,-1.0386030685726388,-0.39735112844879056,-1.3016877743627855,-0.7872976741138918,-0.5156398960953792,0.22474659840019948,-1.1767337858624702,1.2491065775163945,-0.45201072155720706,0.0,0.0,0.0,1.0,1.0,0.0,0.0,0.0,0.0,0.0,0.0,0.0,0.0,0.0,1.0,0.0,0.0,1.0,1.0,1.0,0.0,0.0,1.0,1.0,1.0,0.0,0.0
68395eeaa1f9120d4641a6c9,"Makhana Kheer (Fox Nut Pudding with Jaggery, No Sugar)",-1.217167902444733,-1.3043941774697922,-0.23365291083978093,-1.1477821959738121,-1.3016877743627855,-1.2211132376047866,-0.7616742244918879,-1.3251920360122031,1.456380227265198,-1.050189092749293,-0.6611843654605104,0.0,0.0,0.0,1.0,1.0,0.0,0.0,0.0,0.0,0.0,0.0,0.0,0.0,0.0,1.0,0.0,0.0,1.0,1.0,1.0,0.0,0.0,0.0,0.0,1.0,0.0,0.0
68395eeaa1f9120d4641a6ca,"Low-fats Phirni (Rice Flour Pudding with Jaggery, No Sugar)",-1.1603792318583308,-1.3043941774697922,-0.06418971973812664,-1.2311634256988147,-1.3016877743627855,-1.2211132376047866,-0.7616742244918879,-1.3613422082433964,1.7448089644402962,-1.4394878305720549,-0.45201072155720706,0.0,0.0,0.0,1.0,1.0,0.0,0.0,0.0,0.0,0.0,0.0,0.0,0.0,0.0,1.0,0.0,0.0,1.0,1.0,1.0,0.0,0.0,0.0,0.0,1.0,0.0,0.0
68395eeaa1f9120d4641a6cb,Air-Fried Sweet Potato Cutlets,-1.557899925963147,-1.3043941774697922,-0.5725792930430895,-1.314544655423817,-0.6677602475931277,-0.7872976741138918,-0.7616742244918879,-0.8913899692378865,1.9947805366587148,-1.4394878305720549,-0.45201072155720706,0.0,0.0,0.0,1.0,1.0,0.0,0.0,0.0,0.0,0.0,0.0,0.0,0.0,0.0,1.0,0.0,0.0,0.0,1.0,1.0,1.0,1.0,0.0,1.0,1.0,0.0,1.0
68395eeaa1f9120d4641a6cc,Dry Roasted Lotus Seeds with Pink Salt,-1.6714772671359515,-1.3043941774697922,-0.7420424841447438,-1.3979258851488194,-1.3016877743627855,-0.9228650377047964,-0.7616742244918879,-0.5154281780334785,1.9947805366587148,-2.072098279534043,-0.6611843654605104,0.0,0.0,0.0,1.0,1.0,0.0,0.0,0.0,0.0,0.0,0.0,0.0,0.0,0.0,1.0,0.0,0.0,1.0,1.0,1.0,1.0,1.0,0.0,1.0,1.0,0.0,1.0
68395eeaa1f9120d4641a6cd,"Low-fats Carrot Halwa (With Jaggery, No Sugar, No Oil)",-1.38753391420394,-1.379937439400848,-0.14892131528895378,-1.3979258851488194,-0.35079648420829884,-1.1939997648866056,-0.7616742244918879,-1.5023278799450492,2.6947009388702865,-2.072098279534043,-0.033663433750600415,0.0,0.0,0.0,1.0,1.0,0.0,0.0,0.0,0.0,0.0,0.0,0.0,0.0,0.0,1.0,0.0,0.0,1.0,1.0,1.0,1.0,1.0,0.0,1.0,1.0,0.0,1.0
68395eeaa1f9120d4641a6ce,Pumpkin Halwa with Cardamom & Jaggery,-1.5011112553767445,-1.379937439400848,-0.4031161019414352,-1.3979258851488194,-0.6677602475931277,-1.3160103921184199,-0.7616742244918879,-1.4200862381190849,2.432230788040947,-2.072098279534043,-0.24283707765390372,0.0,0.0,0.0,1.0,1.0,0.0,0.0,0.0,0.0,0.0,0.0,0.0,0.0,0.0,1.0,0.0,0.0,1.0,1.0,1.0,1.0,1.0,0.0,1.0,1.0,0.0,1.0
68395eeaa1f9120d4641a6cf,"Homemade Dry Fruit Bars (No Sugar, No Preservatives)",-1.1035905612719283,-1.1533076536076814,-0.4031161019414352,-0.7308760473488002,-0.35079648420829884,-1.3160103921184199,-0.7616742244918879,-0.9540502677719543,0.5949397322355708,0.28964739659071237,-0.6611843654605104,0.0,0.0,0.0,1.0,1.0,0.0,0.0,0.0,0.0,0.0,0.0,0.0,0.0,0.0,1.0,0.0,0.0,1.0,0.0,1.0,1.0,1.0,0.0,1.0,1.0,0.0,0.0
68395eeaa1f9120d4641a6d0,Low-Oil Palak (Spinach) & Paneer Tikki,-1.5011112553767445,-1.077764391676626,-0.9962372707972252,-0.9810197365238074,-0.9847240109779566,-0.7872976741138918,-0.6386570602936336,0.22474659840019948,-0.6299209716346797,0.6955724346746548,-0.24283707765390372,0.0,0.0,0.0,1.0,1.0,0.0,0.0,0.0,0.0,0.0,0.0,0.0,0.0,0.0,1.0,0.0,0.0,0.0,1.0,1.0,0.0,0.0,1.0,1.0,1.0,0.0,0.0
68395eeaa1f9120d4641a6d1,Air-Fried Onion Bhaji (Pakora with No Oil),-1.557899925963147,-1.2288509155387368,-0.6573108885939167,-1.314544655423817,-0.6677602475931277,-0.7872976741138918,-0.7616742244918879,-0.4214377302323766,1.4948373922218776,-1.4394878305720549,-0.45201072155720706,0.0,0.0,0.0,1.0,1.0,0.0,0.0,0.0,0.0,0.0,0.0,0.0,0.0,0.0,1.0,0.0,0.0,1.0,1.0,1.0,1.0,1.0,0.0,1.0,1.0,0.0,1.0
68395eeaa1f9120d4641a6d2,Baked Methi (Fenugreek) Crackers,-1.5011112553767445,-1.2288509155387368,-0.6149450908185031,-1.2311634256988147,-0.6677602475931277,-0.9228650377047964,-0.7616742244918879,-0.5976698198594428,1.338605159585366,-0.9650299938505638,-0.24283707765390372,0.0,0.0,0.0,1.0,1.0,0.0,0.0,0.0,0.0,0.0,0.0,0.0,0.0,0.0,1.0,0.0,0.0,0.0,1.0,1.0,1.0,1.0,0.0,1.0,1.0,0.0,0.0
68395eeaa1f9120d4641a6d3,Low-Sugar Beetroot & Carrot Pudding,-1.557899925963147,-1.379937439400848,-0.48784769749226237,-1.3979258851488194,-0.6677602475931277,-1.2482267103229676,-0.7616742244918879,-1.3613422082433964,2.494723681095551,-2.072098279534043,-0.033663433750600415,0.0,0.0,0.0,1.0,1.0,0.0,0.0,0.0,0.0,0.0,0.0,0.0,0.0,0.0,1.0,0.0,0.0,1.0,1.0,1.0,1.0,1.0,0.0,1.0,1.0,0.0,1.0
68395eeaa1f9120d4641a6d4,Homemade Chia & Coconut Energy Balls,-1.3307452436175375,-1.3043941774697922,-0.6573108885939167,-0.897638506798805,-0.03383272082346995,-1.3160103921184199,-0.7616742244918879,-1.2331734157873482,0.4040523498142331,0.3433234346844569,-0.6611843654605104,0.0,0.0,0.0,1.0,1.0,0.0,0.0,0.0,0.0,0.0,0.0,0.0,0.0,0.0,1.0,0.0,0.0,1.0,1.0,1.0,1.0,1.0,0.0,1.0,1.0,0.0,0.0
68395eeaa1f9120d4641a6d5,Air-Fried Moong Dal Puffs,-1.4443225847903423,-1.0022211297455705,-0.5302134952676759,-1.314544655423817,-0.03383272082346995,-0.9228650377047964,-0.7616742244918879,0.36181600144347315,1.411513534815738,-1.5800679303413856,-0.45201072155720706,0.0,0.0,0.0,1.0,1.0,0.0,0.0,0.0,0.0,0.0,0.0,0.0,0.0,0.0,1.0,0.0,0.0,1.0,1.0,1.0,1.0,1.0,0.0,1.0,1.0,0.0,1.0
68395eeaa1f9120d4641a6d6,Grilled Bell Peppers Stuffed with Spiced Paneer,-1.5011112553767445,-1.1533076536076814,-0.9115056752463981,-0.9810197365238074,-0.6677602475931277,-0.9228650377047964,-0.6386570602936336,-0.18646161072962156,-0.1924707202524474,0.6955724346746548,-0.45201072155720706,0.0,0.0,0.0,1.0,1.0,0.0,0.0,0.0,0.0,0.0,0.0,0.0,0.0,0.0,1.0,0.0,0.0,1.0,1.0,1.0,0.0,0.0,1.0,1.0,1.0,0.0,0.0
68395eeaa1f9120d4641a6d7,Dry Roasted Cumin-Flavored Cashews,-1.38753391420394,-1.2288509155387368,-0.9538714730218117,-0.7308760473488002,-0.9847240109779566,-0.9228650377047964,-0.7616742244918879,-0.8443947453373355,-0.6299209716346797,1.4705202346530901,-0.8703580093638137,0.0,0.0,0.0,1.0,1.0,0.0,0.0,0.0,0.0,0.0,0.0,0.0,0.0,0.0,1.0,0.0,0.0,1.0,0.0,1.0,1.0,1.0,1.0,1.0,1.0,0.0,0.0
68395eeaa1f9120d4641a6d8,Low-Oil Rajma Chaat (Kidney Beans with Lemon & Herbs),-1.4443225847903423,-1.077764391676626,-0.5725792930430895,-1.2311634256988147,0.2831310425613589,-0.7872976741138918,-0.7616742244918879,-0.003702406671923485,1.2170912008680792,-1.0880375811487282,-0.45201072155720706,0.0,0.0,0.0,1.0,1.0,0.0,0.0,0.0,0.0,0.0,0.0,0.0,0.0,0.0,1.0,0.0,0.0,1.0,1.0,1.0,1.0,1.0,0.0,1.0,1.0,0.0,1.0
68395eeaa1f9120d4641a6d9,Cucumber & Mint Raita with Roasted Zeera,-1.6714772671359515,-1.2288509155387368,-0.9538714730218117,-1.2311634256988147,-0.9847240109779566,-0.7872976741138918,-0.7001656423927608,0.14250495657423518,0.24497953112978513,-0.30078902244047645,-0.8703580093638137,0.0,0.0,0.0,1.0,1.0,0.0,0.0,0.0,0.0,0.0,0.0,0.0,0.0,0.0,1.0,0.0,0.0,1.0,1.0,1.0,0.0,0.0,1.0,1.0,1.0,0.0,1.0
68395eeaa1f9120d4641a6da,Homemade Baked Papdi with Mint Chutney,-1.5011112553767445,-1.3043941774697922,-0.6149450908185031,-1.2311634256988147,-0.6677602475931277,-0.9228650377047964,-0.7616742244918879,-1.0088780289892638,1.338605159585366,-0.9650299938505638,-0.24283707765390372,0.0,0.0,0.0,1.0,1.0,0.0,0.0,0.0,0.0,0.0,0.0,0.0,0.0,0.0,1.0,0.0,0.0,0.0,1.0,1.0,1.0,1.0,0.0,1.0,1.0,0.0,0.0
68395eeaa1f9120d4641a6db,Dry Roasted Peanuts with Black Salt,-1.4443225847903423,-1.1533076536076814,-1.0386030685726388,-0.8142572770738026,-0.6677602475931277,-0.5161629469320826,-0.7616742244918879,-0.3692208147873199,-0.921554472556168,1.3721141648145585,-0.8703580093638137,0.0,0.0,0.0,1.0,1.0,0.0,0.0,0.0,0.0,0.0,0.0,0.0,0.0,0.0,1.0,0.0,0.0,1.0,0.0,1.0,1.0,1.0,1.0,1.0,1.0,0.0,0.0
68395eeaa1f9120d4641a6dc,Sattu Drink (Roasted Gram Flour with Lemon & Water),-1.6714772671359515,-1.2288509155387368,-0.8267740796955709,-1.314544655423817,-0.6677602475931277,-0.9228650377047964,-0.7616742244918879,0.14250495657423518,1.2948601344471429,-1.1864436509872596,-1.079531653267117,0.0,0.0,0.0,1.0,1.0,0.0,0.0,0.0,0.0,0.0,0.0,0.0,0.0,0.0,1.0,0.0,0.0,1.0,1.0,1.0,1.0,1.0,0.0,1.0,1.0,0.0,1.0
68395eeaa1f9120d4641a6dd,Low-Oil Vegetable Pakoras (Air-Fried or Baked),-1.4443225847903423,-1.1533076536076814,-0.6573108885939167,-1.1477821959738121,-0.35079648420829884,-0.7872976741138918,-0.7616742244918879,-0.3692208147873199,0.8282465329727615,-0.5960072319560709,-0.24283707765390372,0.0,0.0,0.0,1.0,1.0,0.0,0.0,0.0,0.0,0.0,0.0,0.0,0.0,0.0,1.0,0.0,0.0,1.0,1.0,1.0,1.0,1.0,0.0,1.0,1.0,0.0,1.0
68395eeaa1f9120d4641a6de,"Almond & Date Energy Balls (No Sugar, No Oil)",-1.38753391420394,-1.2288509155387368,-0.6573108885939167,-0.9810197365238074,-0.6677602475931277,-1.3160103921184199,-0.7616742244918879,-0.8443947453373355,0.5949397322355708,0.1420382918329153,-0.8703580093638137,0.0,0.0,0.0,1.0,1.0,0.0,0.0,0.0,0.0,0.0,0.0,0.0,0.0,0.0,1.0,0.0,0.0,1.0,0.0,1.0,1.0,1.0,0.0,1.0,1.0,0.0,0.0
68395eeaa1f9120d4641a6df,"Homemade Besan Ladoo (Low Sugar, Roasted in Ghee)",-1.1035905612719283,-1.2288509155387368,-0.5725792930430895,-0.5641135878987954,-0.6677602475931277,-1.3160103921184199,-0.5156398960953792,-1.1733613126411924,0.12832613076118982,0.8800838156219012,-0.24283707765390372,0.0,0.0,0.0,1.0,1.0,0.0,0.0,0.0,0.0,0.0,0.0,0.0,0.0,0.0,1.0,0.0,0.0,1.0,1.0,1.0,0.0,0.0,0.0,1.0,1.0,0.0,0.0
68395eeaa1f9120d4641a6e0,Spiced Roasted Sunflower Seeds,-1.38753391420394,-1.2288509155387368,-0.9962372707972252,-0.6474948176237978,-0.6677602475931277,-0.9228650377047964,-0.7616742244918879,-0.8443947453373355,-0.8049010721875727,1.913347548926482,-0.6611843654605104,0.0,0.0,0.0,1.0,1.0,0.0,0.0,0.0,0.0,0.0,0.0,0.0,0.0,0.0,1.0,0.0,0.0,1.0,1.0,1.0,1.0,1.0,1.0,1.0,1.0,0.0,0.0
68395eeaa1f9120d4641a6e1,Dahi Bhalla (Low-fats Yogurt with Baked Lentil Dumplings),-1.5011112553767445,-0.9266778678145151,-0.5725792930430895,-1.1477821959738121,-0.03383272082346995,-0.7872976741138918,-0.7001656423927608,1.0471630166598416,1.557330285276482,-0.4114958510088242,-0.033663433750600415,0.0,0.0,0.0,1.0,1.0,0.0,0.0,0.0,0.0,0.0,0.0,0.0,0.0,0.0,1.0,0.0,0.0,1.0,1.0,1.0,0.0,0.0,0.0,1.0,1.0,0.0,1.0
68395eeaa1f9120d4641a6e2,Cinnamon-Spiced Almond & Walnut Mix,-1.3307452436175375,-1.2288509155387368,-1.0386030685726388,-0.5641135878987954,-0.6677602475931277,-1.1939997648866056,-0.7616742244918879,-0.9341129000565692,-1.0276030183458003,1.9536045774967903,-0.8703580093638137,0.0,0.0,0.0,1.0,1.0,0.0,0.0,0.0,0.0,0.0,0.0,0.0,0.0,0.0,1.0,0.0,0.0,1.0,0.0,1.0,1.0,1.0,1.0,1.0,1.0,0.0,0.0
68395eeaa1f9120d4641a6e3,Low-fats Boiled Kala Chana Chaat (Black Chickpeas),-1.4443225847903423,-1.077764391676626,-0.48784769749226237,-1.314544655423817,0.2831310425613589,-0.7872976741138918,-0.7616742244918879,-0.003702406671923485,1.6059358687633971,-1.5800679303413856,-0.45201072155720706,0.0,0.0,0.0,1.0,1.0,0.0,0.0,0.0,0.0,0.0,0.0,0.0,0.0,0.0,1.0,0.0,0.0,1.0,1.0,1.0,1.0,1.0,0.0,1.0,1.0,0.0,1.0
68395eeaa1f9120d4641a6e4,Low-Oil Moong Dal Halwa (With Jaggery & Nuts),-1.3307452436175375,-1.1533076536076814,-0.48784769749226237,-1.0644009662488099,-0.6677602475931277,-1.3160103921184199,-0.7001656423927608,-0.6350523843257903,1.0403436245520257,-0.4618171367217097,0.38468385405600625,0.0,0.0,0.0,1.0,1.0,0.0,0.0,0.0,0.0,0.0,0.0,0.0,0.0,0.0,1.0,0.0,0.0,1.0,0.0,1.0,0.0,0.0,0.0,1.0,1.0,0.0,0.0
68395eeaa1f9120d4641a6e5,Air-Fried Baingan (Eggplant) Chips,-1.6146885965495492,-1.379937439400848,-0.8267740796955709,-1.1477821959738121,-0.35079648420829884,-0.9228650377047964,-0.7616742244918879,-1.2830168350758113,0.8282465329727615,0.1420382918329153,-0.24283707765390372,0.0,0.0,0.0,1.0,1.0,0.0,0.0,0.0,0.0,0.0,0.0,0.0,0.0,0.0,1.0,0.0,0.0,1.0,1.0,1.0,1.0,1.0,1.0,1.0,1.0,0.0,1.0
68395eeaa1f9120d4641a6e6,Baked Onion & Spinach Pakoras,-1.6146885965495492,-1.2288509155387368,-0.8267740796955709,-1.2311634256988147,-0.6677602475931277,-0.9228650377047964,-0.7616742244918879,-0.18646161072962156,0.8282465329727615,-0.5960072319560709,-0.033663433750600415,0.0,0.0,0.0,1.0,1.0,0.0,0.0,0.0,0.0,0.0,0.0,0.0,0.0,0.0,1.0,0.0,0.0,1.0,1.0,1.0,1.0,1.0,0.0,1.0,1.0,0.0,1.0
68395eeaa1f9120d4641a6e7,Dry Roasted Mustard-Flavored Peanuts,-1.4443225847903423,-1.1533076536076814,-1.0386030685726388,-0.8142572770738026,-0.6677602475931277,-0.9228650377047964,-0.7616742244918879,-0.3692208147873199,-0.921554472556168,1.3721141648145585,-0.8703580093638137,0.0,0.0,0.0,1.0,1.0,0.0,0.0,0.0,0.0,0.0,0.0,0.0,0.0,0.0,1.0,0.0,0.0,1.0,0.0,1.0,1.0,1.0,1.0,1.0,1.0,0.0,0.0
68395eeaa1f9120d4641a6e8,Sprouted Roti Wraps with Green Chutney,-1.3307452436175375,-1.1533076536076814,-0.4031161019414352,-1.1477821959738121,-0.35079648420829884,-0.7872976741138918,-0.7616742244918879,-0.6350523843257903,1.358489261920922,-0.864387422424793,-0.033663433750600415,0.0,0.0,0.0,1.0,1.0,0.0,0.0,0.0,0.0,0.0,0.0,0.0,0.0,0.0,1.0,0.0,0.0,0.0,1.0,1.0,1.0,1.0,0.0,1.0,1.0,0.0,0.0
68395eeaa1f9120d4641a6e9,"Spicy Boiled Chickpeas (Chana Chaat Style, No Oil)",-1.38753391420394,-1.077764391676626,-0.48784769749226237,-1.2311634256988147,0.2831310425613589,-0.5161629469320826,-0.7616742244918879,-0.18646161072962156,1.2948601344471429,-1.1864436509872596,-0.45201072155720706,0.0,0.0,0.0,1.0,1.0,0.0,0.0,0.0,0.0,0.0,0.0,0.0,0.0,0.0,1.0,0.0,0.0,1.0,1.0,1.0,1.0,1.0,0.0,1.0,1.0,0.0,1.0
68395eeaa1f9120d4641a6ea,Kala Chana Chaat (Black Chickpea Salad with Lemon),-1.3307452436175375,-1.0022211297455705,-0.4031161019414352,-1.2311634256988147,0.6000948059461878,-0.24502821975027334,-0.7616742244918879,-0.03693135286423225,1.358489261920922,-1.2669577081278762,-0.45201072155720706,0.0,0.0,0.0,1.0,1.0,0.0,0.0,0.0,0.0,0.0,0.0,0.0,0.0,0.0,1.0,0.0,0.0,1.0,1.0,1.0,1.0,1.0,0.0,1.0,1.0,0.0,1.0
68395eeaa1f9120d4641a6eb,Spinach & Sweet Potato Chaat,-1.2739565730311353,-1.2288509155387368,-0.23365291083978093,-1.2311634256988147,-0.03383272082346995,-0.7872976741138918,-0.7001656423927608,-1.0088780289892638,1.703147035737226,-1.3340527557450568,-0.8703580093638137,0.0,0.0,0.0,1.0,1.0,0.0,0.0,0.0,0.0,0.0,0.0,0.0,0.0,0.0,1.0,0.0,0.0,1.0,1.0,1.0,0.0,0.0,0.0,1.0,1.0,0.0,0.0
68395eeaa1f9120d4641a6ec,Brown Rice Dhokla (Steamed Lentil Cake with Curd),-1.217167902444733,-1.0022211297455705,-0.31838450639060806,-1.1477821959738121,-0.35079648420829884,-0.5161629469320826,-0.7001656423927608,-0.3129872135387973,1.1871800725684396,-1.050189092749293,-0.45201072155720706,0.0,0.0,0.0,1.0,1.0,0.0,0.0,0.0,0.0,0.0,0.0,0.0,0.0,0.0,1.0,0.0,0.0,1.0,1.0,1.0,0.0,0.0,0.0,1.0,1.0,0.0,0.0
68395eeaa1f9120d4641a6ed,Chickpea Flour Soup with Cumin & Garlic,-1.6714772671359515,-1.3043941774697922,-0.9962372707972252,-1.1477821959738121,-0.9847240109779566,-0.9228650377047964,-0.7616742244918879,-0.5154281780334785,-0.10498066997600085,0.5848656061063071,-1.079531653267117,0.0,0.0,0.0,1.0,1.0,0.0,0.0,0.0,0.0,0.0,0.0,0.0,0.0,0.0,1.0,0.0,0.0,1.0,1.0,1.0,1.0,1.0,1.0,1.0,1.0,0.0,1.0
68395eeaa1f9120d4641a6ee,"Tomato, Cucumber & Mint Detox Salad",-1.728265937722354,-1.379937439400848,-0.7844082819201574,-1.3979258851488194,-0.6677602475931277,-0.9228650377047964,-0.7616742244918879,-1.0088780289892638,2.432230788040947,-2.072098279534043,-1.079531653267117,0.0,0.0,0.0,1.0,1.0,0.0,0.0,0.0,0.0,0.0,0.0,0.0,0.0,0.0,1.0,0.0,0.0,1.0,1.0,1.0,1.0,1.0,1.0,0.0,1.0,0.0,1.0
68395eeaa1f9120d4641a6ef,Spiced Boiled Peanuts with Black Pepper,-0.9900132200991237,-0.9266778678145151,-0.9538714730218117,-0.14720743927378335,-0.35079648420829884,-0.7872976741138918,-0.7616742244918879,-0.4767262289389072,-0.9901741198318124,1.8352015522900007,-1.079531653267117,0.0,0.0,0.0,1.0,1.0,0.0,0.0,0.0,0.0,0.0,0.0,0.0,0.0,0.0,1.0,0.0,0.0,1.0,0.0,1.0,1.0,1.0,1.0,1.0,1.0,0.0,0.0
68395eeaa1f9120d4641a6f0,Palak Raita (Spinach & Yogurt with Spices),-1.6714772671359515,-1.2288509155387368,-0.9538714730218117,-1.2311634256988147,-0.9847240109779566,-0.5161629469320826,-0.7001656423927608,0.14250495657423518,0.24497953112978513,-0.30078902244047645,-1.079531653267117,0.0,0.0,0.0,1.0,1.0,0.0,0.0,0.0,0.0,0.0,0.0,0.0,0.0,0.0,1.0,0.0,0.0,1.0,1.0,1.0,0.0,0.0,1.0,1.0,1.0,0.0,1.0
68395eeaa1f9120d4641a6f1,Carrot & Apple Salad with Lemon Dressing,-1.4443225847903423,-1.379937439400848,-0.23365291083978093,-1.3979258851488194,-0.35079648420829884,-1.0584324012957012,-0.7616742244918879,-1.4657760391335095,2.7724698724493497,-2.072098279534043,-1.079531653267117,0.0,0.0,0.0,1.0,1.0,0.0,0.0,0.0,0.0,0.0,0.0,0.0,0.0,0.0,1.0,0.0,0.0,1.0,1.0,1.0,1.0,1.0,0.0,0.0,1.0,0.0,1.0
68395ef0a1f9120d4641a6f2,Mutton Karahi with Whole Wheat Roti,0.9578381810144756,-0.09570198657290525,0.10527347136352766,0.2696987093512287,0.2831310425613589,1.6258013978042107,-0.14658840350061594,-0.6770257900423908,-0.48154603256936124,-0.3456760016650698,-1.2468705683897596,0.0,1.0,0.0,0.0,1.0,0.0,0.0,0.0,0.0,0.0,0.0,0.0,0.0,0.0,0.0,1.0,0.0,0.0,1.0,1.0,0.0,0.0,0.0,1.0,0.0,0.0,0.0
68395ef0a1f9120d4641a6f3,Beef Biryani with Yogurt Raita,1.707448632754986,0.05538453728920563,1.376247404625935,0.2696987093512287,-0.35079648420829884,1.6529148705223915,-0.14658840350061594,-0.8112430757640786,0.12290039120916202,-0.69899032829872,-1.2468705683897596,0.0,1.0,0.0,0.0,1.0,0.0,0.0,0.0,0.0,0.0,0.0,0.0,0.0,0.0,0.0,1.0,0.0,0.0,1.0,1.0,0.0,0.0,0.0,1.0,0.0,0.0,0.0
68395ef0a1f9120d4641a6f4,Grilled Chicken Malai Tikka with Roti,0.8101876374898296,0.43310084694448286,0.10527347136352766,-0.14720743927378335,-0.6677602475931277,1.6258013978042107,0.22246308909414728,-0.14255436868701252,-0.4269153108289621,-0.7081537797186682,0.5938574979593095,0.0,0.0,1.0,0.0,1.0,0.0,0.0,0.0,0.0,0.0,0.0,0.0,0.0,0.0,0.0,1.0,0.0,0.0,1.0,1.0,0.0,0.0,1.0,1.0,0.0,0.0,0.0
68395ef0a1f9120d4641a6f5,Paneer Tikka with Masala Roti,0.5546386198510191,-0.3223317723660716,0.3171024602405955,-0.14720743927378335,0.2831310425613589,1.5986879250860297,-0.39262273189712477,-0.7148920695208851,-0.11923244287171168,-0.5692906519094105,0.38468385405600625,0.0,0.0,1.0,0.0,1.0,0.0,0.0,0.0,0.0,0.0,0.0,0.0,0.0,0.0,0.0,1.0,0.0,0.0,1.0,1.0,0.0,0.0,0.0,1.0,0.0,0.0,0.0
68395ef0a1f9120d4641a6f6,Dal Gosht with Butter Roti,1.6336233609926631,0.20647106115131653,0.5289314491176634,0.2696987093512287,1.2340223327158455,1.6258013978042107,-0.14658840350061594,-0.686157662330417,-0.3973524835580498,-0.6707460191752085,-1.2468705683897596,0.0,1.0,0.0,0.0,1.0,0.0,0.0,0.0,0.0,0.0,0.0,0.0,0.0,0.0,0.0,1.0,0.0,0.0,1.0,1.0,0.0,0.0,0.0,1.0,0.0,0.0,0.0
68395ef0a1f9120d4641a6f7,Lobia Curry with Rice,0.6455004927892628,-0.548961558159238,1.588076393503003,-0.5641135878987954,1.8679498594855033,1.5986879250860297,-0.7616742244918879,-0.9693733102082331,0.9785205640152751,-1.105226414308297,0.8030311418626128,0.0,0.0,1.0,0.0,1.0,0.0,0.0,0.0,0.0,0.0,0.0,0.0,0.0,0.0,0.0,1.0,0.0,0.0,1.0,1.0,0.0,0.0,0.0,1.0,0.0,1.0,0.0
68395ef0a1f9120d4641a6f8,Keema Paratha with Butter & Yogurt,1.3269645398260905,-0.3223317723660716,0.3171024602405955,0.2696987093512287,0.2831310425613589,1.6258013978042107,-0.26960556769887034,-0.9775749819274783,-0.44525339146640175,-0.5398238356814767,0.5938574979593095,1.0,0.0,0.0,0.0,1.0,0.0,0.0,0.0,0.0,0.0,0.0,0.0,0.0,0.0,0.0,1.0,0.0,0.0,1.0,1.0,0.0,0.0,0.0,1.0,0.0,0.0,0.0
68395ef0a1f9120d4641a6f9,Fish Tikka with Tandoori Roti,0.2423009316258064,0.05538453728920563,0.10527347136352766,-0.5641135878987954,-0.35079648420829884,1.5986879250860297,-0.26960556769887034,-0.13120882810752693,-0.1483865863922224,-0.9278416535046071,0.38468385405600625,0.0,1.0,0.0,0.0,1.0,0.0,0.0,0.0,0.0,0.0,0.0,0.0,0.0,0.0,0.0,1.0,0.0,0.0,1.0,1.0,0.0,0.0,0.0,1.0,0.0,0.0,0.0
68395ef0a1f9120d4641a6fa,Murgh Chana with Butter Naan,1.5541192221716997,0.05538453728920563,0.7407604379947312,0.2696987093512287,0.6000948059461878,1.6258013978042107,-0.26960556769887034,-0.7666777245827027,-0.2306945286256522,-0.6390001750894099,1.0122047857659162,1.0,0.0,0.0,0.0,1.0,0.0,0.0,0.0,0.0,0.0,0.0,0.0,0.0,0.0,0.0,1.0,0.0,0.0,1.0,1.0,0.0,0.0,0.0,1.0,0.0,0.0,0.0
68395ef0a1f9120d4641a6fb,Lamb Kebab Wrap with Hummus,0.673894828082464,-0.3223317723660716,0.10527347136352766,-0.14720743927378335,0.2831310425613589,1.6258013978042107,-0.26960556769887034,-0.7655280304977498,-0.3710411252443304,-0.637452552946381,0.38468385405600625,0.0,0.0,1.0,0.0,1.0,0.0,0.0,0.0,0.0,0.0,0.0,0.0,0.0,0.0,0.0,1.0,0.0,0.0,0.0,1.0,0.0,0.0,0.0,1.0,0.0,0.0,0.0
68395ef0a1f9120d4641a6fc,Mutton Nihari with Khameeri Roti,1.6676965633445044,0.05538453728920563,0.3171024602405955,0.2696987093512287,-0.35079648420829884,1.6258013978042107,-0.26960556769887034,-0.8000512895565649,-0.5448992926826471,-0.6839248805578937,-1.205035839609099,0.0,1.0,0.0,0.0,1.0,0.0,0.0,0.0,0.0,0.0,0.0,0.0,0.0,0.0,0.0,1.0,0.0,0.0,1.0,1.0,0.0,0.0,0.0,1.0,0.0,0.0,0.0
68395ef0a1f9120d4641a6fe,Kashmiri Rogan Josh with Rice,1.2304237998292067,0.05538453728920563,0.9525894268717991,-0.14720743927378335,-0.6677602475931277,1.6258013978042107,-0.26960556769887034,-0.6585081110497728,0.054715963683680396,-0.8880680274661509,-1.205035839609099,0.0,0.0,1.0,0.0,1.0,0.0,0.0,0.0,0.0,0.0,0.0,0.0,0.0,0.0,0.0,1.0,0.0,0.0,1.0,1.0,0.0,0.0,0.0,1.0,0.0,0.0,0.0
68395ef0a1f9120d4641a700,Saffron-infused Almond Chicken Curry,0.054898318690678787,0.05538453728920563,-0.9538714730218117,0.2696987093512287,-0.6677602475931277,1.6258013978042107,-0.26960556769887034,0.02727372960904242,-1.2576744397199173,0.42975095364896054,0.5938574979593095,0.0,0.0,1.0,0.0,1.0,0.0,0.0,0.0,0.0,0.0,0.0,0.0,0.0,0.0,0.0,1.0,0.0,0.0,0.0,1.0,0.0,0.0,1.0,1.0,0.0,0.0,0.0
68395ef0a1f9120d4641a701,Shinwari Karahi with Butter Roti,1.4235052798229746,0.05538453728920563,0.10527347136352766,0.6866048579762407,-0.35079648420829884,1.6258013978042107,-0.26960556769887034,-0.7255244731182948,-0.6225688665694321,-0.211479311998784,-1.2468705683897596,0.0,1.0,0.0,0.0,1.0,0.0,0.0,0.0,0.0,0.0,0.0,0.0,0.0,0.0,0.0,1.0,0.0,0.0,1.0,1.0,0.0,0.0,0.0,1.0,0.0,0.0,0.0
68395ef0a1f9120d4641a702,Anda Shami Kabab Roll,0.6852525621997445,-0.3223317723660716,0.3171024602405955,-0.14720743927378335,0.2831310425613589,1.6258013978042107,0.5300059995897833,-0.7701119720751742,-0.18776695410855235,-0.6436230722005214,-0.033663433750600415,1.0,0.0,0.0,0.0,1.0,0.0,0.0,0.0,0.0,0.0,0.0,0.0,0.0,0.0,0.0,1.0,0.0,0.0,1.0,0.0,0.0,0.0,0.0,1.0,0.0,0.0,0.0
68395ef0a1f9120d4641a703,Tandoori Salmon with Mashed Potatoes,0.1627967928048432,-0.3223317723660716,-0.31838450639060806,-0.14720743927378335,-0.6677602475931277,1.5986879250860297,-0.26960556769887034,-0.5083725948205272,-0.5665903722388606,-0.29129138567321855,0.8030311418626128,0.0,0.0,1.0,0.0,1.0,0.0,0.0,0.0,0.0,0.0,0.0,0.0,0.0,0.0,0.0,1.0,0.0,0.0,1.0,1.0,0.0,0.0,0.0,1.0,0.0,0.0,0.0
68395ef0a1f9120d4641a707,Beef Haleem with Tandoori Roti,1.2985702045328895,0.05538453728920563,0.5289314491176634,-0.14720743927378335,0.2831310425613589,1.6258013978042107,-0.26960556769887034,-0.6830690814413777,-0.28331989985887956,-0.9128644725356355,-1.2468705683897596,0.0,0.0,1.0,0.0,1.0,0.0,0.0,0.0,0.0,0.0,0.0,0.0,0.0,0.0,0.0,1.0,0.0,0.0,1.0,1.0,0.0,0.0,0.0,1.0,0.0,0.0,0.0
68395ef0a1f9120d4641a709,Matar Keema with Whole Wheat Roti,0.7306834986688663,-0.3223317723660716,0.3171024602405955,-0.14720743927378335,0.2831310425613589,1.6258013978042107,-0.26960556769887034,-0.7880600900485144,-0.2100427176652642,-0.667783329407008,0.5938574979593095,0.0,1.0,0.0,0.0,1.0,0.0,0.0,0.0,0.0,0.0,0.0,0.0,0.0,0.0,0.0,1.0,0.0,0.0,1.0,1.0,0.0,0.0,0.0,1.0,0.0,0.0,0.0
68395ef0a1f9120d4641a70a,Chicken Changezi with Saffron Roti,1.3667166092365721,0.43310084694448286,0.10527347136352766,0.2696987093512287,-0.35079648420829884,1.6258013978042107,0.09944592489589286,-0.42545441603584244,-0.6074876254099499,-0.5581587435566355,0.8030311418626128,0.0,1.0,0.0,0.0,1.0,0.0,0.0,0.0,0.0,0.0,0.0,0.0,0.0,0.0,0.0,1.0,0.0,0.0,1.0,1.0,0.0,0.0,0.0,1.0,0.0,0.0,0.0
68395ef0a1f9120d4641a70b,Aloo Keema with Paratha,0.7306834986688663,-0.3223317723660716,0.10527347136352766,-0.14720743927378335,-0.35079648420829884,1.6258013978042107,-0.26960556769887034,-0.7880600900485144,-0.3950111114843901,-0.667783329407008,0.38468385405600625,1.0,0.0,0.0,0.0,1.0,0.0,0.0,0.0,0.0,0.0,0.0,0.0,0.0,0.0,0.0,1.0,0.0,0.0,1.0,1.0,0.0,0.0,0.0,1.0,0.0,0.0,0.0
68395ef0a1f9120d4641a70c,Tandoori Pomfret with Lemon Butter Sauce,-0.42212651423510067,0.05538453728920563,-0.9538714730218117,-0.14720743927378335,-1.3016877743627855,1.5986879250860297,-0.14658840350061594,0.6054949401870707,-1.1807842511530464,0.38805346642924393,0.38468385405600625,0.0,0.0,1.0,0.0,1.0,0.0,0.0,0.0,0.0,0.0,0.0,0.0,0.0,0.0,0.0,1.0,0.0,0.0,1.0,1.0,0.0,0.0,1.0,1.0,0.0,0.0,0.0
68395ef0a1f9120d4641a70e,Egg & Cheese Keema Wrap,0.3445205386813306,0.05538453728920563,-0.31838450639060806,-0.14720743927378335,-0.35079648420829884,1.6258013978042107,0.4684974174906561,-0.20676818895825488,-0.6407222124095497,-0.43199711555851844,0.1755102101527029,1.0,0.0,0.0,0.0,1.0,0.0,0.0,0.0,0.0,0.0,0.0,0.0,0.0,0.0,0.0,1.0,0.0,0.0,1.0,0.0,0.0,0.0,0.0,1.0,0.0,0.0,0.0
68395ef0a1f9120d4641a710,Fry Fish with Mint Chutney,-0.42212651423510067,-0.3223317723660716,-0.9538714730218117,-0.14720743927378335,-0.9847240109779566,1.5986879250860297,-0.39262273189712477,-0.003702406671923485,-1.1807842511530464,0.38805346642924393,-0.033663433750600415,0.0,0.0,0.0,1.0,1.0,0.0,0.0,0.0,0.0,0.0,0.0,0.0,0.0,0.0,0.0,1.0,0.0,0.0,1.0,1.0,0.0,0.0,1.0,1.0,0.0,0.0,0.0
68395ef0a1f9120d4641a711,Tawa Fried Beef Kebab with Garlic Sauce,-0.42212651423510067,-0.3223317723660716,-0.9538714730218117,-0.14720743927378335,-0.9847240109779566,1.6258013978042107,-0.26960556769887034,-0.003702406671923485,-1.1807842511530464,0.38805346642924393,0.1755102101527029,0.0,0.0,1.0,0.0,1.0,0.0,0.0,0.0,0.0,0.0,0.0,0.0,0.0,0.0,0.0,1.0,0.0,0.0,1.0,1.0,0.0,0.0,1.0,1.0,0.0,0.0,0.0
68395ef0a1f9120d4641a714,Chicken Malai Boti with Cheese Naan,0.7988299033725491,0.05538453728920563,-0.10655551751354021,0.2696987093512287,-0.9847240109779566,1.6258013978042107,-0.14658840350061594,-0.4747312831092901,-0.6028621931986654,-0.2460062619118093,0.5938574979593095,0.0,0.0,1.0,0.0,1.0,0.0,0.0,0.0,0.0,0.0,0.0,0.0,0.0,0.0,0.0,1.0,0.0,0.0,1.0,1.0,0.0,0.0,0.0,1.0,0.0,0.0,0.0
68395ef0a1f9120d4641a715,Beef Yakhni Pulao with Salad,0.7704355680793479,-0.3223317723660716,0.9525894268717991,-0.5641135878987954,-0.35079648420829884,1.6258013978042107,-0.26960556769887034,-0.8032739244243533,0.3178879063601572,-1.1495413747978103,0.8030311418626128,0.0,0.0,1.0,0.0,1.0,0.0,0.0,0.0,0.0,0.0,0.0,0.0,0.0,0.0,0.0,1.0,0.0,0.0,1.0,1.0,0.0,0.0,0.0,1.0,0.0,0.0,0.0
68395ef0a1f9120d4641a716,Tandoori Chicken Wings with Yogurt Dip,-0.16657749659629023,0.05538453728920563,-0.9538714730218117,-0.14720743927378335,-1.3016877743627855,1.6258013978042107,0.09944592489589286,0.25738217055335977,-1.2270752830453462,0.036603217005917135,1.2213784296692196,0.0,0.0,0.0,1.0,1.0,0.0,0.0,0.0,0.0,0.0,0.0,0.0,0.0,0.0,0.0,1.0,0.0,0.0,1.0,1.0,0.0,0.0,1.0,1.0,0.0,0.0,0.0
68395ef0a1f9120d4641a717,Chana Dal Gosht with Butter Naan,0.9408015798385548,0.05538453728920563,0.10527347136352766,0.2696987093512287,0.2831310425613589,1.6258013978042107,-0.26960556769887034,-0.5412294774298595,-0.47552676526448007,-0.3355205765011344,1.2213784296692196,0.0,0.0,1.0,0.0,1.0,0.0,0.0,0.0,0.0,0.0,0.0,0.0,0.0,0.0,0.0,1.0,0.0,0.0,1.0,1.0,0.0,0.0,0.0,1.0,0.0,0.0,0.0
68395ef0a1f9120d4641a71a,Fish Kabab with Pita Bread,0.08897152104252017,-0.3223317723660716,-0.10655551751354021,-0.5641135878987954,-0.6677602475931277,1.6258013978042107,-0.39262273189712477,-0.46060041681616914,-0.28968188722627675,-0.8420224065523995,0.5938574979593095,0.0,0.0,1.0,0.0,1.0,0.0,0.0,0.0,0.0,0.0,0.0,0.0,0.0,0.0,0.0,1.0,0.0,0.0,1.0,1.0,0.0,0.0,0.0,1.0,0.0,0.0,0.0
68395ef0a1f9120d4641a71c,Ginger Mutton Curry with Lemon Rice,0.9408015798385548,-0.3223317723660716,0.9525894268717991,-0.14720743927378335,-0.6677602475931277,1.6258013978042107,-0.26960556769887034,-0.8637457198846212,0.21066970749196287,-0.7696650022593616,1.2213784296692196,0.0,1.0,0.0,0.0,1.0,0.0,0.0,0.0,0.0,0.0,0.0,0.0,0.0,0.0,0.0,1.0,0.0,0.0,1.0,1.0,0.0,0.0,0.0,1.0,0.0,0.0,0.0
68395ef0a1f9120d4641a71d,Chicken Saagwala with Tandoori Roti,0.2593375328017271,0.05538453728920563,-0.31838450639060806,-0.5641135878987954,-0.35079648420829884,1.6258013978042107,-0.26960556769887034,-0.14428640979322982,-0.6074876254099499,-0.9366436275509874,0.8030311418626128,0.0,1.0,0.0,0.0,1.0,0.0,0.0,0.0,0.0,0.0,0.0,0.0,0.0,0.0,0.0,1.0,0.0,0.0,1.0,1.0,0.0,0.0,0.0,1.0,0.0,0.0,0.0
68395ef0a1f9120d4641a71e,Tandoori Beef Steak with Baked Potatoes,0.5148865504405375,0.43310084694448286,-0.31838450639060806,-0.14720743927378335,-0.35079648420829884,1.6258013978042107,0.09944592489589286,0.059318008520386344,-0.7003152649605562,-0.5451075406602786,1.2213784296692196,0.0,0.0,1.0,0.0,1.0,0.0,0.0,0.0,0.0,0.0,0.0,0.0,0.0,0.0,0.0,1.0,0.0,0.0,1.0,1.0,0.0,0.0,0.0,1.0,0.0,0.0,0.0
68395ef0a1f9120d4641a71f,Shahi Chicken Kofta with Butter Roti,0.600069556320141,0.05538453728920563,-0.10655551751354021,-0.14720743927378335,-0.6677602475931277,1.6258013978042107,-0.26960556769887034,-0.3692208147873199,-0.5327098046608504,-0.5960072319560709,1.0122047857659162,0.0,1.0,0.0,0.0,1.0,0.0,0.0,0.0,0.0,0.0,0.0,0.0,0.0,0.0,0.0,1.0,0.0,0.0,1.0,1.0,0.0,0.0,0.0,1.0,0.0,0.0,0.0
68395ef0a1f9120d4641a720,Spicy Bhuna Keema with Paratha,0.5148865504405375,-0.3223317723660716,-0.10655551751354021,-0.14720743927378335,-0.35079648420829884,1.6258013978042107,-0.26960556769887034,-0.6969269737873307,-0.49918871260090913,-0.5451075406602786,0.8030311418626128,1.0,0.0,0.0,0.0,1.0,0.0,0.0,0.0,0.0,0.0,0.0,0.0,0.0,0.0,0.0,1.0,0.0,0.0,1.0,1.0,0.0,0.0,0.0,1.0,0.0,0.0,0.0
68395ef0a1f9120d4641a721,Grilled Tuna Steak with Lemon Butter Sauce,-0.16657749659629023,0.43310084694448286,-1.0809688663480523,-0.14720743927378335,-1.3016877743627855,1.6258013978042107,-0.26960556769887034,0.7795513250039262,-1.393722997857625,0.036603217005917135,0.1755102101527029,0.0,0.0,1.0,0.0,1.0,0.0,0.0,0.0,0.0,0.0,0.0,0.0,0.0,0.0,0.0,1.0,0.0,0.0,1.0,1.0,0.0,0.0,1.0,1.0,0.0,0.0,0.0
68395ef0a1f9120d4641a722,Creamy Chicken Stew with Brown Rice,0.7704355680793479,0.05538453728920563,0.9525894268717991,-0.5641135878987954,-0.35079648420829884,1.6258013978042107,-0.26960556769887034,-0.46060041681616914,0.3178879063601572,-1.1495413747978103,0.8030311418626128,0.0,1.0,0.0,0.0,1.0,0.0,0.0,0.0,0.0,0.0,0.0,0.0,0.0,0.0,0.0,1.0,0.0,0.0,1.0,1.0,0.0,0.0,0.0,1.0,0.0,0.0,0.0
68395ef0a1f9120d4641a723,Sizzling Beef Fajitas,0.5148865504405375,0.05538453728920563,-0.10655551751354021,-0.14720743927378335,-0.35079648420829884,1.6258013978042107,-0.26960556769887034,-0.31880448263347216,-0.49918871260090913,-0.5451075406602786,0.5938574979593095,1.0,0.0,0.0,0.0,1.0,0.0,0.0,0.0,0.0,0.0,0.0,0.0,0.0,0.0,0.0,1.0,0.0,0.0,1.0,1.0,0.0,0.0,0.0,1.0,0.0,0.0,0.0
68395ef0a1f9120d4641a724,Coconut Chicken Curry with Zeera Rice,0.9408015798385548,0.05538453728920563,0.9525894268717991,-0.14720743927378335,-0.6677602475931277,1.6258013978042107,-0.26960556769887034,-0.5412294774298595,0.21066970749196287,-0.7696650022593616,1.0122047857659162,0.0,1.0,0.0,0.0,1.0,0.0,0.0,0.0,0.0,0.0,0.0,0.0,0.0,0.0,0.0,1.0,0.0,0.0,1.0,1.0,0.0,0.0,0.0,1.0,0.0,0.0,0.0
68395ef0a1f9120d4641a725,Chapli Kabab Pulao with Yogurt Raita,0.9408015798385548,-0.3223317723660716,0.9525894268717991,-0.14720743927378335,-0.6677602475931277,1.6258013978042107,-0.26960556769887034,-0.8637457198846212,0.21066970749196287,-0.7696650022593616,1.2213784296692196,0.0,1.0,0.0,0.0,1.0,0.0,0.0,0.0,0.0,0.0,0.0,0.0,0.0,0.0,0.0,1.0,0.0,0.0,1.0,1.0,0.0,0.0,0.0,1.0,0.0,0.0,0.0
68395ef0a1f9120d4641a726,Shami Kabab with Masala Roti,0.5148865504405375,0.05538453728920563,-0.10655551751354021,-0.14720743927378335,-0.35079648420829884,1.6258013978042107,-0.26960556769887034,-0.31880448263347216,-0.49918871260090913,-0.5451075406602786,0.8030311418626128,1.0,0.0,0.0,0.0,1.0,0.0,0.0,0.0,0.0,0.0,0.0,0.0,0.0,0.0,0.0,1.0,0.0,0.0,1.0,1.0,0.0,0.0,0.0,1.0,0.0,0.0,0.0
68395ef0a1f9120d4641a727,Masala Egg Curry with Steamed Rice,0.6852525621997445,-0.3223317723660716,0.9525894268717991,-0.5641135878987954,-0.6677602475931277,1.5986879250860297,2.190737716266218,-0.7701119720751742,0.3766849831588443,-1.1197814746450288,0.8030311418626128,0.0,1.0,0.0,0.0,1.0,0.0,0.0,0.0,0.0,0.0,0.0,0.0,0.0,0.0,0.0,1.0,0.0,0.0,1.0,0.0,0.0,0.0,0.0,1.0,0.0,0.0,0.0
68395ef0a1f9120d4641a728,Chicken Jalfrezi with Garlic Naan,0.6852525621997445,0.05538453728920563,0.10527347136352766,-0.14720743927378335,-0.35079648420829884,1.6258013978042107,-0.26960556769887034,-0.41638448035059683,-0.3759175998643513,-0.6436230722005214,0.8030311418626128,0.0,0.0,1.0,0.0,1.0,0.0,0.0,0.0,0.0,0.0,0.0,0.0,0.0,0.0,0.0,1.0,0.0,0.0,1.0,1.0,0.0,0.0,0.0,1.0,0.0,0.0,0.0
68395ef0a1f9120d4641a729,Chicken Biryani with Boiled Eggs and Salad,1.2815336033569686,0.43310084694448286,0.9525894268717991,-0.14720743927378335,-0.35079648420829884,1.6258013978042107,1.2066004026801826,-0.38845862574076195,0.030091688345530443,-0.906763241972486,1.0122047857659162,0.0,1.0,0.0,0.0,1.0,0.0,0.0,0.0,0.0,0.0,0.0,0.0,0.0,0.0,0.0,1.0,0.0,0.0,1.0,0.0,0.0,0.0,0.0,1.0,0.0,0.0,0.0
68395ef0a1f9120d4641a72a,Butter Chicken Pulao with Garlic Yogurt,1.2815336033569686,0.43310084694448286,0.9525894268717991,0.2696987093512287,-0.6677602475931277,1.6258013978042107,-0.023571239302361536,-0.38845862574076195,0.030091688345530443,-0.518318229451967,0.5938574979593095,0.0,1.0,0.0,0.0,1.0,0.0,0.0,0.0,0.0,0.0,0.0,0.0,0.0,0.0,0.0,1.0,0.0,0.0,1.0,1.0,0.0,0.0,0.0,1.0,0.0,0.0,0.0
68395ef0a1f9120d4641a72b,Fish Biryani with Tamarind Sauce,1.5654769562889803,0.8108171565997601,1.376247404625935,0.2696987093512287,-0.6677602475931277,1.6258013978042107,-0.023571239302361536,-0.2395207344883083,0.18853433740304532,-0.6436230722005214,0.8030311418626128,0.0,0.0,1.0,0.0,1.0,0.0,0.0,0.0,0.0,0.0,0.0,0.0,0.0,0.0,0.0,1.0,0.0,0.0,1.0,1.0,0.0,0.0,0.0,1.0,0.0,0.0,0.0
68395ef0a1f9120d4641a72c,Mutton Kofta Pulao with Raisins and Nuts,2.30372967391221,0.8108171565997601,1.588076393503003,1.1035110066012528,-0.35079648420829884,1.6258013978042107,0.22246308909414728,-0.5154281780334785,0.011672730392594479,-0.30078902244047645,1.2213784296692196,0.0,1.0,0.0,0.0,1.0,0.0,0.0,0.0,0.0,0.0,0.0,0.0,0.0,0.0,0.0,1.0,0.0,0.0,0.0,1.0,0.0,0.0,0.0,1.0,0.0,0.0,0.0
68395ef0a1f9120d4641a72d,Spicy Keema Biryani with Cucumber Raita,1.8494203092209918,0.8108171565997601,1.376247404625935,0.6866048579762407,-0.6677602475931277,1.6258013978042107,0.22246308909414728,-0.358309817530144,0.06216450070138932,-0.4197575546333277,1.2213784296692196,0.0,0.0,1.0,0.0,1.0,0.0,0.0,0.0,0.0,0.0,0.0,0.0,0.0,0.0,0.0,1.0,0.0,0.0,1.0,1.0,0.0,0.0,0.0,1.0,0.0,0.0,0.0
68395ef0a1f9120d4641a72e,Zafrani Pulao with Cardamom Flavoring,0.9408015798385548,-1.077764391676626,1.7999053823800708,-0.14720743927378335,-0.6677602475931277,1.5986879250860297,-0.7616742244918879,-1.5087782047941445,0.896866180248406,-0.7696650022593616,0.5938574979593095,0.0,1.0,0.0,0.0,1.0,0.0,0.0,0.0,0.0,0.0,0.0,0.0,0.0,0.0,0.0,1.0,0.0,0.0,0.0,1.0,0.0,0.0,0.0,0.0,0.0,1.0,0.0
68395ef0a1f9120d4641a72f,Beef Korma Biryani with Masala Raita,1.8494203092209918,0.8108171565997601,1.376247404625935,0.6866048579762407,-0.6677602475931277,1.6258013978042107,0.22246308909414728,-0.358309817530144,0.06216450070138932,-0.4197575546333277,1.4305520735725226,0.0,0.0,1.0,0.0,1.0,0.0,0.0,0.0,0.0,0.0,0.0,0.0,0.0,0.0,0.0,1.0,0.0,0.0,1.0,1.0,0.0,0.0,0.0,1.0,0.0,0.0,0.0
68395ef0a1f9120d4641a730,Chicken Reshmi Handi with Saffron Rice,2.076574991566601,1.1885334662550373,1.376247404625935,0.6866048579762407,-0.6677602475931277,1.6258013978042107,0.4684974174906561,-0.20962827039890747,-0.026116399304274503,-0.5128471729375934,1.4305520735725226,0.0,0.0,1.0,0.0,1.0,0.0,0.0,0.0,0.0,0.0,0.0,0.0,0.0,0.0,0.0,1.0,0.0,0.0,0.0,1.0,0.0,0.0,0.0,1.0,0.0,0.0,0.0
68395ef0a1f9120d4641a731,Nalli Biryani with Soft Mutton Bone Marrow,2.246941003325808,1.1885334662550373,1.376247404625935,1.1035110066012528,-0.6677602475931277,1.6258013978042107,0.4684974174906561,-0.27537149378471804,-0.08606390234866101,-0.2768524108581309,1.8488993613791294,0.0,1.0,0.0,0.0,1.0,0.0,0.0,0.0,0.0,0.0,0.0,0.0,0.0,0.0,0.0,1.0,0.0,0.0,1.0,1.0,0.0,0.0,0.0,1.0,0.0,0.0,0.0
68395ef0a1f9120d4641a732,Matar Pulao with Ghee Tarka,0.9408015798385548,-0.8511346058834597,1.7999053823800708,-0.14720743927378335,0.2831310425613589,1.5986879250860297,-0.7616742244918879,-1.3152684593212876,0.896866180248406,-0.7696650022593616,0.8030311418626128,0.0,0.0,1.0,0.0,1.0,0.0,0.0,0.0,0.0,0.0,0.0,0.0,0.0,0.0,0.0,1.0,0.0,0.0,1.0,1.0,0.0,0.0,0.0,1.0,0.0,1.0,0.0
68395ef0a1f9120d4641a733,Daal Makhni with Zeera Rice,1.6222656268753826,-0.3223317723660716,1.7999053823800708,0.2696987093512287,1.8679498594855033,1.6258013978042107,-0.39262273189712477,-1.0480407155730564,0.4394018650774438,-0.6662972818407362,1.4305520735725226,0.0,1.0,0.0,0.0,1.0,0.0,0.0,0.0,0.0,0.0,0.0,0.0,0.0,0.0,0.0,1.0,0.0,0.0,1.0,1.0,0.0,0.0,0.0,1.0,0.0,0.0,0.0
68395ef0a1f9120d4641a734,Fish Pulao with Lemon and Cumin Rice,1.1679562621841642,0.43310084694448286,1.376247404625935,-0.14720743927378335,-0.6677602475931277,1.5986879250860297,-0.14658840350061594,-0.3359918685950111,0.4040523498142331,-0.864387422424793,1.2213784296692196,0.0,1.0,0.0,0.0,1.0,0.0,0.0,0.0,0.0,0.0,0.0,0.0,0.0,0.0,0.0,1.0,0.0,0.0,1.0,1.0,0.0,0.0,0.0,1.0,0.0,0.0,0.0
68395ef0a1f9120d4641a735,Mughlai Keema Pulao with Butter Rice,1.7358429680481873,0.43310084694448286,1.376247404625935,0.6866048579762407,-0.6677602475931277,1.6258013978042107,0.09944592489589286,-0.5660384191571488,0.11037945378140593,-0.36891630155945976,1.2213784296692196,0.0,1.0,0.0,0.0,1.0,0.0,0.0,0.0,0.0,0.0,0.0,0.0,0.0,0.0,0.0,1.0,0.0,0.0,1.0,1.0,0.0,0.0,0.0,1.0,0.0,0.0,0.0
68395ef0a1f9120d4641a736,Methi Chicken Pulao with Raita,1.5654769562889803,0.8108171565997601,1.376247404625935,0.2696987093512287,-0.35079648420829884,1.6258013978042107,0.22246308909414728,-0.2395207344883083,0.18853433740304532,-0.6436230722005214,1.4305520735725226,0.0,0.0,1.0,0.0,1.0,0.0,0.0,0.0,0.0,0.0,0.0,0.0,0.0,0.0,0.0,1.0,0.0,0.0,1.0,1.0,0.0,0.0,0.0,1.0,0.0,0.0,0.0
68395ef0a1f9120d4641a737,Rice with Beef Nihari Gravy,2.246941003325808,1.1885334662550373,1.376247404625935,1.1035110066012528,-0.6677602475931277,1.6258013978042107,0.3454802532924017,-0.27537149378471804,-0.08606390234866101,-0.2768524108581309,2.4764202930890393,0.0,1.0,0.0,0.0,1.0,0.0,0.0,0.0,0.0,0.0,0.0,0.0,0.0,0.0,0.0,1.0,0.0,0.0,1.0,1.0,0.0,0.0,0.0,1.0,0.0,0.0,0.0
68395ef0a1f9120d4641a738,Chana Dal Khichdi with Masala Achaar,0.7136468974929456,-0.548961558159238,1.588076393503003,-0.5641135878987954,1.2340223327158455,1.5986879250860297,-0.7616742244918879,-0.9913798073241652,0.9151160864387369,-1.1299125044842735,1.2213784296692196,1.0,0.0,0.0,0.0,1.0,0.0,0.0,0.0,0.0,0.0,0.0,0.0,0.0,0.0,0.0,1.0,0.0,0.0,1.0,1.0,0.0,0.0,0.0,0.0,0.0,1.0,0.0
68395ef0a1f9120d4641a739,Rajma Pulao with Spices,0.9408015798385548,-0.548961558159238,1.7999053823800708,-0.5641135878987954,1.2340223327158455,1.5986879250860297,-0.7616742244918879,-1.0572554653574782,0.896866180248406,-1.2038094280175886,1.4305520735725226,0.0,1.0,0.0,0.0,1.0,0.0,0.0,0.0,0.0,0.0,0.0,0.0,0.0,0.0,0.0,1.0,0.0,0.0,1.0,1.0,0.0,0.0,0.0,1.0,0.0,1.0,0.0
68395ef0a1f9120d4641a73a,Creamy Shahi Paneer with Basmati Rice,1.7358429680481873,-0.3223317723660716,1.588076393503003,0.6866048579762407,-0.6677602475931277,1.5986879250860297,-0.26960556769887034,-1.0721408303938518,0.24497953112978513,-0.36891630155945976,1.2213784296692196,0.0,0.0,1.0,0.0,1.0,0.0,0.0,0.0,0.0,0.0,0.0,0.0,0.0,0.0,0.0,1.0,0.0,0.0,0.0,1.0,0.0,0.0,0.0,1.0,0.0,0.0,0.0
68395ef0a1f9120d4641a73b,Balochi Sajji Pulao with Smoked Chicken,1.3951109445297734,0.8108171565997601,1.164418415748867,0.2696987093512287,-0.6677602475931277,1.6258013978042107,0.22246308909414728,-0.15858308807675234,0.12634895448375594,-0.5709887396242407,1.639725717475826,0.0,0.0,1.0,0.0,1.0,0.0,0.0,0.0,0.0,0.0,0.0,0.0,0.0,0.0,0.0,1.0,0.0,0.0,1.0,1.0,0.0,0.0,0.0,1.0,0.0,0.0,0.0
68395ef0a1f9120d4641a73c,Lobia Pulao with Fried Green Chilies,0.48649221514733637,-0.7000480820213488,1.164418415748867,-0.5641135878987954,0.6000948059461878,1.5986879250860297,-0.7616742244918879,-1.0662559186352856,0.7332960908122771,-1.0422673161075506,0.38468385405600625,0.0,1.0,0.0,0.0,1.0,0.0,0.0,0.0,0.0,0.0,0.0,0.0,0.0,0.0,0.0,1.0,0.0,0.0,1.0,1.0,0.0,0.0,0.0,1.0,0.0,1.0,0.0
68395ef0a1f9120d4641a73d,Beef Haleem with Zeera Rice,0.9408015798385548,0.05538453728920563,1.164418415748867,-0.14720743927378335,0.2831310425613589,1.6258013978042107,-0.14658840350061594,-0.5412294774298595,0.38221882568107374,-0.7696650022593616,-1.2468705683897596,0.0,0.0,1.0,0.0,1.0,0.0,0.0,0.0,0.0,0.0,0.0,0.0,0.0,0.0,0.0,1.0,0.0,0.0,1.0,1.0,0.0,0.0,0.0,1.0,0.0,0.0,0.0
68395ef0a1f9120d4641a73e,Desi Fried Rice with Chicken Boti,0.48649221514733637,-0.3223317723660716,0.9525894268717991,-0.5641135878987954,-0.35079648420829884,1.5986879250860297,-0.26960556769887034,-0.6837366543284751,0.5298308576112386,-1.0422673161075506,0.1755102101527029,0.0,1.0,0.0,0.0,1.0,0.0,0.0,0.0,0.0,0.0,0.0,0.0,0.0,0.0,0.0,1.0,0.0,0.0,1.0,1.0,0.0,0.0,0.0,1.0,0.0,0.0,0.0
68395ef0a1f9120d4641a73f,Tamarind-Spiced Dal Pulao with Boiled Rice,0.3729148739745317,-0.7000480820213488,1.164418415748867,-0.5641135878987954,0.2831310425613589,1.5986879250860297,-0.7616742244918879,-1.028936966019987,0.8424725574079562,-0.9920316593550389,0.1755102101527029,0.0,0.0,1.0,0.0,1.0,0.0,0.0,0.0,0.0,0.0,0.0,0.0,0.0,0.0,0.0,1.0,0.0,0.0,1.0,1.0,0.0,0.0,0.0,1.0,0.0,1.0,0.0
68395ef0a1f9120d4641a740,Kadhi Pulao with Fried Pakoras,0.6568582269065433,-0.7000480820213488,1.164418415748867,-0.14720743927378335,-0.35079648420829884,1.5986879250860297,-0.6386570602936336,-1.1161497357187824,0.5873319017767495,-0.628096167772983,1.2213784296692196,0.0,1.0,0.0,0.0,1.0,0.0,0.0,0.0,0.0,0.0,0.0,0.0,0.0,0.0,0.0,1.0,0.0,0.0,1.0,1.0,0.0,0.0,0.0,1.0,0.0,0.0,0.0
68395ef0a1f9120d4641a741,Eggplant and Tomato Pulao with Yogurt,0.2593375328017271,-1.077764391676626,1.164418415748867,-0.5641135878987954,-0.03383272082346995,1.5986879250860297,-0.7001656423927608,-1.409542437884987,0.9628466103211407,-0.9366436275509874,0.38468385405600625,0.0,0.0,1.0,0.0,1.0,0.0,0.0,0.0,0.0,0.0,0.0,0.0,0.0,0.0,0.0,1.0,0.0,0.0,1.0,1.0,0.0,0.0,0.0,1.0,0.0,0.0,0.0
68395ef0a1f9120d4641a742,Spinach and Paneer Pulao with Dry Fruits,0.7704355680793479,-0.3223317723660716,0.9525894268717991,-0.14720743927378335,-0.35079648420829884,1.5986879250860297,-0.5156398960953792,-0.8032739244243533,0.3178879063601572,-0.688262922429694,0.38468385405600625,0.0,1.0,0.0,0.0,1.0,0.0,0.0,0.0,0.0,0.0,0.0,0.0,0.0,0.0,0.0,1.0,0.0,0.0,0.0,1.0,0.0,0.0,0.0,1.0,0.0,0.0,0.0
68395ef0a1f9120d4641a743,Paya Curry with Steamed Rice,0.7704355680793479,0.05538453728920563,0.9525894268717991,-0.14720743927378335,-0.6677602475931277,1.6258013978042107,-0.14658840350061594,-0.46060041681616914,0.3178879063601572,-0.688262922429694,1.2213784296692196,0.0,1.0,0.0,0.0,1.0,0.0,0.0,0.0,0.0,0.0,0.0,0.0,0.0,0.0,0.0,1.0,0.0,0.0,1.0,1.0,0.0,0.0,0.0,1.0,0.0,0.0,0.0
68395ef0a1f9120d4641a744,Shahi Mughlai Rice with Spiced Cashews,0.48649221514733637,-1.077764391676626,1.164418415748867,-0.14720743927378335,-0.35079648420829884,1.5986879250860297,-0.7616742244918879,-1.4487751829420958,0.7332960908122771,-0.5273518343943047,0.5938574979593095,0.0,0.0,1.0,0.0,1.0,0.0,0.0,0.0,0.0,0.0,0.0,0.0,0.0,0.0,0.0,1.0,0.0,0.0,0.0,1.0,0.0,0.0,0.0,1.0,0.0,0.0,0.0
68395ef0a1f9120d4641a745,Anda Bhurji with Rice & Salad,0.6568582269065433,-0.3223317723660716,0.9525894268717991,-0.14720743927378335,-0.35079648420829884,1.5986879250860297,3.174875029852253,-0.7585773799537207,0.39713614030621364,-0.628096167772983,0.38468385405600625,1.0,0.0,0.0,0.0,1.0,0.0,0.0,0.0,0.0,0.0,0.0,0.0,0.0,0.0,0.0,1.0,0.0,0.0,1.0,0.0,0.0,0.0,0.0,1.0,0.0,0.0,0.0
68395ef0a1f9120d4641a746,Aloo Paratha with Butter & Lassi,0.7704355680793479,-0.7000480820213488,0.9525894268717991,-0.14720743927378335,0.2831310425613589,1.5986879250860297,-0.5156398960953792,-1.1459474320325376,0.3178879063601572,-0.688262922429694,0.38468385405600625,1.0,0.0,0.0,0.0,1.0,0.0,0.0,0.0,0.0,0.0,0.0,0.0,0.0,0.0,0.0,1.0,0.0,0.0,1.0,1.0,0.0,0.0,0.0,0.0,0.0,0.0,0.0
68395ef0a1f9120d4641a747,Keema Paratha with Green Chutney,0.48649221514733637,-0.3223317723660716,0.5289314491176634,-0.14720743927378335,0.2831310425613589,1.6258013978042107,-0.39262273189712477,-0.6837366543284751,0.12290039120916202,-0.5273518343943047,0.5938574979593095,1.0,0.0,0.0,0.0,1.0,0.0,0.0,0.0,0.0,0.0,0.0,0.0,0.0,0.0,0.0,1.0,0.0,0.0,1.0,1.0,0.0,0.0,0.0,1.0,0.0,0.0,0.0
68395ef0a1f9120d4641a748,Chicken Cheese Paratha with Raita,0.600069556320141,0.05538453728920563,0.5289314491176634,-0.14720743927378335,0.2831310425613589,1.6258013978042107,-0.26960556769887034,-0.3692208147873199,0.05055719718212626,-0.5960072319560709,0.38468385405600625,1.0,0.0,0.0,0.0,1.0,0.0,0.0,0.0,0.0,0.0,0.0,0.0,0.0,0.0,0.0,1.0,0.0,0.0,1.0,1.0,0.0,0.0,0.0,1.0,0.0,0.0,0.0
68395ef0a1f9120d4641a749,Methi Paratha with Ghee & Pickle,0.2025488622153248,-1.077764391676626,0.5289314491176634,-0.14720743927378335,0.2831310425613589,1.5986879250860297,-0.7616742244918879,-1.398443700796463,0.33707432089446543,-0.32409572319170754,-0.033663433750600415,1.0,0.0,0.0,0.0,1.0,0.0,0.0,0.0,0.0,0.0,0.0,0.0,0.0,0.0,0.0,1.0,0.0,0.0,1.0,1.0,0.0,0.0,0.0,1.0,0.0,0.0,0.0
68395ef0a1f9120d4641a74a,Chana Masala with Lachha Paratha,0.48649221514733637,-0.7000480820213488,0.9525894268717991,-0.14720743927378335,1.2340223327158455,1.5986879250860297,-0.7616742244918879,-1.0662559186352856,0.5298308576112386,-0.5273518343943047,0.5938574979593095,1.0,0.0,0.0,0.0,1.0,0.0,0.0,0.0,0.0,0.0,0.0,0.0,0.0,0.0,0.0,1.0,0.0,0.0,1.0,1.0,0.0,0.0,0.0,1.0,0.0,0.0,0.0
68395ef0a1f9120d4641a74b,Chicken Korma with Sheermal,0.7704355680793479,0.05538453728920563,0.5289314491176634,0.2696987093512287,-0.35079648420829884,1.6258013978042107,-0.14658840350061594,-0.46060041681616914,-0.046653969791703304,-0.22698447006157776,0.5938574979593095,0.0,0.0,1.0,0.0,1.0,0.0,0.0,0.0,0.0,0.0,0.0,0.0,0.0,0.0,0.0,1.0,0.0,0.0,1.0,1.0,0.0,0.0,0.0,1.0,0.0,0.0,0.0
68395ef0a1f9120d4641a74c,Hareesa with Taftan Roti,0.600069556320141,-0.3223317723660716,0.7407604379947312,-0.14720743927378335,0.2831310425613589,1.5986879250860297,-0.26960556769887034,-0.7347392229027165,0.24497953112978513,-0.5960072319560709,-1.2468705683897596,0.0,0.0,1.0,0.0,1.0,0.0,0.0,0.0,0.0,0.0,0.0,0.0,0.0,0.0,0.0,1.0,0.0,0.0,1.0,1.0,0.0,0.0,0.0,1.0,0.0,0.0,0.0
68395ef0a1f9120d4641a74d,Chicken Chapli Kabab with Roghni Naan,0.600069556320141,0.05538453728920563,0.5289314491176634,-0.14720743927378335,-0.35079648420829884,1.6258013978042107,-0.14658840350061594,-0.3692208147873199,0.05055719718212626,-0.5960072319560709,0.38468385405600625,0.0,0.0,1.0,0.0,1.0,0.0,0.0,0.0,0.0,0.0,0.0,0.0,0.0,0.0,0.0,1.0,0.0,0.0,1.0,1.0,0.0,0.0,0.0,1.0,0.0,0.0,0.0
68395ef0a1f9120d4641a74e,Tandoori Keema Naan with Yogurt Chutney,0.48649221514733637,-0.3223317723660716,0.5289314491176634,-0.14720743927378335,0.2831310425613589,1.6258013978042107,-0.39262273189712477,-0.6837366543284751,0.12290039120916202,-0.5273518343943047,0.5938574979593095,0.0,0.0,1.0,0.0,1.0,0.0,0.0,0.0,0.0,0.0,0.0,0.0,0.0,0.0,0.0,1.0,0.0,0.0,1.0,1.0,0.0,0.0,0.0,1.0,0.0,0.0,0.0
68395ef0a1f9120d4641a74f,Desi Ghee Lachedar Paratha with Tea,0.2593375328017271,-1.077764391676626,0.7407604379947312,-0.14720743927378335,0.2831310425613589,-0.5161629469320826,-0.7001656423927608,-1.409542437884987,0.5141796858265435,-0.36891630155945976,-0.24283707765390372,1.0,0.0,0.0,0.0,1.0,0.0,0.0,0.0,0.0,0.0,0.0,0.0,0.0,0.0,0.0,1.0,0.0,0.0,1.0,1.0,0.0,0.0,0.0,0.0,0.0,0.0,0.0
68395ef0a1f9120d4641a750,Cholay Bhature (Deep-Fried Bread with Chickpeas),0.6568582269065433,-0.7000480820213488,0.9525894268717991,0.2696987093512287,1.2340223327158455,1.5986879250860297,-0.7616742244918879,-1.1161497357187824,0.39713614030621364,-0.1467621305192966,1.2213784296692196,0.0,1.0,0.0,0.0,1.0,0.0,0.0,0.0,0.0,0.0,0.0,0.0,0.0,0.0,0.0,1.0,0.0,0.0,1.0,1.0,0.0,0.0,0.0,1.0,0.0,0.0,0.0
68395ef0a1f9120d4641a751,Saag with Makai Roti,0.2025488622153248,-1.077764391676626,0.5289314491176634,-0.14720743927378335,0.2831310425613589,1.5986879250860297,-0.6386570602936336,-1.398443700796463,0.33707432089446543,-0.32409572319170754,1.2213784296692196,0.0,1.0,0.0,0.0,1.0,0.0,0.0,0.0,0.0,0.0,0.0,0.0,0.0,0.0,0.0,1.0,0.0,0.0,1.0,1.0,0.0,0.0,0.0,1.0,0.0,0.0,0.0
68395ef0a1f9120d4641a752,Reshmi Kabab with Roti & Salad,0.600069556320141,0.05538453728920563,0.5289314491176634,-0.14720743927378335,0.2831310425613589,1.6258013978042107,-0.14658840350061594,-0.3692208147873199,0.05055719718212626,-0.5960072319560709,0.38468385405600625,1.0,0.0,0.0,0.0,1.0,0.0,0.0,0.0,0.0,0.0,0.0,0.0,0.0,0.0,0.0,1.0,0.0,0.0,1.0,1.0,0.0,0.0,0.0,1.0,0.0,0.0,0.0
68395ef0a1f9120d4641a753,Chana Dal Fry with Buttered Roti,0.3729148739745317,-0.7000480820213488,0.7407604379947312,-0.5641135878987954,1.2340223327158455,1.5986879250860297,-0.6386570602936336,-1.028936966019987,0.41569182435211965,-0.9920316593550389,0.1755102101527029,0.0,0.0,0.0,1.0,1.0,0.0,0.0,0.0,0.0,0.0,0.0,0.0,0.0,0.0,0.0,1.0,0.0,0.0,1.0,1.0,0.0,0.0,0.0,1.0,0.0,0.0,0.0
68395ef0a1f9120d4641a754,Kofta Curry with Buttered Sheermal,0.7704355680793479,0.05538453728920563,0.5289314491176634,0.2696987093512287,-0.35079648420829884,1.6258013978042107,-0.14658840350061594,-0.46060041681616914,-0.046653969791703304,-0.22698447006157776,1.0122047857659162,0.0,0.0,1.0,0.0,1.0,0.0,0.0,0.0,0.0,0.0,0.0,0.0,0.0,0.0,0.0,1.0,0.0,0.0,1.0,1.0,0.0,0.0,0.0,1.0,0.0,0.0,0.0
68395ef0a1f9120d4641a755,Fish Karahi with Taftan Roti,0.3729148739745317,-0.3223317723660716,0.5289314491176634,-0.14720743927378335,-0.35079648420829884,1.5986879250860297,-0.39262273189712477,-0.6277582254055273,0.20230145782420145,-0.45199834926553684,0.38468385405600625,0.0,1.0,0.0,0.0,1.0,0.0,0.0,0.0,0.0,0.0,0.0,0.0,0.0,0.0,0.0,1.0,0.0,0.0,1.0,1.0,0.0,0.0,0.0,1.0,0.0,0.0,0.0
68395ef0a1f9120d4641a756,Gobi Paratha with Yogurt & Butter,0.3729148739745317,-0.8511346058834597,0.5289314491176634,-0.14720743927378335,0.2831310425613589,1.5986879250860297,-0.6386570602936336,-1.1894084622657708,0.20230145782420145,-0.45199834926553684,-0.033663433750600415,1.0,0.0,0.0,0.0,1.0,0.0,0.0,0.0,0.0,0.0,0.0,0.0,0.0,0.0,0.0,1.0,0.0,0.0,1.0,1.0,0.0,0.0,0.0,1.0,0.0,0.0,0.0
68395ef0a1f9120d4641a757,Beef Haleem with Garlic Naan,0.7704355680793479,0.05538453728920563,0.9525894268717991,-0.14720743927378335,0.2831310425613589,1.6258013978042107,-0.14658840350061594,-0.46060041681616914,0.3178879063601572,-0.688262922429694,2.4764202930890393,0.0,1.0,0.0,0.0,1.0,0.0,0.0,0.0,0.0,0.0,0.0,0.0,0.0,0.0,0.0,1.0,0.0,0.0,1.0,1.0,0.0,0.0,0.0,1.0,0.0,0.0,0.0
68395ef0a1f9120d4641a758,Achari Chicken Handi with Tandoori Roti,0.600069556320141,0.05538453728920563,0.5289314491176634,-0.14720743927378335,-0.35079648420829884,1.6258013978042107,-0.14658840350061594,-0.3692208147873199,0.05055719718212626,-0.5960072319560709,0.8030311418626128,0.0,1.0,0.0,0.0,1.0,0.0,0.0,0.0,0.0,0.0,0.0,0.0,0.0,0.0,0.0,1.0,0.0,0.0,1.0,1.0,0.0,0.0,0.0,1.0,0.0,0.0,0.0
68395ef0a1f9120d4641a759,BBQ Beef Ribs with Naan,0.9408015798385548,0.43310084694448286,0.5289314491176634,0.2696987093512287,-0.35079648420829884,1.6258013978042107,0.09944592489589286,-0.21871323497509784,-0.1324285288862586,-0.3355205765011344,-1.2468705683897596,0.0,0.0,1.0,0.0,1.0,0.0,0.0,0.0,0.0,0.0,0.0,0.0,0.0,0.0,0.0,1.0,0.0,0.0,1.0,1.0,0.0,0.0,0.0,1.0,0.0,0.0,0.0
68395ef0a1f9120d4641a75a,Daal Palak with Roti & Salad,0.2025488622153248,-0.7000480820213488,0.7407604379947312,-0.9810197365238074,1.2340223327158455,1.5986879250860297,-0.7616742244918879,-0.9655929543440196,0.5673112953061666,-1.4894307607532646,0.1755102101527029,0.0,1.0,0.0,0.0,1.0,0.0,0.0,0.0,0.0,0.0,0.0,0.0,0.0,0.0,0.0,1.0,0.0,0.0,1.0,1.0,0.0,0.0,0.0,1.0,0.0,0.0,0.0
68395ef0a1f9120d4641a75b,Kashmiri Rogan Josh with Sheermal,0.7704355680793479,0.05538453728920563,0.5289314491176634,0.2696987093512287,-0.35079648420829884,1.6258013978042107,-0.023571239302361536,-0.46060041681616914,-0.046653969791703304,-0.22698447006157776,-1.2468705683897596,0.0,0.0,1.0,0.0,1.0,0.0,0.0,0.0,0.0,0.0,0.0,0.0,0.0,0.0,0.0,1.0,0.0,0.0,1.0,1.0,0.0,0.0,0.0,1.0,0.0,0.0,0.0
68395ef0a1f9120d4641a75c,Masala Mutton Keema with Kalonji Roti,0.7704355680793479,0.05538453728920563,0.5289314491176634,0.2696987093512287,0.2831310425613589,1.6258013978042107,-0.023571239302361536,-0.46060041681616914,-0.046653969791703304,-0.22698447006157776,0.5938574979593095,0.0,1.0,0.0,0.0,1.0,0.0,0.0,0.0,0.0,0.0,0.0,0.0,0.0,0.0,0.0,1.0,0.0,0.0,1.0,1.0,0.0,0.0,0.0,1.0,0.0,0.0,0.0
68395ef0a1f9120d4641a75d,Grilled Beef Cheese Paratha Wrap,0.7704355680793479,0.43310084694448286,0.5289314491176634,0.2696987093512287,0.2831310425613589,1.6258013978042107,-0.023571239302361536,-0.11792690920798474,-0.046653969791703304,-0.22698447006157776,-0.033663433750600415,1.0,0.0,0.0,0.0,1.0,0.0,0.0,0.0,0.0,0.0,0.0,0.0,0.0,0.0,0.0,1.0,0.0,0.0,1.0,0.0,0.0,0.0,0.0,1.0,0.0,0.0,0.0
68395ef0a1f9120d4641a75e,Creamy White Mutton Handi with Roti,0.7704355680793479,0.05538453728920563,0.5289314491176634,0.2696987093512287,-0.35079648420829884,1.6258013978042107,-0.023571239302361536,-0.46060041681616914,-0.046653969791703304,-0.22698447006157776,0.8030311418626128,0.0,0.0,1.0,0.0,1.0,0.0,0.0,0.0,0.0,0.0,0.0,0.0,0.0,0.0,0.0,1.0,0.0,0.0,1.0,1.0,0.0,0.0,0.0,1.0,0.0,0.0,0.0
68395ef0a1f9120d4641a75f,Achari Baingan Masala with Roti,0.2025488622153248,-1.077764391676626,0.7407604379947312,-0.5641135878987954,1.2340223327158455,1.5986879250860297,-0.7616742244918879,-1.398443700796463,0.5673112953061666,-0.906763241972486,0.1755102101527029,0.0,1.0,0.0,0.0,1.0,0.0,0.0,0.0,0.0,0.0,0.0,0.0,0.0,0.0,0.0,1.0,0.0,0.0,1.0,1.0,0.0,0.0,0.0,1.0,0.0,0.0,0.0
68395ef0a1f9120d4641a760,Chicken Pakora Wrap with Paratha,0.600069556320141,0.05538453728920563,0.5289314491176634,-0.14720743927378335,0.2831310425613589,1.6258013978042107,-0.14658840350061594,-0.3692208147873199,0.05055719718212626,-0.5960072319560709,0.38468385405600625,1.0,0.0,0.0,0.0,1.0,0.0,0.0,0.0,0.0,0.0,0.0,0.0,0.0,0.0,0.0,1.0,0.0,0.0,1.0,1.0,0.0,0.0,0.0,1.0,0.0,0.0,0.0
68395ef0a1f9120d4641a761,Tawa Keema with Roghni Naan,0.7704355680793479,0.05538453728920563,0.5289314491176634,0.2696987093512287,0.2831310425613589,1.6258013978042107,-0.14658840350061594,-0.46060041681616914,-0.046653969791703304,-0.22698447006157776,0.5938574979593095,0.0,0.0,1.0,0.0,1.0,0.0,0.0,0.0,0.0,0.0,0.0,0.0,0.0,0.0,0.0,1.0,0.0,0.0,1.0,1.0,0.0,0.0,0.0,1.0,0.0,0.0,0.0
68395ef0a1f9120d4641a762,Spicy Chicken Pizza Naan,0.7704355680793479,0.43310084694448286,0.5289314491176634,0.2696987093512287,0.2831310425613589,1.6258013978042107,-0.023571239302361536,-0.11792690920798474,-0.046653969791703304,-0.22698447006157776,-0.033663433750600415,0.0,0.0,1.0,0.0,1.0,0.0,0.0,0.0,0.0,0.0,0.0,0.0,0.0,0.0,0.0,1.0,0.0,0.0,1.0,1.0,0.0,0.0,0.0,1.0,0.0,0.0,0.0
68395ef0a1f9120d4641a763,Shahi Tukray Paratha with Rabri,0.7704355680793479,-0.8511346058834597,1.376247404625935,-0.14720743927378335,-0.35079648420829884,0.026106507431535916,-0.6386570602936336,-1.2830168350758113,0.6824297825120175,-0.688262922429694,0.1755102101527029,1.0,0.0,0.0,0.0,1.0,0.0,0.0,0.0,0.0,0.0,0.0,0.0,0.0,0.0,0.0,1.0,0.0,0.0,1.0,1.0,0.0,0.0,0.0,0.0,0.0,0.0,0.0
68395ef0a1f9120d4641a764,Chicken Gola Kabab Roll with Paratha,0.600069556320141,0.05538453728920563,0.5289314491176634,-0.14720743927378335,0.2831310425613589,1.6258013978042107,-0.14658840350061594,-0.3692208147873199,0.05055719718212626,-0.5960072319560709,0.38468385405600625,1.0,0.0,0.0,0.0,1.0,0.0,0.0,0.0,0.0,0.0,0.0,0.0,0.0,0.0,0.0,1.0,0.0,0.0,1.0,1.0,0.0,0.0,0.0,1.0,0.0,0.0,0.0
68395ef0a1f9120d4641a765,Butter Dal with Naan & Pickle,0.48649221514733637,-0.7000480820213488,0.9525894268717991,-0.14720743927378335,1.2340223327158455,1.5986879250860297,-0.6386570602936336,-1.0662559186352856,0.5298308576112386,-0.5273518343943047,0.5938574979593095,0.0,0.0,1.0,0.0,1.0,0.0,0.0,0.0,0.0,0.0,0.0,0.0,0.0,0.0,0.0,1.0,0.0,0.0,1.0,1.0,0.0,0.0,0.0,1.0,0.0,0.0,0.0
68395ef0a1f9120d4641a766,BBQ Hotdog in Naan Wrap,0.600069556320141,-0.3223317723660716,0.5289314491176634,0.2696987093512287,0.2831310425613589,1.6258013978042107,-0.26960556769887034,-0.7347392229027165,0.05055719718212626,-0.10397688276341331,-0.24283707765390372,0.0,0.0,1.0,0.0,1.0,0.0,0.0,0.0,0.0,0.0,0.0,0.0,0.0,0.0,0.0,1.0,0.0,0.0,1.0,0.0,0.0,0.0,0.0,1.0,0.0,0.0,0.0
68395ef0a1f9120d4641a767,Kashmiri Chai Paratha Combo,0.03218285045611786,-1.077764391676626,0.5289314491176634,-0.5641135878987954,-0.35079648420829884,-0.5161629469320826,-0.6386570602936336,-1.3613422082433964,0.49495110334820347,-0.806877381610067,-0.45201072155720706,1.0,0.0,0.0,0.0,1.0,0.0,0.0,0.0,0.0,0.0,0.0,0.0,0.0,0.0,0.0,1.0,0.0,0.0,1.0,1.0,0.0,0.0,0.0,0.0,1.0,0.0,0.0
68395ef0a1f9120d4641a768,BBQ Beef Burger with Naan Bun,0.7704355680793479,0.05538453728920563,0.5289314491176634,0.2696987093512287,0.2831310425613589,1.6258013978042107,-0.023571239302361536,-0.46060041681616914,-0.046653969791703304,-0.22698447006157776,0.1755102101527029,0.0,0.0,1.0,0.0,1.0,0.0,0.0,0.0,0.0,0.0,0.0,0.0,0.0,0.0,0.0,1.0,0.0,0.0,1.0,1.0,0.0,0.0,0.0,1.0,0.0,0.0,0.0
68395ef0a1f9120d4641a769,Chicken Reshmi Kabab Roll in Lachha Paratha,0.600069556320141,0.05538453728920563,0.5289314491176634,-0.14720743927378335,0.2831310425613589,1.6258013978042107,-0.14658840350061594,-0.3692208147873199,0.05055719718212626,-0.5960072319560709,0.1755102101527029,1.0,0.0,0.0,0.0,1.0,0.0,0.0,0.0,0.0,0.0,0.0,0.0,0.0,0.0,0.0,1.0,0.0,0.0,1.0,1.0,0.0,0.0,0.0,1.0,0.0,0.0,0.0
68395ef0a1f9120d4641a76a,Tandoori Chicken Cheese Naan,0.7704355680793479,0.43310084694448286,0.5289314491176634,0.2696987093512287,0.2831310425613589,1.6258013978042107,-0.023571239302361536,-0.11792690920798474,-0.046653969791703304,-0.22698447006157776,0.5938574979593095,1.0,0.0,0.0,0.0,1.0,0.0,0.0,0.0,0.0,0.0,0.0,0.0,0.0,0.0,0.0,1.0,0.0,0.0,1.0,1.0,0.0,0.0,0.0,1.0,0.0,0.0,0.0
68395ef0a1f9120d4641a76b,Shahi Mutton Chops with Garlic Naan,0.9408015798385548,0.43310084694448286,0.5289314491176634,0.2696987093512287,0.2831310425613589,1.6258013978042107,0.09944592489589286,-0.21871323497509784,-0.1324285288862586,-0.3355205765011344,-1.2468705683897596,0.0,0.0,1.0,0.0,1.0,0.0,0.0,0.0,0.0,0.0,0.0,0.0,0.0,0.0,0.0,1.0,0.0,0.0,1.0,1.0,0.0,0.0,0.0,1.0,0.0,0.0,0.0
68395ef0a1f9120d4641a76c,Tawa Chicken with Tandoori Roti,0.600069556320141,0.05538453728920563,0.5289314491176634,-0.14720743927378335,0.2831310425613589,1.6258013978042107,-0.14658840350061594,-0.3692208147873199,0.05055719718212626,-0.5960072319560709,0.1755102101527029,0.0,0.0,1.0,0.0,1.0,0.0,0.0,0.0,0.0,0.0,0.0,0.0,0.0,0.0,0.0,1.0,0.0,0.0,1.0,1.0,0.0,0.0,0.0,1.0,0.0,0.0,0.0
68395ef0a1f9120d4641a76d,Fish Masala Curry with Buttered Naan,0.3729148739745317,-0.3223317723660716,0.5289314491176634,-0.14720743927378335,0.2831310425613589,1.5986879250860297,-0.39262273189712477,-0.6277582254055273,0.20230145782420145,-0.45199834926553684,0.38468385405600625,0.0,0.0,1.0,0.0,1.0,0.0,0.0,0.0,0.0,0.0,0.0,0.0,0.0,0.0,0.0,1.0,0.0,0.0,1.0,1.0,0.0,0.0,0.0,1.0,0.0,0.0,0.0
68395ef0a1f9120d4641a76e,Beef Seekh Kabab with Yogurt Chutney,-0.19497183188949138,0.43310084694448286,-0.9538714730218117,-0.14720743927378335,-0.6677602475931277,1.6258013978042107,0.09944592489589286,0.8216617406854236,-1.2225955057654463,0.07061453146623921,0.1755102101527029,1.0,0.0,0.0,0.0,1.0,0.0,0.0,0.0,0.0,0.0,0.0,0.0,0.0,0.0,0.0,1.0,0.0,0.0,1.0,1.0,0.0,0.0,1.0,1.0,0.0,0.0,0.0
68395ef0a1f9120d4641a76f,Mutton Tikka Boti with Garlic Sauce,-0.024605820130284454,0.43310084694448286,-0.9538714730218117,0.2696987093512287,-0.6677602475931277,1.6258013978042107,0.09944592489589286,0.5875773711618064,-1.2474977971154784,0.5327682750153196,0.5938574979593095,0.0,0.0,1.0,0.0,1.0,0.0,0.0,0.0,0.0,0.0,0.0,0.0,0.0,0.0,0.0,1.0,0.0,0.0,1.0,1.0,0.0,0.0,1.0,1.0,0.0,0.0,0.0
68395ef0a1f9120d4641a770,Chapli Kabab with Naan,0.7704355680793479,0.43310084694448286,0.5289314491176634,0.2696987093512287,0.2831310425613589,1.6258013978042107,0.09944592489589286,-0.11792690920798474,-0.046653969791703304,-0.22698447006157776,-0.033663433750600415,0.0,0.0,0.0,1.0,1.0,0.0,0.0,0.0,0.0,0.0,0.0,0.0,0.0,0.0,0.0,1.0,0.0,0.0,1.0,1.0,0.0,0.0,0.0,1.0,0.0,0.0,0.0
68395ef0a1f9120d4641a771,Mutton Kunna with Roghni Naan,0.7704355680793479,0.05538453728920563,0.5289314491176634,0.2696987093512287,0.2831310425613589,1.6258013978042107,-0.023571239302361536,-0.46060041681616914,-0.046653969791703304,-0.22698447006157776,2.4764202930890393,0.0,0.0,1.0,0.0,1.0,0.0,0.0,0.0,0.0,0.0,0.0,0.0,0.0,0.0,0.0,1.0,0.0,0.0,1.0,1.0,0.0,0.0,0.0,1.0,0.0,0.0,0.0
68395ef0a1f9120d4641a772,Fried Fish with Tartar Sauce,-0.024605820130284454,0.05538453728920563,-0.7420424841447438,0.2696987093512287,-0.6677602475931277,1.5986879250860297,-0.26960556769887034,0.10380300747966381,-0.9901741198318124,0.5327682750153196,0.38468385405600625,0.0,0.0,1.0,0.0,1.0,0.0,0.0,0.0,0.0,0.0,0.0,0.0,0.0,0.0,0.0,1.0,0.0,0.0,1.0,0.0,0.0,0.0,1.0,1.0,0.0,0.0,0.0
68395ef0a1f9120d4641a773,Beef Shashlik with Spicy Sauce,-0.19497183188949138,0.43310084694448286,-0.7420424841447438,-0.14720743927378335,-0.35079648420829884,1.6258013978042107,-0.023571239302361536,0.8216617406854236,-0.9403695371317479,0.07061453146623921,1.2213784296692196,0.0,1.0,0.0,0.0,1.0,0.0,0.0,0.0,0.0,0.0,0.0,0.0,0.0,0.0,0.0,1.0,0.0,0.0,1.0,1.0,0.0,0.0,1.0,1.0,0.0,0.0,0.0
68395ef0a1f9120d4641a774,Bun Kabab with Beef Patty,0.600069556320141,0.05538453728920563,0.5289314491176634,-0.14720743927378335,0.2831310425613589,1.6258013978042107,0.714531745887165,-0.3692208147873199,0.05055719718212626,-0.5960072319560709,0.1755102101527029,1.0,0.0,0.0,0.0,1.0,0.0,0.0,0.0,0.0,0.0,0.0,0.0,0.0,0.0,0.0,1.0,0.0,0.0,1.0,0.0,0.0,0.0,0.0,1.0,0.0,0.0,0.0
68395ef0a1f9120d4641a775,Mutton Liver Masala with Garlic Naan,0.9975902504249572,0.5841873708065938,0.4441998535668363,0.9367485471512479,-0.6677602475931277,0.9750780525678683,3.174875029852253,-0.1231988093250337,-0.2261207395895421,0.3123564896303736,0.1755102101527029,0.0,1.0,0.0,0.0,1.0,0.0,0.0,0.0,0.0,0.0,0.0,0.0,0.0,0.0,0.0,1.0,0.0,0.0,1.0,1.0,0.0,0.0,0.0,1.0,0.0,0.0,0.0
68395ef0a1f9120d4641a776,Crispy Chicken Pakoras with Tamarind Sauce,0.7704355680793479,0.20647106115131653,-0.10655551751354021,1.2702734660512576,-0.35079648420829884,0.8937376344133255,0.037937342796765666,-0.3235310137728955,-0.5934667840194937,0.8800838156219012,-0.033663433750600415,0.0,0.0,0.0,1.0,1.0,0.0,0.0,0.0,0.0,0.0,0.0,0.0,0.0,0.0,0.0,1.0,0.0,0.0,1.0,1.0,0.0,0.0,0.0,1.0,0.0,0.0,0.0
68395ef0a1f9120d4641a777,Beef Haleem with Fried Onions & Lemon,0.6568582269065433,0.20647106115131653,0.5289314491176634,0.6032236282512383,0.6000948059461878,0.9750780525678683,-0.023571239302361536,-0.257976081882634,0.016744617365142007,0.23830509928365262,0.38468385405600625,0.0,0.0,1.0,0.0,1.0,0.0,0.0,0.0,0.0,0.0,0.0,0.0,0.0,0.0,0.0,1.0,0.0,0.0,1.0,1.0,0.0,0.0,0.0,1.0,0.0,0.0,0.0
68395ef0a1f9120d4641a778,Mutton Kofta Curry with Sheermal,1.338322273943371,0.5086441088755383,0.6136630446684905,1.4370359255012624,-0.6677602475931277,1.1106454161587729,0.3454802532924017,-0.356616731748858,-0.23772419453336785,0.5237859765513566,0.1755102101527029,0.0,0.0,1.0,0.0,1.0,0.0,0.0,0.0,0.0,0.0,0.0,0.0,0.0,0.0,0.0,1.0,0.0,0.0,1.0,1.0,0.0,0.0,0.0,1.0,0.0,0.0,0.0
68395ef0a1f9120d4641a779,Spicy Tandoori Lamb Chops with Yogurt Dip,0.9975902504249572,0.8108171565997601,-0.8267740796955709,1.9373233038512767,-0.9847240109779566,0.9750780525678683,0.714531745887165,0.06658959488872991,-1.2356213197023862,1.3342656764151235,0.1755102101527029,0.0,1.0,0.0,0.0,1.0,0.0,0.0,0.0,0.0,0.0,0.0,0.0,0.0,0.0,0.0,1.0,0.0,0.0,1.0,1.0,0.0,0.0,1.0,1.0,0.0,0.0,0.0
68395ef0a1f9120d4641a77a,Dahi Baray with Tamarind Chutney,0.2025488622153248,-0.397875034297127,0.5289314491176634,0.10293624990122387,0.2831310425613589,0.5683759617951544,-0.5771484781945063,-0.6193123571820651,0.33707432089446543,0.025504788076759537,0.1755102101527029,0.0,0.0,0.0,1.0,1.0,0.0,0.0,0.0,0.0,0.0,0.0,0.0,0.0,0.0,0.0,1.0,0.0,0.0,1.0,1.0,0.0,0.0,0.0,1.0,0.0,0.0,0.0
68395ef0a1f9120d4641a77b,Fish Tikka with Coriander Sauce,0.2025488622153248,0.5086441088755383,-0.8267740796955709,0.7699860877012431,-0.9847240109779566,0.8395106889769637,0.09944592489589286,0.4195294343037991,-1.1364423153404226,0.9577728181260052,-0.24283707765390372,0.0,0.0,1.0,0.0,1.0,0.0,0.0,0.0,0.0,0.0,0.0,0.0,0.0,0.0,0.0,1.0,0.0,0.0,1.0,1.0,0.0,0.0,1.0,1.0,0.0,0.0,0.0
68395ef0a1f9120d4641a77c,Chicken Drumsticks with Masala Coating,0.6568582269065433,0.6597306327376492,-0.9115056752463981,1.6037983849512671,-0.9847240109779566,0.9750780525678683,0.714531745887165,0.17111074503544027,-1.2765865606345017,1.3935067886925006,0.38468385405600625,1.0,0.0,0.0,0.0,1.0,0.0,0.0,0.0,0.0,0.0,0.0,0.0,0.0,0.0,0.0,1.0,0.0,0.0,1.0,1.0,0.0,0.0,1.0,1.0,0.0,0.0,0.0
68395ef0a1f9120d4641a77d,Desi Anda Ghotala with Paratha,0.7704355680793479,-0.09570198657290525,0.4441998535668363,0.9367485471512479,-0.6677602475931277,1.1106454161587729,1.6986690594732001,-0.5976698198594428,-0.11956234502207536,0.5110610537274084,-0.45201072155720706,1.0,0.0,0.0,0.0,1.0,0.0,0.0,0.0,0.0,0.0,0.0,0.0,0.0,0.0,0.0,1.0,0.0,0.0,1.0,0.0,0.0,0.0,0.0,1.0,0.0,0.0,0.0
68395ef0a1f9120d4641a77e,Mughlai Beef Biryani with Raita,1.7358429680481873,0.5086441088755383,1.376247404625935,1.2702734660512576,-0.6677602475931277,1.1106454161587729,0.22246308909414728,-0.5154281780334785,0.11037945378140593,0.10797465227342366,0.5938574979593095,0.0,1.0,0.0,0.0,1.0,0.0,0.0,0.0,0.0,0.0,0.0,0.0,0.0,0.0,0.0,1.0,0.0,0.0,1.0,1.0,0.0,0.0,0.0,1.0,0.0,0.0,0.0
68395ef0a1f9120d4641a77f,Crispy Chicken Strips with Chili Mayo,1.338322273943371,0.3575575850134274,0.10527347136352766,1.9373233038512767,-0.9847240109779566,1.381780143340582,0.714531745887165,-0.47005347909501555,-0.5997519887807327,0.9818831982134857,-0.033663433750600415,0.0,0.0,0.0,1.0,1.0,0.0,0.0,0.0,0.0,0.0,0.0,0.0,0.0,0.0,0.0,1.0,0.0,0.0,1.0,0.0,0.0,0.0,0.0,1.0,0.0,0.0,0.0
68395ef0a1f9120d4641a780,Cholay Bhature,0.9408015798385548,-0.397875034297127,1.588076393503003,0.4364611688012335,1.2340223327158455,1.1106454161587729,-0.7001656423927608,-0.9282489683755735,0.7253170620592949,-0.16186280619784366,0.38468385405600625,1.0,0.0,0.0,0.0,1.0,0.0,0.0,0.0,0.0,0.0,0.0,0.0,0.0,0.0,0.0,1.0,0.0,0.0,1.0,1.0,0.0,0.0,0.0,1.0,0.0,0.0,0.0
68395ef0a1f9120d4641a781,Crispy Mutton Cutlets with Green Chutney,1.111167591597762,0.3575575850134274,0.10527347136352766,1.6037983849512671,-0.9847240109779566,1.2462127797496776,0.8375489100854194,-0.3692208147873199,-0.5327098046608504,0.8800838156219012,0.1755102101527029,1.0,0.0,0.0,0.0,1.0,0.0,0.0,0.0,0.0,0.0,0.0,0.0,0.0,0.0,0.0,1.0,0.0,0.0,1.0,0.0,0.0,0.0,0.0,1.0,0.0,0.0,0.0
68395ef0a1f9120d4641a782,Spicy Chicken Poppers with Garlic Sauce,0.7704355680793479,0.3575575850134274,-0.31838450639060806,1.4370359255012624,-0.9847240109779566,1.1106454161587729,0.09944592489589286,-0.18646161072962156,-0.7757377220954239,1.0645951965691476,-0.24283707765390372,0.0,0.0,0.0,1.0,1.0,0.0,0.0,0.0,0.0,0.0,0.0,0.0,0.0,0.0,0.0,1.0,0.0,0.0,1.0,1.0,0.0,0.0,0.0,1.0,0.0,0.0,0.0
68395ef0a1f9120d4641a786,Doodh Jalebi,0.7704355680793479,-0.8511346058834597,1.7999053823800708,0.10293624990122387,-1.3016877743627855,-1.0042054558593392,-0.45413131399625195,-1.2830168350758113,1.046971658663878,-0.4114958510088242,-0.8703580093638137,0.0,0.0,0.0,1.0,1.0,0.0,0.0,0.0,0.0,0.0,0.0,0.0,0.0,0.0,0.0,1.0,0.0,0.0,0.0,1.0,0.0,0.0,0.0,0.0,1.0,0.0,0.0
68395ef0a1f9120d4641a787,Butter Halwa,1.2247449327705664,-1.0022211297455705,1.7151737868292436,1.1035110066012528,-0.6677602475931277,-1.3024536557593294,-0.023571239302361536,-1.4788302679947738,0.6199368894574128,0.3001909040734123,-0.24283707765390372,1.0,0.0,0.0,0.0,1.0,0.0,0.0,0.0,0.0,0.0,0.0,0.0,0.0,0.0,0.0,1.0,0.0,0.0,0.0,1.0,0.0,0.0,0.0,0.0,1.0,0.0,0.0
68395ef0a1f9120d4641a788,Malai Kulfi with Pistachios,0.42970354456093407,-0.8511346058834597,0.3594682580160091,0.9367485471512479,-0.9847240109779566,-1.0584324012957012,0.09944592489589286,-1.2046914619082263,-0.00499204108863346,0.8800838156219012,-1.0376969244864565,0.0,0.0,0.0,1.0,1.0,0.0,0.0,0.0,0.0,0.0,0.0,0.0,0.0,0.0,0.0,1.0,0.0,0.0,0.0,1.0,0.0,0.0,0.0,0.0,1.0,0.0,0.0
68395ef0a1f9120d4641a789,Gajar Halwa with Khoya & Nuts,0.9975902504249572,-0.548961558159238,1.376247404625935,0.9367485471512479,-0.03383272082346995,-0.9228650377047964,-0.023571239302361536,-1.0721408303938518,0.5141796858265435,0.3123564896303736,0.38468385405600625,0.0,0.0,0.0,1.0,1.0,0.0,0.0,0.0,0.0,0.0,0.0,0.0,0.0,0.0,0.0,1.0,0.0,0.0,0.0,1.0,0.0,0.0,0.0,0.0,0.0,0.0,0.0
68395ef0a1f9120d4641a78a,Mango Lassi with Full Cream Yogurt,-0.3653378436486983,-1.0022211297455705,0.6136630446684905,-0.7308760473488002,-0.6677602475931277,-1.112659346732063,-0.5156398960953792,-1.1263660887406415,1.1198800338942496,-0.806877381610067,-0.8703580093638137,1.0,0.0,0.0,0.0,1.0,0.0,0.0,0.0,0.0,0.0,0.0,0.0,0.0,0.0,0.0,1.0,0.0,0.0,0.0,1.0,0.0,0.0,0.0,0.0,1.0,0.0,0.0
68395ef0a1f9120d4641a78c,Custard with Fruit Chunks & Nuts,0.03218285045611786,-0.8511346058834597,0.9525894268717991,-0.23058866899878575,-0.35079648420829884,-1.0042054558593392,-0.5156398960953792,-1.0793708648400904,0.9948942477850404,-0.30078902244047645,-0.45201072155720706,0.0,0.0,0.0,1.0,1.0,0.0,0.0,0.0,0.0,0.0,0.0,0.0,0.0,0.0,0.0,1.0,0.0,0.0,0.0,1.0,0.0,0.0,0.0,0.0,1.0,0.0,0.0
68395ef0a1f9120d4641a78d,Almond Halwa,0.7704355680793479,-0.8511346058834597,0.5289314491176634,1.4370359255012624,-0.35079648420829884,-1.1939997648866056,-0.26960556769887034,-1.2830168350758113,-0.046653969791703304,1.0645951965691476,-0.24283707765390372,1.0,0.0,0.0,0.0,1.0,0.0,0.0,0.0,0.0,0.0,0.0,0.0,0.0,0.0,0.0,1.0,0.0,0.0,0.0,1.0,0.0,0.0,0.0,0.0,1.0,0.0,0.0
68395ef0a1f9120d4641a78e,Lassi with Heavy Cream & Sugar,-0.3653378436486983,-1.0022211297455705,0.020541875812700512,-0.06382620954878093,-1.3016877743627855,-1.112659346732063,-0.26960556769887034,-1.1263660887406415,0.24497953112978513,0.458343516313909,-1.079531653267117,0.0,0.0,0.0,1.0,1.0,0.0,0.0,0.0,0.0,0.0,0.0,0.0,0.0,0.0,0.0,1.0,0.0,0.0,0.0,1.0,0.0,0.0,0.0,0.0,1.0,0.0,0.0
68395ef0a1f9120d4641a78f,Makhan Paratha,0.42970354456093407,-1.0022211297455705,0.3171024602405955,0.9367485471512479,-0.6677602475931277,-0.5161629469320826,-0.023571239302361536,-1.3613422082433964,-0.046653969791703304,0.8800838156219012,-0.8703580093638137,1.0,0.0,0.0,0.0,1.0,0.0,0.0,0.0,0.0,0.0,0.0,0.0,0.0,0.0,0.0,1.0,0.0,0.0,0.0,1.0,0.0,0.0,0.0,0.0,0.0,0.0,0.0
68395ef0a1f9120d4641a790,Creamy Banana & Date Smoothie,-0.3653378436486983,-1.0022211297455705,0.7831262357701448,-0.7308760473488002,-0.35079648420829884,-1.112659346732063,-0.5156398960953792,-1.1263660887406415,1.3698516061126682,-0.806877381610067,-1.079531653267117,0.0,0.0,0.0,1.0,1.0,0.0,0.0,0.0,0.0,0.0,0.0,0.0,0.0,0.0,0.0,1.0,0.0,0.0,0.0,1.0,0.0,0.0,0.0,0.0,1.0,0.0,0.0
68395ef0a1f9120d4641a791,Ras Malai with Condensed Milk,0.600069556320141,-0.548961558159238,1.376247404625935,0.10293624990122387,-1.3016877743627855,-0.9228650377047964,-0.26960556769887034,-0.9540502677719543,0.8282465329727615,-0.30078902244047645,-0.24283707765390372,1.0,0.0,0.0,0.0,1.0,0.0,0.0,0.0,0.0,0.0,0.0,0.0,0.0,0.0,0.0,1.0,0.0,0.0,0.0,1.0,0.0,0.0,0.0,0.0,0.0,0.0,0.0
68395ef0a1f9120d4641a792,Nutty Caramel Fudge with Desi Ghee,0.6568582269065433,-1.1533076536076814,0.8678578313209719,1.1035110066012528,-0.6677602475931277,-1.1668862921684249,-0.023571239302361536,-1.5452365626368567,0.3210578357179993,0.8159059439880767,-0.6611843654605104,0.0,0.0,0.0,1.0,1.0,0.0,0.0,0.0,0.0,0.0,0.0,0.0,0.0,0.0,0.0,1.0,0.0,0.0,0.0,1.0,0.0,0.0,0.0,0.0,1.0,0.0,0.0
68395ef0a1f9120d4641a793,Honey-Drizzled Warm Malple Pancakes,0.42970354456093407,-1.0022211297455705,1.0373210224226264,0.4364611688012335,-0.9847240109779566,-1.1668862921684249,-0.26960556769887034,-1.3613422082433964,0.6615988181604826,0.24747336665991324,-0.45201072155720706,1.0,0.0,0.0,0.0,1.0,0.0,0.0,0.0,0.0,0.0,0.0,0.0,0.0,0.0,0.0,1.0,0.0,0.0,0.0,1.0,0.0,0.0,0.0,0.0,0.0,0.0,0.0
68395ef0a1f9120d4641a794,Ghee-Soaked Coconut Ladoo,0.7704355680793479,-1.0022211297455705,0.6983946402193177,1.2702734660512576,-0.03383272082346995,-1.0042054558593392,-0.26960556769887034,-1.4200862381190849,0.09916278066904079,0.8800838156219012,-0.45201072155720706,0.0,0.0,0.0,1.0,1.0,0.0,0.0,0.0,0.0,0.0,0.0,0.0,0.0,0.0,0.0,1.0,0.0,0.0,0.0,1.0,0.0,0.0,0.0,0.0,0.0,0.0,0.0
