id,recipeName,mealType,dietaryType,weightGoal,calories,protein,carbs,fat,fiber,sodium,cholesterol,preparationTime,serves,semantic_text,restrictions_str,ingredients_str,instructions_str,mealImageURL
68395ecea1f9120d4641a538,Turkey and Avocado Lettuce Wraps,lunch,non_vegetarian,weight_loss,340.0,36.0,12.0,18.0,5.0,550.0,80.0,20,2,Turkey and Avocado Lettuce Wraps Turkey and Avocado Lettuce Wraps Turkey and Avocado Lettuce Wraps Ground turkey Avocado Lettuce leaves Taco seasoning Olive oil Lime juice Salt Cilantro non_vegetarian,"gluten_free,nut_free,egg_free,lactose_free,low_carb,low_sugar,dairy_free",Ground turkey (200g); Avocado (½ (~70g)); Lettuce leaves (8); Taco seasoning (1 tsp); Olive oil (1 tsp); Lime juice (1 tsp); Salt (¼ tsp); Cilantro (1 tsp (optional)),"Step 1: Prepare Lettuce | Wash and pat dry 8 large lettuce leaves (e.g., romaine or butter lettuce), setting them aside. | Step 2: Cook Turkey | Heat 1 tsp olive oil in a skillet over medium heat, add 200g ground turkey, and cook for 5–6 minutes, breaking it apart until browned. | Step 3: Season Turkey | Add 1 tsp taco seasoning and ¼ tsp salt to the turkey, stirring for 1 minute to coat evenly. | Step 4: Prepare Avocado | Halve ½ avocado (~70g), remove the pit, scoop out the flesh, and mash lightly with a fork. | Step 5: Add Lime | Mix 1 tsp lime juice into the mashed avocado to enhance flavor and prevent browning. | Step 6: Assemble Wraps | Lay out lettuce leaves, spoon ~2 tbsp turkey mixture onto each, and top with a dollop of avocado. | Step 7: Garnish | Sprinkle 1 tsp chopped cilantro over the wraps for freshness. | Step 8: Serve | Fold or roll lettuce leaves around the filling, and serve immediately as a light lunch.",https://res.cloudinary.com/duegxp0u0/image/upload/v1748524791/muygga0iotpqtsfdphoy.jpg
68395eeaa1f9120d4641a5ef,Desi-Style Scrambled Tofu,breakfast,desi,weight_loss,140.0,10.0,8.0,8.0,2.0,200.0,0.0,20,1,Desi-Style Scrambled Tofu Desi-Style Scrambled Tofu Desi-Style Scrambled Tofu Firm Tofu Onion (chopped) Green Chili (chopped) Turmeric Powder Cumin Powder Coriander Powder Red Chili Powder Salt Olive Oil Fresh Coriander desi,"gluten_free,nut_free,egg_free,lactose_free,low_sodium,low_sugar,low_cholesterol,dairy_free","Firm Tofu (200g); Onion (chopped) (1 (100g)); Green Chili (chopped) (1 (5g)); Turmeric Powder (1/2 tsp (1g)); Cumin Powder (1/2 tsp (1g)); Coriander Powder (1 tsp (2g)); Red Chili Powder (1/2 tsp (1g)); Salt (To taste (0.5g, pinch)); Olive Oil (1 tsp (5g)); Fresh Coriander (For garnish (5g))","Step 1: Prepare the tofu: | Drain and crumble 200g firm tofu into small pieces with your hands. | Step 2: Heat the oil: | In a pan, heat 1 tsp olive oil over medium heat. | Step 3: Sauté aromatics: | Add 1 chopped onion, 1 chopped green chili, and 1 tsp ginger-garlic paste. Sauté until the onion turns golden. | Step 4: Add the tofu: | Add the crumbled tofu to the pan and stir well to mix with the sautéed ingredients. | Step 5: Cook the tofu: | Cook the tofu for 5-6 minutes, stirring occasionally so it doesn’t stick to the pan. | Step 6: Add the spices: | Add 1/2 tsp turmeric powder, 1/2 tsp cumin powder, 1 tsp coriander powder, 1/2 tsp red chili powder, and salt to taste. Mix well. | Step 7: Let flavors blend: | Cook for another 2-3 minutes to allow the spices to blend well with the tofu. | Step 8: Garnish and serve: | Garnish with chopped coriander and serve the scrambled tofu hot with roti or as a side dish.",https://res.cloudinary.com/duegxp0u0/image/upload/v1745168966/recipe_uploads/ee8txppjsumr1sk3ahzu.jpg
68395ebfa1f9120d4641a49c,Keto Chai Latte,breakfast,keto,weight_loss,230.0,2.0,3.0,24.0,0.0,20.0,15.0,5,1,Keto Chai Latte Keto Chai Latte Keto Chai Latte Chai tea Coconut milk Unsalted butter MCT oil Cinnamon (optional) keto,"gluten_free,nut_free,egg_free,lactose_free,low_sodium,low_carb,low_sugar,low_cholesterol",Chai tea (200ml); Coconut milk (50ml); Unsalted butter (½ tbsp); MCT oil (½ tbsp); Cinnamon (optional) (pinch),"Step 1: Prep Chai tea | Use 200ml of chai tea as the base. | Step 2: Prepare Coconut milk | Chop or measure 50ml of coconut milk. | Step 3: Combine Ingredients | Mix the prepared ingredients in a bowl. | Step 4: Add Unsalted butter | Incorporate ½ tbsp of unsalted butter for flavor. | Step 5: Season | Add salt, pepper, or additional spices as needed. | Step 6: Set Aside | Chill or let the mixture rest for a few minutes if needed. | Step 7: Final Mix | Stir everything together to ensure even coating. | Step 8: Serve | Plate and enjoy your freshly prepared meal.",https://res.cloudinary.com/duegxp0u0/image/upload/v1745444885/gy1s53dlckmzdi1zrhzd.jpg
68395ed6a1f9120d4641a55c,Roasted Cauliflower,breakfast,mediterranean,weight_loss,150.0,4.0,13.0,9.0,5.0,62.0,0.0,25,2,Roasted Cauliflower Roasted Cauliflower Roasted Cauliflower Cauliflower Turmeric Olive oil mediterranean,"gluten_free,nut_free,egg_free,lactose_free,low_sodium,low_carb,low_sugar,low_cholesterol,dairy_free",Cauliflower (200g); Turmeric (5g); Olive oil (10ml),"Step 1: Preheat Oven | Set the oven to 200°C to preheat for roasting. |  | Step 2: Prep Cauliflower | Wash 200g cauliflower and cut into small florets. |  | Step 3: Dry Cauliflower | Pat the cauliflower florets dry with a towel to ensure crispiness. |  | Step 4: Measure Turmeric | Measure 5g ground turmeric into a large mixing bowl. |  | Step 5: Add Oil | Add 10ml olive oil to the bowl with the turmeric and stir to combine. |  | Step 6: Toss Cauliflower | Add cauliflower florets to the bowl and toss to coat evenly with the turmeric mixture. |  | Step 7: Roast Cauliflower | Spread the cauliflower on a baking sheet and roast for 20 minutes, flipping halfway. |  | Step 8: Serve Warm | Transfer to a plate, season with a pinch of salt if desired, and serve as a snack.",https://res.cloudinary.com/duegxp0u0/image/upload/v1748524449/mmzvv39s3eh3kwdfylhq.jpg
68395ec7a1f9120d4641a4be,Vegetable & Cheese Frittata,breakfast,vegetarian,weight_gain,480.0,35.0,20.0,32.0,2.0,800.0,400.0,35,3,Vegetable & Cheese Frittata Vegetable & Cheese Frittata Vegetable & Cheese Frittata Eggs Bell peppers Cheddar Olive oil Salt Black pepper vegetarian,"gluten_free,nut_free,low_carb,low_sugar",Eggs (6); Bell peppers (150g); Cheddar (100g); Olive oil (1 tbsp (3 tsp)); Salt (1/2 tsp); Black pepper (1/2 tsp),"Step 1: Preheat Oven | Preheat the oven to 180°C and grease a 9-inch oven-safe skillet with 1 tsp olive oil. | Step 2: Prepare Bell Peppers | Wash and dice 150g bell peppers into small pieces for even cooking. | Step 3: Sauté Vegetables | Heat 2 tsp olive oil in the skillet over medium heat, add bell peppers, and sauté for 5 minutes until softened. | Step 4: Whisk Eggs | In a large bowl, crack 6 eggs and whisk until smooth. | Step 5: Add Cheese | Stir 100g shredded cheddar into the eggs, reserving 20g for topping. | Step 6: Season Mixture | Add 1/2 tsp salt and 1/2 tsp black pepper to the egg mixture, stirring to combine. | Step 7: Combine and Bake | Pour the egg mixture over the sautéed bell peppers in the skillet, sprinkle reserved cheddar on top, and bake for 25 minutes until set. | Step 8: Serve | Let cool for 5 minutes, slice into wedges, and serve warm as a hearty breakfast.",https://res.cloudinary.com/duegxp0u0/image/upload/v1748525397/nzj2xgirywxfmctpgwog.jpg
68395eeaa1f9120d4641a680,Shredded Chicken & Cucumber Salad,lunch,desi,weight_loss,200.0,24.0,8.0,6.0,2.0,200.0,65.0,25,2,Shredded Chicken & Cucumber Salad Shredded Chicken & Cucumber Salad Shredded Chicken & Cucumber Salad Chicken Breast (boiled and shredded) Cucumber (chopped) Tomato (chopped) Onion (chopped) Fresh Coriander Lemon Juice Olive Oil Salt Black Pepper Mint Leaves (for garnish) desi,"gluten_free,nut_free,egg_free,lactose_free,low_sodium,low_sugar","Chicken Breast (boiled and shredded) (200g); Cucumber (chopped) (1 cup (150g)); Tomato (chopped) (1/2 cup (90g)); Onion (chopped) (1/4 cup (40g)); Fresh Coriander (Handful (assumed 10g, chopped)); Lemon Juice (1 tbsp (15ml)); Olive Oil (1 tsp (5g)); Salt (To taste (assumed 0.5g, pinch)); Black Pepper (To taste (assumed 0.5g, pinch)); Mint Leaves (for garnish) (For garnish (assumed 5g))","Step 1: Cook the Chicken : | Boil 200g boneless chicken breast with salt until fully cooked. Shred the chicken once cooled. | Step 2: Prepare the Salad : | In a mixing bowl, combine the shredded chicken, 1 cup chopped cucumber, 1/2 cup chopped tomatoes, 1/4 cup finely chopped onions, and a handful of chopped fresh coriander. | Step 3: Add Dressing : | For the dressing, mix 1 tbsp lemon juice, 1 tsp olive oil, salt, and black pepper to taste. | Step 4: Toss and Serve : | Toss the ingredients together and serve chilled with a garnish of mint leaves. | Step 5: Adjust Seasoning : | Taste and adjust seasoning with more salt, pepper, or lemon juice if desired. | Step 6: Optional Add-ins : | Add 1/4 cup boiled chickpeas or a sprinkle of roasted sunflower seeds for extra crunch. | Step 7: Garnish : | Top with extra fresh coriander or a drizzle of extra virgin olive oil for added flavor. | Step 8: Storage : | Store in an airtight container in the fridge for up to 2 days.",https://res.cloudinary.com/duegxp0u0/image/upload/v1745169120/recipe_uploads/kfcelihefhft3q378864.jpg
68395ef0a1f9120d4641a740,Kadhi Pulao with Fried Pakoras,lunch,desi,weight_gain,460.0,10.0,55.0,15.0,3.0,1080.0,10.0,60,3,Kadhi Pulao with Fried Pakoras Kadhi Pulao with Fried Pakoras Kadhi Pulao with Fried Pakoras Chickpea flour Basmati rice Yogurt Ginger garlic paste Green chilies Fried pakoras Salt Oil Water Onion Turmeric Red chili powder Cumin seeds Coriander leaves Water desi,"nut_free,egg_free,low_sugar","Chickpea flour (½ cup); Basmati rice (1 cup); Yogurt (1 cup); Ginger garlic paste (1 tbsp); Green chilies (2, whole); Fried pakoras (6); Salt (1 tsp); Oil (2 tbsp); Water (as needed); Onion (1 small, chopped); Turmeric (¼ tsp); Red chili powder (½ tsp); Cumin seeds (½ tsp); Coriander leaves (2 tbsp, chopped); Water (as needed)","Step 1: Gather Ingredients: Collect 1 cup yogurt, 2 tbsp chickpea flour (besan), ½ tsp turmeric, 1 tsp red chili powder, 1 tsp salt, 2 cups water (for kadhi), ½ cup besan (for pakoras), 1 tsp cumin seeds, oil for frying, 2 cups basmati rice, and 4 cups water (for rice). | Step 2: Prepare Kadhi Base: Whisk 1 cup yogurt with 2 tbsp chickpea flour, ½ tsp turmeric, 1 tsp red chili powder, 1 tsp salt, and 2 cups water until smooth. | Step 3: Cook Kadhi: Heat 1 tbsp oil in a pot, add 1 tsp cumin seeds, pour in the yogurt mixture, and simmer for 15-20 minutes, stirring occasionally, until thickened. | Step 4: Make Pakora Batter: Mix ½ cup besan with a pinch of salt, ½ tsp red chili powder, and water to form a thick batter. | Step 5: Fry Pakoras: Heat oil in a pan over medium heat, drop spoonfuls of batter into the oil, fry for 3-5 minutes until golden, and set aside on paper towels. | Step 6: Cook Rice: In a separate pot, boil 4 cups water with a pinch of salt, add 2 cups basmati rice, cook for 10-12 minutes until fluffy, then drain. | Step 7: Assemble and Serve: Plate the rice, pour the warm kadhi over it, top with fried pakoras, and serve hot.",https://res.cloudinary.com/duegxp0u0/image/upload/v1746770523/ktp2noiwrakdmowkh4v5.jpg
68395ef0a1f9120d4641a709,Matar Keema with Whole Wheat Roti,lunch,desi,weight_gain,473.0,15.0,35.0,15.0,5.0,1090.0,40.0,45,2,Matar Keema with Whole Wheat Roti Matar Keema with Whole Wheat Roti Matar Keema with Whole Wheat Roti Minced beef Green peas Onion Tomato Ghee Salt Red chili powder Turmeric powder Garam masala Whole wheat roti Whole wheat flour Coriander leaves Water Water Cumin powder Coriander powder desi,"nut_free,egg_free,low_sugar","Minced beef (250g); Green peas (½ cup); Onion (1 small, chopped); Tomato (1 medium, chopped); Ghee (2 tbsp); Salt (1 tsp); Red chili powder (½ tsp); Turmeric powder (¼ tsp); Garam masala (½ tsp); Whole wheat roti (4 pieces); Whole wheat flour (1 cup); Coriander leaves (2 tbsp, chopped); Water (½ cup); Water (¼ cup); Cumin powder (½ tsp); Coriander powder (½ tsp)","Step 1: Gather the Ingredients: Collect 3 tbsp ghee, 1 chopped onion, 1 tbsp ginger-garlic paste, 250g minced beef, 2 chopped tomatoes, 1 tsp salt, 1 tsp red chili powder, ½ tsp turmeric powder, 1 cup green peas, ½ tsp garam masala, 2 cups whole wheat flour, water for dough, and fresh coriander for garnish. | Step 2: Heat the Ghee: Melt 3 tbsp ghee in a pan over medium heat for 1-2 minutes until hot and fragrant. | Step 3: Sauté the Onions: Add 1 chopped onion and sauté for 5-7 minutes, stirring occasionally, until golden brown. | Step 4: Add Ginger-Garlic Paste: Stir in 1 tbsp ginger-garlic paste and cook for 1 minute until the raw aroma disappears. | Step 5: Cook the Minced Beef: Add 250g minced beef, breaking it apart, and cook for 8-10 minutes until it turns brown and the moisture evaporates. | Step 6: Season with Tomatoes and Spices: Mix in 2 chopped tomatoes, 1 tsp salt, 1 tsp red chili powder, and ½ tsp turmeric powder, cooking for 5-7 minutes until the tomatoes soften. | Step 7: Simmer with Green Peas: Stir in 1 cup green peas, reduce heat to low, cover, and cook for 10-15 minutes until the peas are tender, then sprinkle ½ tsp garam masala and mix well. | Step 8: Serve with Whole Wheat Roti: Knead 2 cups whole wheat flour with water into dough, roll into rotis, cook on a tawa for 1-2 minutes per side, and serve hot with the kheema matar, garnished with coriander.",https://res.cloudinary.com/duegxp0u0/image/upload/v1746775919/sv8jya1ntwajdot1n37i.jpg
68395eeaa1f9120d4641a6a9,Tinday (Round Gourd) Curry with Turmeric,lunch,desi,weight_loss,140.0,2.0,14.0,8.0,4.0,400.0,0.0,20,3,Tinday (Round Gourd) Curry with Turmeric Tinday (Round Gourd) Curry with Turmeric Tinday (Round Gourd) Curry with Turmeric Onion Tomato Cumin Seeds Turmeric Powder Coriander Powder Salt Oil desi,"gluten_free,nut_free,egg_free,lactose_free,low_sodium,low_sugar,low_cholesterol,dairy_free","Onion (1 medium (100g, chopped)); Tomato (1 medium (150g, chopped)); Cumin Seeds (1 tsp (2g)); Turmeric Powder (1/2 tsp (1g)); Coriander Powder (1 tsp (2g)); Salt (To taste (assumed 1 tsp, 3g)); Oil (1 tbsp (14g))","Step 1: Prepare Round Gourd: | Peel and chop 2-3 tinday (round gourd) into small pieces. | Step 2: Cook Spices: | In a pan, heat 1 tbsp oil, add 1 tsp cumin seeds, 1/2 tsp turmeric powder, and 1 tsp coriander powder. Cook for 1 minute. | Step 3: Add Tinday: | Add the chopped tinday and sauté for 5-7 minutes. | Step 4: Add Tomatoes: | Add 1 chopped tomato and cook for 2-3 minutes until soft. | Step 5: Add Water: | Add 1/2 cup water, salt to taste, and cook for another 10-12 minutes until the gourd is tender. | Step 6: Stir Occasionally: | Stir occasionally to prevent burning and ensure the gourd cooks evenly. | Step 7: Adjust Seasoning: | Taste and adjust salt or spices as needed. | Step 8: Serve: | Serve hot with chapati or rice.",https://res.cloudinary.com/duegxp0u0/image/upload/v1745169234/recipe_uploads/gxj5uw1j6eucklwjhtut.jpg
68395eeaa1f9120d4641a6ab,Gobi (Cauliflower) Masala with Cumin & Tomatoes,lunch,desi,weight_loss,100.0,3.0,12.0,4.0,4.0,400.0,0.0,20,5,Gobi (Cauliflower) Masala with Cumin & Tomatoes Gobi (Cauliflower) Masala with Cumin & Tomatoes Gobi (Cauliflower) Masala with Cumin & Tomatoes Cauliflower Onion Tomato Cumin Seeds Red Chili Powder Turmeric Powder Salt Oil Fresh Coriander (for garnish) desi,"gluten_free,nut_free,egg_free,lactose_free,low_sodium,low_sugar,low_cholesterol,dairy_free","Cauliflower (1 medium (500g, florets)); Onion (1 medium (100g, chopped)); Tomato (1 medium (150g, chopped)); Cumin Seeds (1 tsp (2g)); Red Chili Powder (1 tsp (2g)); Turmeric Powder (1/2 tsp (1g)); Salt (To taste (assumed 1 tsp, 3g)); Oil (1 tbsp (14g)); Fresh Coriander (for garnish) (As needed (assumed 1 tbsp, 3g))","Step 1: Prepare Cauliflower: | Cut 1 medium-sized cauliflower into florets. | Step 2: Cook Spices: | In a pan, heat 1 tbsp oil, add 1 tsp cumin seeds, and sauté for 30 seconds. | Step 3: Add Onions and Tomatoes: | Add 1 chopped onion and cook until golden brown. Then, add 1 chopped tomato and cook for another 2 minutes. | Step 4: Add Cauliflower: | Add the cauliflower florets, 1 tsp red chili powder, 1/2 tsp turmeric powder, and salt to taste. Mix well. | Step 5: Cook: | Add 1/4 cup of water, cover, and cook for 10-12 minutes until the cauliflower is tender. | Step 6: Stir Occasionally: | Stir the cauliflower occasionally to ensure even cooking and prevent burning. | Step 7: Adjust Seasoning: | Taste and adjust the salt or spices if necessary. | Step 8: Serve: | Garnish with fresh coriander and serve hot with roti or rice.",https://res.cloudinary.com/duegxp0u0/image/upload/v1745169239/recipe_uploads/umbnuskxhxmyjmz6gp9p.jpg
68395ebfa1f9120d4641a469,Creamy Garlic Chicken,breakfast,keto,weight_gain,610.0,26.0,3.0,23.0,0.0,350.0,140.0,35,2,Creamy Garlic Chicken Creamy Garlic Chicken Creamy Garlic Chicken Chicken thighs Heavy cream Garlic Butter Salt Black pepper Parsley keto,"gluten_free,nut_free,egg_free,low_carb,low_sugar",Chicken thighs (150g); Heavy cream (50ml); Garlic (2 cloves); Butter (1 tbsp); Salt (⅛ tsp); Black pepper (pinch); Parsley (½ tsp (optional)),"Step 1: Prep Chicken | Cut 150g chicken thighs into bite-sized pieces, season with ⅛ tsp salt. | Step 2: Sauté Chicken | Melt 1 tbsp butter in a skillet over medium heat, sauté chicken for 5–6 minutes until browned, then set aside. | Step 3: Cook Garlic | Add 2 minced garlic cloves to skillet, sauté for 30 seconds until fragrant. | Step 4: Make Sauce | Pour in 50ml heavy cream, simmer for 2–3 minutes until thickened. | Step 5: Combine Chicken | Return chicken to skillet, toss in sauce for 1–2 minutes. | Step 6: Season Dish | Add a pinch of black pepper for flavor. | Step 7: Garnish | Sprinkle with ½ tsp chopped parsley. | Step 8: Serve | Serve hot as a rich dinner.",https://res.cloudinary.com/duegxp0u0/image/upload/v1745444785/umagk8ifw3x4wlcecnja.jpg
68395eeaa1f9120d4641a637,Baked Meatballs (Minced Beef/Chicken with Spices),dinner,desi,weight_loss,180.0,22.0,2.0,10.0,1.0,400.0,65.0,25,2,Baked Meatballs (Minced Beef/Chicken with Spices) Baked Meatballs (Minced Beef/Chicken with Spices) Baked Meatballs (Minced Beef/Chicken with Spices) Minced Beef or Chicken Garlic Cumin Coriander Parsley Salt Oil desi,"gluten_free,nut_free,egg_free,lactose_free,low_sodium,low_sugar,low_carb,dairy_free","Minced Beef or Chicken (200g (assumed chicken for calculation)); Garlic (2 cloves (6g, minced)); Cumin (1/2 tsp (1g)); Coriander (1/2 tsp (1g)); Parsley (1 tbsp (3g, chopped)); Salt (To taste (assumed 1/2 tsp, 1.5g, not listed but implied)); Oil (As needed (assumed 1 tsp, 5g, for cooking, not listed but implied))","Step 1: Prepare the meatball mixture: | Mix minced beef or chicken with spices (garlic, cumin, coriander, parsley) and form the mixture into meatballs. | Step 2: Preheat the oven: | Preheat the oven to 180°C (350°F) to ensure it's hot when the meatballs are ready to bake. | Step 3: Arrange the meatballs: | Place the formed meatballs on a baking tray lined with parchment paper or a lightly greased baking sheet. | Step 4: Bake the meatballs: | Bake the meatballs in the preheated oven for 15-20 minutes, or until they are golden brown and cooked through. | Step 5: Check doneness: | Ensure the meatballs are fully cooked by cutting one open; it should be no longer pink in the center. | Step 6: Rest the meatballs: | Allow the meatballs to rest for a few minutes after baking to retain their juices. | Step 7: Prepare the dip (optional): | Prepare a side of yogurt dip by mixing yogurt with herbs, lemon juice, and a pinch of salt. | Step 8: Serve: | Serve the baked meatballs with a side of yogurt dip or vegetables for a delicious meal.",https://res.cloudinary.com/duegxp0u0/image/upload/v1745169334/recipe_uploads/fxfo3b4bivfekkypa7qb.jpg
68395ef0a1f9120d4641a786,Doodh Jalebi,snack,desi,weight_gain,480.0,8.0,70.0,18.0,0.0,120.0,25.0,10,1,Doodh Jalebi Doodh Jalebi Doodh Jalebi Jalebi Warm milk Cardamom Sugar Saffron desi,"egg_free,low_sodium",Jalebi (4 pieces); Warm milk (1 cup); Cardamom (1 pod); Sugar (½ tbsp); Saffron (small pinch),"Step 1: Gather Ingredients: Collect 1 cup all-purpose flour, 1 tbsp gram flour (besan), ¼ tsp baking powder, ½ cup water, oil (for frying), 1 cup sugar, ½ cup water (for syrup), 2 cups full-fat milk, ½ tsp cardamom powder, and a pinch of saffron (optional). | Step 2: Prepare Jalebi Batter: Mix 1 cup all-purpose flour, 1 tbsp gram flour, ¼ tsp baking powder, and ½ cup water to form a smooth, thick batter; rest for 10-15 minutes. | Step 3: Make Sugar Syrup: Boil 1 cup sugar with ½ cup water in a pan over medium heat for 5-7 minutes until it reaches a one-string consistency, then keep warm. | Step 4: Fry Jalebi: Heat oil in a deep pan over medium heat; pour batter into a piping bag or bottle, squeeze into circular shapes in the hot oil, and fry for 2-3 minutes per side until golden and crispy, then drain. | Step 5: Soak in Syrup: Dip fried jalebis in warm sugar syrup for 1-2 minutes, ensuring they’re well-coated, then remove and set aside. | Step 6: Heat Milk: In a separate pan, heat 2 cups full-fat milk with ½ tsp cardamom powder and a pinch of saffron (if using) over low-medium heat for 5-7 minutes until warm and fragrant, but not boiling. | Step 7: Serve Doodh Jalebi: Soak jalebis in warm milk for 2-3 minutes, then serve immediately in bowls with a ladle of the cardamom milk.",https://res.cloudinary.com/duegxp0u0/image/upload/v1746813068/doyrajwce39mvcyzdatb.jpg
68395eeaa1f9120d4641a67f,"Keema Methi (Minced Meat with Fenugreek, Low Oil)",lunch,desi,weight_loss,280.0,28.0,8.0,14.0,2.0,400.0,70.0,35,2,"Keema Methi (Minced Meat with Fenugreek, Low Oil) Keema Methi (Minced Meat with Fenugreek, Low Oil) Keema Methi (Minced Meat with Fenugreek, Low Oil) Minced Meat (Beef or Chicken) Olive Oil Onion Fresh Fenugreek Leaves Red Chili Powder Turmeric Powder Coriander Powder Salt Fresh Coriander desi","gluten_free,nut_free,egg_free,lactose_free,low_sodium,low_sugar","Minced Meat (Beef or Chicken) (250g (assumed chicken for calculation)); Olive Oil (1 tbsp (14g)); Onion (1 medium (100g, chopped)); Fresh Fenugreek Leaves (1/2 cup (30g, chopped)); Red Chili Powder (1/2 tsp (1g)); Turmeric Powder (1/2 tsp (1g)); Coriander Powder (1/2 tsp (1g)); Salt (1/2 tsp (1.5g)); Fresh Coriander (for garnish (assumed 1 tbsp, 3g, chopped))","Step 1: Heat the Oil : | In a pan, heat 1 tbsp olive oil over medium heat. | Step 2: Sauté Onions and Spices : | Add 1 chopped onion, 1 tbsp ginger-garlic paste, and sauté until golden brown. | Step 3: Cook the Minced Meat : | Add 250g minced beef or chicken, 1/2 tsp salt, 1/2 tsp red chili powder, 1/2 tsp turmeric powder, and 1/2 tsp coriander powder. Cook for 10-12 minutes. | Step 4: Add Fenugreek Leaves : | Add 1/2 cup fresh fenugreek leaves and cook for another 5 minutes. | Step 5: Serve Hot : | Garnish with fresh coriander and serve with roti. | Step 6: Adjust Seasoning : | Taste and adjust seasoning with salt or more spices as needed. | Step 7: Optional Variations : | For a richer flavor, add a splash of cream or a tablespoon of yogurt. | Step 8: Storage : | Store leftovers in an airtight container in the fridge for up to 2 days.",https://res.cloudinary.com/duegxp0u0/image/upload/v1745169118/recipe_uploads/p8miav0kjrt05mhbl9qt.jpg
68395ef0a1f9120d4641a71a,Fish Kabab with Pita Bread,dinner,desi,weight_gain,360.0,15.0,25.0,10.0,2.0,1090.0,30.0,45,2,Fish Kabab with Pita Bread Fish Kabab with Pita Bread Fish Kabab with Pita Bread Fish fillet Onion Green chilies Coriander leaves Garlic paste Cumin powder Salt Pita bread Red chili powder Oil Water Ginger paste Bread crumbs Lemon juice desi,"nut_free,egg_free,low_sugar","Fish fillet (200g, minced); Onion (½, chopped); Green chilies (1, chopped); Coriander leaves (2 tbsp); Garlic paste (1 tsp); Cumin powder (½ tsp); Salt (½ tsp); Pita bread (1); Red chili powder (¼ tsp); Oil (1 tbsp); Water (2 tbsp); Ginger paste (½ tsp); Bread crumbs (2 tbsp (for binding)); Lemon juice (1 tsp)","Step 1: Gather Ingredients: Collect 200g minced fish, 1 chopped onion, 1 green chili (chopped), 2 tbsp chopped coriander, 1 tsp garlic paste, 1 tsp cumin powder, 1 tsp salt, 2 tbsp oil, and 4 pita breads. | Step 2: Mix Kabab Mixture: In a bowl, combine 200g minced fish, 1 chopped onion, 1 green chili, 2 tbsp coriander, 1 tsp garlic paste, 1 tsp cumin powder, and 1 tsp salt. | Step 3: Shape Kababs: Form the mixture into small, flat kababs, pressing firmly to hold shape. | Step 4: Heat Oil: Heat 2 tbsp oil in a grill pan or skillet over medium heat for 1-2 minutes. | Step 5: Cook Kababs: Grill or pan-fry the kababs for 4-5 minutes per side until golden brown and cooked through. | Step 6: Serve Hot: Warm 4 pita breads on a tawa for 1 minute per side, then serve hot with the fish kababs.",https://res.cloudinary.com/duegxp0u0/image/upload/v1746778282/q2ovpium4jaisq86mquo.jpg
68395eeaa1f9120d4641a64e,"Chapli Kabab (Baked or Air-Fried, No fatsty Meat)",dinner,desi,weight_loss,260.0,24.0,6.0,16.0,2.0,400.0,70.0,25,2,"Chapli Kabab (Baked or Air-Fried, No fatsty Meat) Chapli Kabab (Baked or Air-Fried, No fatsty Meat) Chapli Kabab (Baked or Air-Fried, No fatsty Meat) Lean Minced Beef Gram Flour Chopped Onions Chopped Tomatoes Cumin Powder Coriander Powder Garam Masala Red Chili Powder Black Pepper Salt Oil desi","gluten_free,nut_free,egg_free,lactose_free,low_sodium,low_sugar,low_carb,dairy_free","Lean Minced Beef (200g); Gram Flour (1 tbsp (10g)); Chopped Onions (1 tbsp (10g)); Chopped Tomatoes (1 tbsp (10g)); Cumin Powder (1 tsp (2g)); Coriander Powder (1 tsp (2g)); Garam Masala (1/2 tsp (1g)); Red Chili Powder (1/2 tsp (1g)); Black Pepper (1/2 tsp (1g)); Salt (To taste (assumed 1/2 tsp, 1.5g)); Oil (As needed (assumed 1 tbsp, 14g, for cooking, not listed but implied))","Step 1: Prepare the Mixture : | In a bowl, mix 200g lean minced beef with 1 tbsp gram flour, 1 tbsp chopped onions, and 1 tbsp chopped tomatoes. | Step 2: Add Spices and Mix Well : | Add 1 tsp cumin powder, 1 tsp coriander powder, 1/2 tsp garam masala, 1/2 tsp red chili powder, 1/2 tsp black pepper, and salt to taste. Mix well. | Step 3: Shape the Patties : | Form the mixture into flat round patties and place them on a baking sheet or air-fryer tray. | Step 4: Preheat the Oven or Air Fryer : | • Baking: Preheat the oven to 180°C. | • Air-Frying: Preheat the air fryer to 180°C. | Step 5: Bake or Air-Fry : | • Baking: Place the patties in the oven and bake for 20-25 minutes, flipping halfway through. | • Air-Frying: Place the patties in the air fryer and cook for 15 minutes, flipping once. | Step 6: Check for Doneness : | Ensure the patties are golden and cooked through. The inside should be fully cooked, and the outside crispy. | Step 7: Garnish : | Once cooked, remove the patties from the oven or air fryer and allow them to cool slightly. | Step 8: Serve : | Serve the patties hot with mint chutney and lemon wedges for a delicious and flavorful meal.",https://res.cloudinary.com/duegxp0u0/image/upload/v1745169396/recipe_uploads/ofgjaal9k763rtpsn0p2.jpg
68395ed6a1f9120d4641a572,Greek Custard Pie,snack,mediterranean,weight_gain,650.0,24.0,92.0,25.0,3.0,450.0,190.0,50,1,Greek Custard Pie Greek Custard Pie Greek Custard Pie Phyllo dough Milk Semolina Egg Olive oil mediterranean,"nut_free,low_sodium,low_sugar",Phyllo dough (60g); Milk (250ml); Semolina (60g); Egg (50g); Olive oil (10ml),"Step 1: Preheat Oven | Set the oven to 180°C to preheat for baking. |  | Step 2: Prep Phyllo | Thaw 60g phyllo dough (about 6 sheets) and cover with a damp cloth to prevent drying. |  | Step 3: Make Custard | Heat 250ml milk in a saucepan, add 60g semolina, and stir until thickened (about 5 minutes). |  | Step 4: Add Egg | Beat 1 egg (50g) and slowly stir into the cooled semolina mixture to avoid curdling. |  | Step 5: Layer Phyllo | Brush a small baking dish with 5ml olive oil, layer 3 phyllo sheets, brushing each with olive oil. |  | Step 6: Add Custard | Pour the semolina custard evenly over the phyllo layers. |  | Step 7: Top and Bake | Layer 3 more phyllo sheets, brushing with 5ml olive oil, and bake for 40 minutes until golden. |  | Step 8: Cool and Serve | Let the pie cool for 10 minutes, cut a portion, and serve warm as dinner.",https://res.cloudinary.com/duegxp0u0/image/upload/v1748524315/r8hfviiiyjickwnucpjk.jpg
68395eeaa1f9120d4641a5f7,Quinoa Vegetable Bowl,breakfast,desi,weight_loss,180.0,6.0,28.0,5.0,5.0,160.0,0.0,20,1,Quinoa Vegetable Bowl Quinoa Vegetable Bowl Quinoa Vegetable Bowl Quinoa Carrot Bell Pepper Spinach Garlic Olive Oil Salt & Pepper Lemon Juice desi,"gluten_free,nut_free,egg_free,lactose_free,low_sodium,low_sugar,low_cholesterol,dairy_free","Quinoa (½ cup (85g, dry)); Carrot (1 small (50g, chopped)); Bell Pepper (½ (60g, chopped)); Spinach (½ cup (30g, chopped)); Garlic (1 clove (3g, minced)); Olive Oil (1 tsp (5g)); Salt & Pepper (to taste (0.5g each, pinch)); Lemon Juice (½ tsp (2.5ml))","Step 1: Cook the Quinoa: | Boil 1/2 cup quinoa in water until soft and fluffy, then drain any excess water and set aside. | Step 2: Heat the Oil: | In a pan, heat 1 tsp oil over medium heat. | Step 3: Sauté Garlic: | Add 1–2 minced garlic cloves and sauté for a few seconds until fragrant. | Step 4: Add Vegetables: | Add chopped bell peppers, spinach, and carrots; stir-fry for 3–4 minutes until slightly tender. | Step 5: Add Cooked Quinoa: | Mix the cooked quinoa into the sautéed vegetables and combine well. | Step 6: Season the Dish: | Add salt and black pepper to taste, stirring to blend the flavors. | Step 7: Add Freshness: | Squeeze fresh lemon juice over the quinoa mixture and give it a final toss. | Step 8: Serve Warm: | Serve the warm quinoa stir-fry as a light, nutritious, and flavorful breakfast or brunch.",https://res.cloudinary.com/duegxp0u0/image/upload/v1745168983/recipe_uploads/bdwogashskxvo8e7mvmh.jpg
68395ebfa1f9120d4641a49f,Keto Butter Chicken,dinner,keto,weight_gain,530.0,40.0,5.0,41.0,1.0,390.0,165.0,45,1,Keto Butter Chicken Keto Butter Chicken Keto Butter Chicken Chicken thighs Heavy cream Butter Yogurt Garam masala Salt keto,"gluten_free,nut_free,low_carb,low_sugar",Chicken thighs (150g); Heavy cream (50ml); Butter (2 tbsp); Yogurt (2 tbsp); Garam masala (1 tbsp); Salt (to taste),"Step 1: Prep Chicken thighs | Use 150g of chicken thighs as the base. | Step 2: Prepare Heavy cream | Chop or measure 50ml of heavy cream. | Step 3: Combine Ingredients | Mix the prepared ingredients in a bowl. | Step 4: Add Butter | Incorporate 2 tbsp of butter for flavor. | Step 5: Season | Add salt, pepper, or additional spices as needed. | Step 6: Set Aside | Chill or let the mixture rest for a few minutes if needed. | Step 7: Final Mix | Stir everything together to ensure even coating. | Step 8: Serve | Plate and enjoy your freshly prepared meal.",https://res.cloudinary.com/duegxp0u0/image/upload/v1748524024/kirx5fdudkwhaw2qjybi.jpg
68395ebfa1f9120d4641a48a,Duck Breast with Berry Sauce,lunch,keto,weight_gain,680.0,26.0,3.0,28.0,1.0,350.0,130.0,35,2,Duck Breast with Berry Sauce Duck Breast with Berry Sauce Duck Breast with Berry Sauce Duck breast Mixed berries Butter Rosemary Erythritol Salt Parsley keto,"gluten_free,nut_free,egg_free,low_carb,low_sugar",Duck breast (175g); Mixed berries (25g); Butter (1 tbsp); Rosemary (½ tsp); Erythritol (½ tbsp); Salt (⅛ tsp); Parsley (½ tsp (optional)),"Step 1: Prep Duck | Score skin of 175g duck breast, season with ⅛ tsp salt. | Step 2: Sear Duck | In a cold skillet, place duck skin-side down, cook over medium heat for 8–10 minutes until crispy, flip, cook 2–3 minutes, rest. | Step 3: Prep Berries | Blend 25g mixed berries with ½ tbsp erythritol. | Step 4: Make Sauce | In a pan, melt 1 tbsp butter, add berry mixture and ½ tsp rosemary, simmer for 3–5 minutes until thickened. | Step 5: Slice Duck | Slice duck breast thinly. | Step 6: Check Sauce | Ensure sauce is smooth and glossy. | Step 7: Serve Dish | Drizzle sauce over duck, garnish with ½ tsp chopped parsley. | Step 8: Serve | Serve hot as a rich dinner.",https://res.cloudinary.com/duegxp0u0/image/upload/v1748523936/r6vu1vixefn53pnkcd7w.jpg
68395ef0a1f9120d4641a71c,Ginger Mutton Curry with Lemon Rice,lunch,desi,weight_gain,510.0,15.0,50.0,15.0,2.0,1090.0,40.0,60,2,Ginger Mutton Curry with Lemon Rice Ginger Mutton Curry with Lemon Rice Ginger Mutton Curry with Lemon Rice Mutton Ginger paste Onion Tomato puree Cumin powder Red chili powder Salt Lemon rice Basmati rice Lemon juice Turmeric powder Mustard seeds Ghee Water Garlic paste Coriander leaves Garam masala Water desi,"nut_free,egg_free,low_sugar","Mutton (200g, cubed); Ginger paste (1 tbsp); Onion (1, sliced); Tomato puree (½ cup); Cumin powder (½ tsp); Red chili powder (½ tsp); Salt (½ tsp); Lemon rice (1 cup); Basmati rice (1 cup); Lemon juice (1 tbsp); Turmeric powder (¼ tsp); Mustard seeds (¼ tsp); Ghee (1 tbsp); Water (½ cup); Garlic paste (½ tsp); Coriander leaves (1 tbsp, chopped); Garam masala (¼ tsp); Water (2 cups (for rice))","Step 1: Gather Ingredients: Collect 3 tbsp oil, 1 tbsp ginger paste, 1 sliced onion, 1 cup tomato puree, 1 tsp cumin powder, 1 tsp red chili powder, 1 tsp salt, 200g mutton (cut into pieces), 2 cups basmati rice, 1 tbsp lemon juice, and 4 cups water. | Step 2: Heat Oil: Pour 3 tbsp oil into a pan and heat over medium heat for 1-2 minutes. | Step 3: Sauté Ginger and Onions: Add 1 tbsp ginger paste and 1 sliced onion, sautéing for 5-7 minutes until golden. | Step 4: Cook the Base: Stir in 1 cup tomato puree, 1 tsp cumin powder, 1 tsp red chili powder, and 1 tsp salt, cooking for 5 minutes until thick. | Step 5: Add Mutton: Mix in 200g mutton pieces and cook on medium heat for 10 minutes to brown. | Step 6: Simmer Curry: Add 2 cups water, cover, and simmer on low heat for 45-60 minutes until the mutton is tender. | Step 7: Prepare Lemon Rice: Boil 4 cups water, add 2 cups basmati rice and 1 tbsp lemon juice, cook for 10-12 minutes, then drain. | Step 8: Serve Hot: Plate the ginger mutton curry and serve with hot lemon rice.",https://res.cloudinary.com/duegxp0u0/image/upload/v1746778282/qln6tfd8bguj1hnfhpuw.jpg
68395eeaa1f9120d4641a6c0,"Low-fats Aloo Chaat (Boiled Potatoes, No Fried Elements)",snack,desi,weight_loss,90.0,3.0,16.0,1.0,2.0,200.0,5.0,15,2,"Low-fats Aloo Chaat (Boiled Potatoes, No Fried Elements) Low-fats Aloo Chaat (Boiled Potatoes, No Fried Elements) Low-fats Aloo Chaat (Boiled Potatoes, No Fried Elements) Potatoes Cumin Powder Salt Fresh Coriander Lemon Juice desi","gluten_free,nut_free,egg_free,low_sodium,low_sugar,low_fat","Potatoes (1 medium (150g, boiled and cubed)); Cumin Powder (1/2 tsp (1g)); Salt (To taste (assumed 1/4 tsp, 0.75g, not listed but implied)); Fresh Coriander (For garnish (assumed 1 tbsp, 3g, chopped, not listed but implied)); Lemon Juice (As needed (assumed 1 tsp, 5ml, for flavor, not listed but implied))","Step 1: Boil the Potatoes : | Boil the potatoes until they are soft and tender. Once cooked, peel and cut them into small cubes. | Step 2: Toss with Spices and Herbs : | In a bowl, toss the boiled potato cubes with fresh coriander, lemon juice, cumin powder, and a pinch of salt for flavor. | Step 3: Mix Well : | Stir the mixture gently to ensure that the potatoes are evenly coated with the spices and herbs. | Step 4: Prepare the Garnish : | Take some low-fats yogurt and pomegranate seeds ready for garnishing. | Step 5: Drizzle with Yogurt : | Drizzle a little low-fats yogurt over the spiced potato mixture to add a creamy texture. | Step 6: Add Pomegranate Seeds : | Sprinkle pomegranate seeds on top for a burst of sweetness and a pop of color. | Step 7: Check the Taste : | Taste the dish to make sure the seasoning is balanced, adding more salt or lemon if needed. | Step 8: Serve and Enjoy : | Serve the spiced potatoes immediately as a fresh, healthy side dish or snack. Enjoy!",https://res.cloudinary.com/duegxp0u0/image/upload/v1745169483/recipe_uploads/onu4amvhrmiuw19ogdtn.jpg
68395eeaa1f9120d4641a61f,Multigrain Roti with Green Chutney,breakfast,desi,weight_loss,140.0,5.0,28.0,1.0,5.0,160.0,0.0,15,1,Multigrain Roti with Green Chutney Multigrain Roti with Green Chutney Multigrain Roti with Green Chutney Multigrain Flour Mint Coriander Lemon Green Chili Salt desi,"nut_free,egg_free,lactose_free,low_sodium,low_sugar,low_cholesterol,dairy_free","Multigrain Flour (1/2 cup (60g)); Mint (1 handful (10g, chopped)); Coriander (1 handful (10g, chopped)); Lemon (1/2 (15ml, juice)); Green Chili (optional (assumed 1, 5g, chopped)); Salt (pinch (0.5g))","Step 1: Prepare the Flour : | Take 1/2 cup multigrain flour in a bowl and add a pinch of salt. | Step 2: Knead the Dough : | Gradually add water and knead into a soft, smooth dough. Let it rest for 10 minutes. | Step 3: Divide and Roll : | Divide the dough into equal balls and roll them out into thin circles. | Step 4: Heat the Tawa : | Preheat a tawa or flat pan on medium heat. | Step 5: Cook the Roti : | Place the rolled dough on the tawa and cook both sides until brown spots appear. | Step 6: Wash Herbs : | Wash a handful each of fresh mint and coriander leaves. | Step 7: Make Chutney : | Grind mint, coriander, green chili, salt, and lemon juice into a smooth chutney. | Step 8: Serve Hot : | Serve the hot multigrain roti with the freshly prepared mint-coriander-lemon chutney.",https://res.cloudinary.com/duegxp0u0/image/upload/v1745169065/recipe_uploads/t65pysy9vzew9hjiokpj.jpg
68395ef0a1f9120d4641a776,Crispy Chicken Pakoras with Tamarind Sauce,snack,desi,weight_gain,480.0,22.0,25.0,32.0,3.0,820.0,65.0,30,4,Crispy Chicken Pakoras with Tamarind Sauce Crispy Chicken Pakoras with Tamarind Sauce Crispy Chicken Pakoras with Tamarind Sauce Boneless chicken Gram flour Rice flour Onion Green chili Red chili powder Turmeric powder Cumin powder Coriander powder Garam masala Salt Fresh cilantro Water Oil Tamarind sauce Sugar Ginger desi,"nut_free,egg_free,low_sugar","Boneless chicken (400g); Gram flour (8 tbsp); Rice flour (2 tbsp); Onion (1 small); Green chili (1); Red chili powder (1 tsp); Turmeric powder (½ tsp); Cumin powder (½ tsp); Coriander powder (1 tsp); Garam masala (½ tsp); Salt (1 tsp); Fresh cilantro (2 tbsp, chopped); Water (¼ cup (for batter)); Oil (4 cups (for deep frying)); Tamarind sauce (8 tbsp); Sugar (1 tsp); Ginger (½ tsp, grated)","Step 1: Gather Ingredients: Collect 400g chicken (boneless, cubed), ½ cup gram flour (besan), 1 tsp red chili powder, 1 tsp cumin powder, 1 tsp salt, oil (for frying), 2 tbsp tamarind paste, 1 tbsp sugar, and 1 tsp chili sauce. | Step 2: Prepare Chicken: Rinse 400g chicken, cut into small cubes, and pat dry. | Step 3: Make Batter: Mix ½ cup gram flour, 1 tsp red chili powder, 1 tsp cumin powder, 1 tsp salt, and enough water (about ¼ cup) to form a thick batter; coat chicken pieces evenly. | Step 4: Heat Oil: Heat oil in a deep pan over medium-high heat until hot (test with a drop of batter; it should sizzle and rise). | Step 5: Fry Pakoras: Fry the coated chicken in batches for 3-4 minutes until golden and crispy, then drain on paper towels. | Step 6: Serve with Sauce: Mix 2 tbsp tamarind paste, 1 tbsp sugar, and 1 tsp chili sauce with a splash of water for a smooth sauce; serve the hot pakoras with tamarind sauce on the side.",https://res.cloudinary.com/duegxp0u0/image/upload/v1746813068/yto1wzfto603skztacom.jpg
68395ecea1f9120d4641a51f,Tuna & Avocado Stuffed Eggs,dinner,non_vegetarian,weight_loss,290.0,24.0,8.0,18.0,3.0,500.0,330.0,20,3,Tuna & Avocado Stuffed Eggs Tuna & Avocado Stuffed Eggs Tuna & Avocado Stuffed Eggs Eggs Tuna (canned) Avocado Lemon juice Salt Black pepper Paprika Parsley non_vegetarian,"gluten_free,nut_free,lactose_free,low_carb,low_sugar,dairy_free",Eggs (6); Tuna (canned) (80g); Avocado (½ (~70g)); Lemon juice (1 tsp); Salt (¼ tsp); Black pepper (¼ tsp); Paprika (1 pinch); Parsley (1 tsp (optional)),"Step 1: Boil Eggs | Place 6 eggs in a saucepan, cover with water, bring to a boil, and cook for 10 minutes, then cool in ice water. | Step 2: Peel Eggs | Carefully peel the eggs and slice each in half lengthwise. | Step 3: Remove Yolks | Gently scoop out the yolks into a bowl, setting the egg white halves aside. | Step 4: Prepare Avocado | Halve ½ avocado (~70g), remove the pit, scoop out the flesh, and mash with 1 tsp lemon juice. | Step 5: Mix Filling | Add 80g drained canned tuna and mashed avocado to the yolks, mixing with ¼ tsp salt and ¼ tsp black pepper until smooth. | Step 6: Stuff Eggs | Spoon or pipe the tuna-avocado mixture evenly into the egg white halves. | Step 7: Garnish | Sprinkle a pinch of paprika over each stuffed egg for color and flavor. | Step 8: Serve | Arrange stuffed eggs on a plate, garnish with 1 tsp chopped parsley if desired, and serve chilled as a protein-packed snack.",https://res.cloudinary.com/duegxp0u0/image/upload/v1748524756/j6lqmdbt0sf3eqsqifzs.jpg
68395eeaa1f9120d4641a6aa,Methi (Fenugreek) Sabzi with Garlic Tadka,lunch,desi,weight_loss,100.0,2.0,6.0,8.0,2.0,300.0,0.0,15,2,Methi (Fenugreek) Sabzi with Garlic Tadka Methi (Fenugreek) Sabzi with Garlic Tadka Methi (Fenugreek) Sabzi with Garlic Tadka Methi Leaves (Fenugreek) Garlic Cumin Powder Turmeric Powder Salt Oil desi,"gluten_free,nut_free,egg_free,lactose_free,low_sodium,low_sugar,low_cholesterol,dairy_free","Methi Leaves (Fenugreek) (200g (chopped)); Garlic (2 cloves (6g, minced)); Cumin Powder (1 tsp (2g)); Turmeric Powder (1/2 tsp (1g)); Salt (To taste (assumed 1/2 tsp, 1.5g)); Oil (1 tbsp (14g))","Step 1: Prepare Methi Leaves: | Wash and chop 200g fresh methi (fenugreek) leaves. | Step 2: Cook Garlic: | In a pan, heat 1 tbsp oil, add 2 cloves of garlic, and sauté until golden brown. | Step 3: Add Methi Leaves: | Add the chopped methi leaves, sauté for 3-4 minutes until they wilt. | Step 4: Add Spices: | Add 1 tsp cumin powder, 1/2 tsp turmeric powder, and salt to taste. Cook for another 5 minutes. | Step 5: Stir Occasionally: | Stir the mixture occasionally to prevent burning and ensure even cooking. | Step 6: Adjust Seasoning: | Taste and adjust the salt or spices if necessary. | Step 7: Serve Hot: | Once cooked, remove from heat. | Step 8: Serve: | Serve hot with chapati or rice.",https://res.cloudinary.com/duegxp0u0/image/upload/v1745169238/recipe_uploads/spanj1dtxb5bt1ekpiqw.jpg
68395eeaa1f9120d4641a623,Kala Chana Kadhi (Black Chickpea Yogurt Curry),dinner,desi,weight_loss,180.0,10.0,22.0,6.0,6.0,300.0,10.0,40,1,Kala Chana Kadhi (Black Chickpea Yogurt Curry) Kala Chana Kadhi (Black Chickpea Yogurt Curry) Kala Chana Kadhi (Black Chickpea Yogurt Curry) Black Chickpeas Yogurt Cumin Seeds Mustard Seeds Hing (Asafoetida) Salt desi,"gluten_free,nut_free,egg_free,low_sodium,low_sugar","Black Chickpeas (1/2 cup (100g, dry, cooked)); Yogurt (1/2 cup (120g)); Cumin Seeds (1/2 tsp (1g)); Mustard Seeds (1/2 tsp (1g)); Hing (Asafoetida) (1/4 tsp (0.5g)); Salt (To taste (assumed 1/2 tsp, 1.5g, not listed but implied))","Step 1: Soak chickpeas: | Soak 1/2 cup of black chickpeas in water overnight to soften. | Step 2: Cook chickpeas: | Drain and boil the soaked chickpeas until they are tender. Set aside. | Step 3: Heat oil: | In a pan, heat 1 tablespoon of oil over medium heat. | Step 4: Add tempering: | Add 1/2 teaspoon cumin seeds, 1/2 teaspoon mustard seeds, and 1/4 teaspoon hing (asafoetida). Sauté for 1-2 minutes. | Step 5: Add yogurt: | Lower the heat and add 1/2 cup of yogurt. Whisk quickly to prevent curdling. | Step 6: Combine chickpeas: | Add the cooked black chickpeas to the yogurt mixture and stir well. | Step 7: Simmer the curry: | Let the mixture simmer on low heat for about 10 minutes to blend the flavors. | Step 8: Garnish and serve: | Garnish with fresh coriander leaves and serve hot with rice.",https://res.cloudinary.com/duegxp0u0/image/upload/v1745169249/recipe_uploads/eyujmxwcwmbyph2amaps.jpg
68395eeaa1f9120d4641a5eb,"Whole Wheat Mini Parathas (Dry Roasted, No Oil)",breakfast,desi,weight_loss,80.0,3.0,16.0,1.0,2.0,300.0,0.0,20,1,"Whole Wheat Mini Parathas (Dry Roasted, No Oil) Whole Wheat Mini Parathas (Dry Roasted, No Oil) Whole Wheat Mini Parathas (Dry Roasted, No Oil) Whole Wheat Flour Salt desi","nut_free,egg_free,lactose_free,low_sugar,low_cholesterol,dairy_free",Whole Wheat Flour (1/4 cup (30g)); Salt (1/4 tsp (1.5g)),"Step 1: Prepare the Dough : | Mix whole wheat flour, a pinch of salt, and water to form a soft, smooth dough. | Step 2: Rest the Dough : | Cover and let the dough rest for 15–20 minutes to improve texture. | Step 3: Divide into Portions : | Divide the rested dough into small, equal-sized balls for rolling. | Step 4: Roll into Parathas : | Flatten each ball using a rolling pin to form small, round mini parathas. | Step 5: Preheat the Griddle : | Heat a dry griddle or tawa over medium flame until hot. | Step 6: Place on Griddle : | Place one rolled paratha on the hot griddle and cook until bubbles form. | Step 7: Flip and Roast : | Flip to the other side and roast until both sides are golden brown. | Step 8: Serve Warm : | Remove from heat and serve warm with chutney, curd, or pickle.",https://res.cloudinary.com/duegxp0u0/image/upload/v1745168961/recipe_uploads/qkzccsa9qfgm1ldodlfr.jpg
68395ef0a1f9120d4641a729,Chicken Biryani with Boiled Eggs and Salad,lunch,desi,weight_gain,570.0,25.0,50.0,15.0,3.0,1090.0,160.0,55,2,Chicken Biryani with Boiled Eggs and Salad Chicken Biryani with Boiled Eggs and Salad Chicken Biryani with Boiled Eggs and Salad Chicken Basmati rice Onion Yogurt Tomatoes Garlic Ginger Boiled eggs Green chilies Coriander leaves Oil Salt Water Salad Cucumber Lemon juice Red chili powder Garam masala Cumin seeds Water desi,"nut_free,low_sugar",Chicken (200g); Basmati rice (1 cup); Onion (1); Yogurt (½ cup); Tomatoes (2); Garlic (1 tsp); Ginger (1 tsp); Boiled eggs (2); Green chilies (2); Coriander leaves (2 tbsp); Oil (2 tbsp); Salt (½ tsp); Water (as needed); Salad (½ cup); Cucumber (¼ cup); Lemon juice (1 tsp); Red chili powder (½ tsp); Garam masala (½ tsp); Cumin seeds (½ tsp); Water (2 cups (for rice)),"Step 1: Gather Ingredients: Collect 3 tbsp oil, 2 sliced onions, 1 tbsp ginger paste, 1 tbsp garlic paste, 2 green chilies (chopped), 200g chicken (cut into pieces), 2 chopped tomatoes, ½ cup yogurt, 1 tsp salt, 2 cups basmati rice, 4 cups water, 2 tbsp coriander (chopped), 4 eggs, and salad ingredients (cucumber, tomato, onion). | Step 2: Heat Oil: Pour 3 tbsp oil into a pot and heat over medium heat for 1-2 minutes. | Step 3: Sauté Onions: Add 2 sliced onions and sauté for 5-7 minutes until golden brown and aromatic. | Step 4: Cook Aromatics: Stir in 1 tbsp ginger paste, 1 tbsp garlic paste, and 2 green chilies, cooking for 1 minute until fragrant. | Step 5: Brown Chicken: Add 200g chicken pieces, stirring well, and cook for 10-12 minutes until lightly browned. | Step 6: Thicken Masala: Mix in 2 chopped tomatoes, ½ cup yogurt, and 1 tsp salt, cooking for 7-10 minutes until the mixture thickens and oil separates. | Step 7: Prepare Rice and Eggs: Boil 2 cups basmati rice in 4 cups water with a pinch of salt for 8-10 minutes until half-cooked, drain; separately, boil 4 eggs for 10 minutes, peel, and slice. | Step 8: Layer and Serve: Layer the half-cooked rice over the chicken, sprinkle with 2 tbsp chopped coriander, steam for 10 minutes on low heat, then serve hot with boiled eggs and a salad of sliced cucumber, tomato, and onion.",https://res.cloudinary.com/duegxp0u0/image/upload/v1746778283/oiabh3roixoxsze5rilh.jpg
68395ec7a1f9120d4641a4cf,Cheesy Broccoli Rice Casserole,dinner,vegetarian,weight_gain,580.0,30.0,60.0,35.0,6.0,800.0,65.0,45,2,Cheesy Broccoli Rice Casserole Cheesy Broccoli Rice Casserole Cheesy Broccoli Rice Casserole Rice Broccoli Cheddar Milk Olive oil Flour Salt Black pepper Breadcrumbs Parsley vegetarian,"nut_free,egg_free,low_sugar",Rice (250g); Broccoli (300g); Cheddar (150g); Milk (100ml); Olive oil (2 tsp); Flour (1 tbsp); Salt (1/2 tsp); Black pepper (1/4 tsp); Breadcrumbs (1 tbsp (optional)); Parsley (1 tsp (optional)),"Step 1: Preheat Oven | Preheat the oven to 180°C and grease a 9x9-inch baking dish with 1 tsp olive oil. | Step 2: Cook Rice | Cook 250g rice (e.g., white or brown) in 500ml water for 15–20 minutes until tender, then drain. | Step 3: Prepare Broccoli | Wash 300g broccoli, cut into small florets, and steam for 5 minutes until bright green and tender-crisp. | Step 4: Make Cheese Sauce | In a saucepan, melt 1 tbsp olive oil over medium heat, whisk in 1 tbsp flour, then slowly add 100ml milk, stirring until smooth. | Step 5: Add Cheese | Stir 150g grated cheddar into the sauce until melted, then season with 1/2 tsp salt and 1/4 tsp black pepper. | Step 6: Combine Ingredients | In a large bowl, mix cooked rice, steamed broccoli, and cheese sauce until evenly coated. | Step 7: Bake Casserole | Transfer the mixture to the greased baking dish, sprinkle with 1 tbsp breadcrumbs if desired, and bake for 30 minutes until golden and bubbly. | Step 8: Serve | Let cool for 5 minutes, garnish with 1 tsp chopped parsley if desired, and serve warm as a comforting dinner.",https://res.cloudinary.com/duegxp0u0/image/upload/v1748524886/b7wte0uwfbtkatlsniya.jpg
68395ec7a1f9120d4641a4c2,Cottage Cheese & Tomato Toast,breakfast,vegetarian,weight_loss,260.0,25.0,30.0,6.0,4.0,500.0,20.0,10,1,Cottage Cheese & Tomato Toast Cottage Cheese & Tomato Toast Cottage Cheese & Tomato Toast Cottage cheese Whole-grain bread Tomato Olive oil Salt Black pepper vegetarian,"nut_free,egg_free,low_carb,low_sugar,low_cholesterol",Cottage cheese (100g); Whole-grain bread (2 slices); Tomato (1 (150g)); Olive oil (1 tsp (optional)); Salt (1 pinch); Black pepper (1/2 tsp),"Step 1: Select Bread | Choose 2 slices of whole-grain bread for a nutritious base. | Step 2: Toast Bread | Toast the bread slices in a toaster or skillet until golden and crisp. | Step 3: Prepare Cottage Cheese | Measure 100g cottage cheese and stir in a bowl for a smooth texture. | Step 4: Prepare Tomato | Wash 1 medium tomato (~150g) and slice thinly into rounds. | Step 5: Spread Cottage Cheese | Evenly spread 50g cottage cheese over each toasted bread slice. | Step 6: Layer Tomato | Arrange tomato slices over the cottage cheese on both toasts. | Step 7: Season Toast | Sprinkle 1 pinch of salt and 1/2 tsp black pepper over the tomato slices for flavor. | Step 8: Serve | Drizzle 1 tsp olive oil lightly over the toasts if desired, and serve immediately as a light snack.",https://res.cloudinary.com/duegxp0u0/image/upload/v1748525070/krwbgcwiorjyuat6tvqz.jpg
68395eeaa1f9120d4641a6be,"Steamed Dhokla (Fermented Gram Flour Cake, No Oil)",snack,desi,weight_loss,80.0,4.0,12.0,2.0,2.0,300.0,5.0,30,1,"Steamed Dhokla (Fermented Gram Flour Cake, No Oil) Steamed Dhokla (Fermented Gram Flour Cake, No Oil) Steamed Dhokla (Fermented Gram Flour Cake, No Oil) Gram Flour Yogurt Baking Soda Salt Water desi","gluten_free,nut_free,egg_free,low_sodium,low_sugar","Gram Flour (1/2 cup (50g)); Yogurt (1/4 cup (60g)); Baking Soda (1/2 tsp (2.5g)); Salt (To taste (assumed 1/2 tsp, 1.5g, not listed but implied)); Water (As needed (assumed 1/4 cup, 60ml, for batter consistency))","Step 1: Prepare the Batter : | In a mixing bowl, combine gram flour, yogurt, water, and fermented yeast or baking soda to form a smooth batter. | Step 2: Mix Well : | Stir the ingredients thoroughly until the batter is well combined and free of lumps. | Step 3: Prepare the Steaming Dish : | Grease a steaming dish or bowl to prevent the batter from sticking during steaming. | Step 4: Pour the Batter into the Dish : | Pour the prepared batter into the greased dish, spreading it evenly. | Step 5: Steam the Batter : | Place the dish in a steamer and steam the batter for 15-20 minutes, or until it sets and becomes firm. | Step 6: Check the Texture : | Check the texture by inserting a toothpick into the center; it should come out clean when the batter is fully cooked. | Step 7: Let It Cool : | Allow the steamed batter to cool to room temperature before handling it. | Step 8: Cut and Serve : | Once cooled, cut the steamed batter into pieces and serve as a delicious snack or appetizer.",https://res.cloudinary.com/duegxp0u0/image/upload/v1745169476/recipe_uploads/dcajivnorqmanfh0psuq.jpg
68395ecea1f9120d4641a53b,Egg and Beef Breakfast Tacos,breakfast,non_vegetarian,weight_loss,450.0,40.0,35.0,20.0,4.0,550.0,270.0,20,2,Egg and Beef Breakfast Tacos Egg and Beef Breakfast Tacos Egg and Beef Breakfast Tacos Eggs Ground beef Corn tortillas Salsa Olive oil Cumin Salt Black pepper Cilantro non_vegetarian,"gluten_free,nut_free,lactose_free,low_sugar,dairy_free",Eggs (3); Ground beef (150g); Corn tortillas (3); Salsa (50g); Olive oil (1 tsp); Cumin (½ tsp); Salt (¼ tsp); Black pepper (pinch); Cilantro (1 tsp (optional)),"Step 1: Prepare Beef | Heat 1 tsp olive oil in a skillet over medium heat, add 150g ground beef, and cook for 4–5 minutes, breaking it apart until browned. | Step 2: Season Beef | Add ½ tsp cumin and ¼ tsp salt to the beef, stirring for 1 minute to blend flavors, then remove and set aside. | Step 3: Scramble Eggs | In a bowl, whisk 3 eggs with a pinch of black pepper, then pour into the skillet, scrambling for 2–3 minutes until just set. | Step 4: Combine Filling | Return beef to the skillet with eggs, mix gently, and cook for 1 minute to heat through. | Step 5: Warm Tortillas | Heat 3 corn tortillas in a dry skillet or microwave for 10–15 seconds until warm and pliable. | Step 6: Assemble Tacos | Divide beef-egg mixture evenly among tortillas, spooning ~2 tbsp filling per taco. | Step 7: Add Salsa | Top each taco with ~1 tbsp salsa (50g total) for freshness and spice. | Step 8: Serve | Garnish with 1 tsp chopped cilantro, fold tortillas, and serve immediately as a quick breakfast.",https://res.cloudinary.com/duegxp0u0/image/upload/v1748524633/hy6fcd8dgnf3tvdicbsb.jpg
68395eeaa1f9120d4641a653,Barley Roti with Cucumber Yogurt Dip,snack,desi,weight_loss,300.0,12.0,50.0,6.0,8.0,400.0,5.0,45,2,Barley Roti with Cucumber Yogurt Dip Barley Roti with Cucumber Yogurt Dip Barley Roti with Cucumber Yogurt Dip Barley Flour Whole Wheat Flour Cucumber Green Chili Mint Leaves Roasted Cumin Powder Black Pepper Ghee Salt Warm Water desi,"nut_free,egg_free,low_sodium,low_sugar","Barley Flour (2 cups (240g)); Whole Wheat Flour (1/2 cup (60g)); Cucumber (1 medium (150g, grated)); Green Chili (1 (5g, finely chopped)); Mint Leaves (2 tbsp (6g, chopped)); Roasted Cumin Powder (1/4 tsp (0.5g)); Black Pepper (1/4 tsp (0.5g)); Ghee (1 tsp (5g, optional, assumed used for brushing)); Salt (To taste (assumed 1 tsp, 3g, split between dough and raita)); Warm Water (As needed (assumed 1/2 cup, 120ml, for dough))","Step 1: Prepare the Barley Roti Dough : | In a large bowl, mix 2 cups barley flour with 1/2 cup whole wheat flour and a pinch of salt. | Gradually add warm water (approximately 1 cup) and knead to form a soft, pliable dough. | If the dough feels too dry, add a little more water; if too sticky, add a sprinkle of barley flour. | Cover with a damp cloth and let it rest for 20-30 minutes. | Step 2: Prepare the Cucumber Yogurt Dip : | Grate 1 medium cucumber and squeeze out excess water. | In a bowl, whisk 1 cup low-fats yogurt until smooth. | Add the grated cucumber, 1/4 tsp roasted cumin powder, 1/4 tsp black pepper, 1 finely chopped green chili, 2 tbsp chopped mint leaves, and salt to taste. | Mix well and refrigerate for at least 15 minutes to allow flavors to meld. | Step 3: Make the Rotis : | Divide the dough into 8 equal portions and form smooth balls. | Take one ball at a time, flatten it slightly, and dust with barley flour. | Roll it into a circular shape of about 6-7 inches in diameter using a rolling pin. | Heat a tawa (flat pan) on medium heat. | Step 4: Cook the Rotis : | Place the rolled roti on the hot tawa. | When small bubbles appear (about 30 seconds), flip and cook the other side. | Flip again and press gently with a cloth to help it puff up. | Cook until both sides have light brown spots. | Remove from heat and place on a serving plate. | Step 5: Finish the Rotis : | Lightly brush each roti with 1/4 tsp ghee if desired (optional for authentic taste). | Cover with a clean cloth to keep warm while making the remaining rotis. | Step 6: Serve : | Serve the warm barley rotis with the chilled cucumber yogurt dip. | Garnish the dip with a sprinkle of roasted cumin powder and a few mint leaves.",https://res.cloudinary.com/duegxp0u0/image/upload/v1745169410/recipe_uploads/cxq9gmp2sveffu9skroi.jpg
68395eeaa1f9120d4641a6ca,"Low-fats Phirni (Rice Flour Pudding with Jaggery, No Sugar)",snack,desi,weight_loss,140.0,2.0,26.0,2.0,0.0,40.0,0.0,20,1,"Low-fats Phirni (Rice Flour Pudding with Jaggery, No Sugar) Low-fats Phirni (Rice Flour Pudding with Jaggery, No Sugar) Low-fats Phirni (Rice Flour Pudding with Jaggery, No Sugar) Rice Flour Jaggery desi","gluten_free,nut_free,egg_free,low_sodium",Rice Flour (1/4 cup (30g)); Jaggery (2 tbsp (24g)),"Step 1: Prepare the Paste : | Mix rice flour with water to create a smooth, lump-free paste. | Step 2: Boil the Milk : | In a saucepan, bring the milk to a boil over medium heat. | Step 3: Add the Rice Flour Paste : | Gradually add the rice flour paste to the boiling milk, stirring constantly. | Step 4: Cook on Low Heat : | Reduce the heat to low and cook the mixture, stirring until it thickens to a pudding-like consistency. | Step 5: Sweeten the Mixture : | Once thickened, add jaggery to the mixture and stir until fully dissolved. | Step 6: Add Flavor : | Add a pinch of cardamom to enhance the flavor of the pudding. | Step 7: Let It Cool : | Allow the mixture to cool down slightly before transferring it to serving bowls. | Step 8: Serve Chilled : | Refrigerate the pudding for a few hours, then serve chilled and enjoy the delicious treat!",https://res.cloudinary.com/duegxp0u0/image/upload/v1745169503/recipe_uploads/rlyxzbknizhmb9nwyvgb.jpg
68395ebfa1f9120d4641a484,Keto Chocolate Mousse,snack,keto,weight_loss,280.0,5.0,5.0,28.0,2.0,50.0,80.0,15,1,Keto Chocolate Mousse Keto Chocolate Mousse Keto Chocolate Mousse Heavy cream Cocoa powder Erythritol Vanilla extract keto,"gluten_free,nut_free,egg_free,low_carb,low_sugar",Heavy cream (200ml); Cocoa powder (2 tbsp); Erythritol (1 tbsp); Vanilla extract (½ tsp),"Step 1: Chill Cream | Chill 200ml heavy cream in a bowl for 10 minutes. | Step 2: Whip Cream | Whip cream with a hand mixer until soft peaks form. | Step 3: Add Cocoa | Sift in 2 tbsp cocoa powder, add 1 tbsp erythritol and ½ tsp vanilla extract. | Step 4: Whip Again | Whip until stiff peaks form and mixture is smooth. | Step 5: Check Texture | Ensure mousse is light and fluffy. | Step 6: Garnish | Sprinkle with a pinch of cocoa powder for presentation. | Step 7: Serve Prep | Spoon into a dessert dish. | Step 8: Serve | Serve chilled as a quick snack.",https://res.cloudinary.com/duegxp0u0/image/upload/v1748524023/pshvbwh0cysviagceepl.jpg
68395ed6a1f9120d4641a567,Herbed Cheese Dip,dinner,mediterranean,weight_gain,520.0,28.0,10.0,56.0,1.0,1390.0,195.0,15,1,Herbed Cheese Dip Herbed Cheese Dip Herbed Cheese Dip Feta cheese Ricotta cheese Cream cheese Mixed herbs Olive oil mediterranean,"gluten_free,nut_free,egg_free,low_carb,low_sugar,verification",Feta cheese (100g); Ricotta cheese (100g); Cream cheese (50g); Mixed herbs (10g); Olive oil (5ml),"Step 1: Prep Feta | Crumble 100g feta cheese into a mixing bowl. |  | Step 2: Add Ricotta | Measure 100g ricotta cheese and add to the bowl. |  | Step 3: Add Cream Cheese | Soften 50g cream cheese and mix it into the bowl. |  | Step 4: Prep Herbs | Wash 10g mixed herbs (e.g., parsley, dill), finely chop, and set aside. |  | Step 5: Add Oil | Pour 5ml olive oil into the cheese mixture for creaminess. |  | Step 6: Mix Dip | Stir all cheeses, herbs, and oil until smooth and well combined. |  | Step 7: Season Dip | Add a pinch of black pepper to taste, mixing gently. |  | Step 8: Serve Fresh | Transfer to a serving bowl and serve immediately with bread or veggies as a snack.",https://res.cloudinary.com/duegxp0u0/image/upload/v1748524316/qiidzleq1zromasxured.jpg
68395ef0a1f9120d4641a77d,Desi Anda Ghotala with Paratha,breakfast,desi,weight_gain,480.0,18.0,38.0,28.0,2.0,900.0,200.0,20,2,Desi Anda Ghotala with Paratha Desi Anda Ghotala with Paratha Desi Anda Ghotala with Paratha Eggs Onion Tomatoes Red chili powder Turmeric powder Cumin powder Coriander powder Garam masala Salt Butter Paratha Fresh cilantro Green chili Ginger garlic paste Oil desi,"nut_free,low_sugar",Eggs (4); Onion (1 small); Tomatoes (1 small); Red chili powder (¼ tsp); Turmeric powder (⅛ tsp); Cumin powder (⅛ tsp); Coriander powder (⅛ tsp); Garam masala (⅛ tsp); Salt (¼ tsp); Butter (1 tbsp); Paratha (1 piece); Fresh cilantro (½ tbsp); Green chili (¼); Ginger garlic paste (¼ tsp); Oil (½ tbsp),"Step 1: Gather Ingredients: Collect 4 eggs, 1 tbsp butter, 1 small onion (chopped), 1 tomato (chopped), 1 tsp ginger-garlic paste, 1 tsp red chili powder, 1 tsp garam masala, 1 tsp salt, 2 cups whole wheat flour, ¾ cup water (for dough), and 2 tbsp ghee. | Step 2: Sauté Base: Melt 1 tbsp butter in a pan over medium heat, add 1 chopped onion and 1 tsp ginger-garlic paste, sautéing for 4-5 minutes until golden. | Step 3: Add Tomatoes: Stir in 1 chopped tomato, cook for 3-4 minutes until soft and mushy. | Step 4: Season Masala: Add 1 tsp red chili powder, 1 tsp garam masala, and 1 tsp salt; cook for 1-2 minutes until fragrant. | Step 5: Scramble Eggs: Beat 4 eggs, pour into the pan, and scramble gently for 2-3 minutes until just set, mixing with the masala. | Step 6: Prepare Paratha: Mix 2 cups whole wheat flour with ¾ cup water, knead into a soft dough, rest for 15 minutes, roll into 4-6 circles, and cook on a tawa with ½ tbsp ghee per side for 1-2 minutes until golden. | Step 7: Serve Hot: Plate the anda ghotala and serve hot with warm paratha..",https://res.cloudinary.com/duegxp0u0/image/upload/v1746813065/gymbd2gmo26srpz2uhan.jpg
68395ef0a1f9120d4641a750,Cholay Bhature (Deep-Fried Bread with Chickpeas),lunch,desi,weight_gain,460.0,10.0,50.0,20.0,8.0,1080.0,0.0,60,1,Cholay Bhature (Deep-Fried Bread with Chickpeas) Cholay Bhature (Deep-Fried Bread with Chickpeas) Cholay Bhature (Deep-Fried Bread with Chickpeas) Chickpeas Onion Tomato Spices Salt Oil Maida (white flour) Yogurt Ginger garlic paste Chana masala Baking powder Coriander leaves Oil Water desi,"nut_free,egg_free,low_sugar","Chickpeas (1 cup); Onion (1); Tomato (1); Spices (1 tbsp); Salt (1 tsp); Oil (2 tbsp); Maida (white flour) (1 cup); Yogurt (1 tbsp); Ginger garlic paste (1 tsp); Chana masala (1 tbsp); Baking powder (½ tsp (for bhature)); Coriander leaves (1 tbsp, chopped); Oil (for deep frying); Water (½ cup (for cholay))","Step 1: Gather Ingredients: Collect 1 cup dried chickpeas, 2 tbsp oil, 1 chopped onion, 2 tomatoes (chopped), 1 tsp ginger-garlic paste, 1 tsp red chili powder, 1 tsp chole masala, 1 tsp salt, 2 cups all-purpose flour (maida), ½ cup yogurt, ½ tsp baking powder, water (as needed), and oil for deep frying. | Step 2: Soak Chickpeas: Rinse 1 cup dried chickpeas and soak in water overnight (8-10 hours). | Step 3: Boil Chickpeas: Drain the soaked chickpeas, boil in 4 cups water with a pinch of salt for 45-60 minutes until tender, then drain and set aside. | Step 4: Cook Cholay Base: Heat 2 tbsp oil in a pan, sauté 1 chopped onion and 1 tsp ginger-garlic paste for 5-7 minutes until golden, then add 2 chopped tomatoes, cooking until soft. | Step 5: Spice Cholay: Stir in 1 tsp red chili powder, 1 tsp chole masala, and 1 tsp salt, add the boiled chickpeas with ½ cup water, and simmer for 15-20 minutes until thick. | Step 6: Knead Bhatura Dough: In a bowl, mix 2 cups all-purpose flour with ½ cup yogurt, ½ tsp baking powder, and a pinch of salt, knead with water as needed into a soft dough, cover, and rest for 2 hours. | Step 7: Shape and Fry Bhaturas: Divide the dough into 6-8 balls, roll each into a 5-6 inch circle, heat oil in a deep pan over medium-high heat, and fry each bhatura for 1-2 minutes per side until puffed and golden. | Step 8: Serve Hot: Plate the hot cholay, top with a drizzle of ghee if desired, and serve with freshly fried bhaturas.",https://res.cloudinary.com/duegxp0u0/image/upload/v1746772235/mnbmfqgqf8q4fub7mvjb.jpg
68395eeaa1f9120d4641a6a5,Homemade Grilled Chapli Kababs,lunch,desi,weight_loss,300.0,28.0,6.0,18.0,1.0,400.0,80.0,30,5,Homemade Grilled Chapli Kababs Homemade Grilled Chapli Kababs Homemade Grilled Chapli Kababs Lean Minced Meat Onion Cumin Powder Coriander Powder Red Chili Powder Turmeric Garam Masala Salt Oil desi,"gluten_free,nut_free,egg_free,lactose_free,low_sodium,low_sugar","Lean Minced Meat (500g (assumed beef for calculation)); Onion (1 large (150g, finely chopped)); Cumin Powder (1 tsp (2g)); Coriander Powder (1/2 tsp (1g)); Red Chili Powder (1/2 tsp (1g)); Turmeric (1/4 tsp (0.5g)); Garam Masala (1 tsp (2g)); Salt (To taste (assumed 1 tsp, 3g)); Oil (For grilling (assumed 1 tbsp, 14g))","Step 1: Prepare the Mixture: | In a bowl, mix 500g lean minced meat with 1 onion (finely chopped), 1 tsp ginger-garlic paste, 1 tsp cumin powder, 1/2 tsp coriander powder, 1/2 tsp red chili powder, 1/4 tsp turmeric, 1 tsp garam masala, and salt to taste. | Step 2: Shape the Kababs: | Shape the mixture into small round patties or flat kababs. | Step 3: Preheat the Grill: | Preheat the grill and brush with a little oil to prevent sticking. | Step 4: Grill the Kababs: | Place the kababs on the grill and cook on medium heat for 5-7 minutes on each side or until golden brown. | Step 5: Check for Doneness: | Ensure the kababs are cooked through by checking the internal temperature, which should reach 75°C (165°F). | Step 6: Rest the Kababs: | Remove the kababs from the grill and let them rest for a few minutes to retain their juices. | Step 7: Garnish: | Garnish the kababs with fresh cilantro or mint leaves for added flavor. | Step 8: Serve: | Serve hot with a side of yogurt, chutney, or a fresh salad.",https://res.cloudinary.com/duegxp0u0/image/upload/v1745169223/recipe_uploads/kyzkf14awgvvakfb1xcw.jpg
68395ec7a1f9120d4641a4ae,Lentil & Mushroom Burgers,lunch,vegetarian,weight_gain,520.0,30.0,55.0,25.0,12.0,500.0,95.0,40,2,Lentil & Mushroom Burgers Lentil & Mushroom Burgers Lentil & Mushroom Burgers Lentils Mushrooms Breadcrumbs Egg Olive oil Cumin Salt vegetarian,"nut_free,lactose_free,low_sugar,dairy_free",Lentils (250g); Mushrooms (150g); Breadcrumbs (50g); Egg (1); Olive oil (1 tsp); Cumin (1 tsp); Salt (1/2 tsp),"Step 1: Preheat Oven | Preheat the oven to 180°C and line a baking sheet with parchment paper. | Step 2: Prepare Lentils | Ensure 250g cooked lentils are drained and cooled, then place in a large bowl. | Step 3: Process Mushrooms | Finely chop 150g mushrooms and sauté in 1 tsp olive oil for 5 minutes until soft, then cool slightly. | Step 4: Mix Ingredients | Add the mushrooms, 50g breadcrumbs, 1 egg, 1 tsp cumin, and 1/2 tsp salt to the lentils, stirring until well combined. | Step 5: Blend Mixture | Mash the mixture lightly with a fork or pulse in a food processor to a coarse texture that holds together. | Step 6: Shape Patties | Form the mixture into 4–6 patties, about 1/2-inch thick, and place on the baking sheet. | Step 7: Bake Patties | Bake for 25 minutes, flipping halfway, until firm and lightly golden. | Step 8: Serve | Serve the patties in a whole-grain bun with lettuce and tomato, or enjoy as is with a side salad.",https://res.cloudinary.com/duegxp0u0/image/upload/v1748525266/ypzadwievpagcidgtanw.jpg
68395ec7a1f9120d4641a4e7,Sheer Khurma with Dates & Vermicelli,snack,vegetarian,weight_loss,420.0,10.0,60.0,18.0,3.0,120.0,30.0,35,4,Sheer Khurma with Dates & Vermicelli Sheer Khurma with Dates & Vermicelli Sheer Khurma with Dates & Vermicelli Milk Dates Vermicelli Sugar Ghee Almonds Pistachios Cardamom Saffron Rose water vegetarian,"egg_free,low_sodium",Milk (4 cups); Dates (10 chopped); Vermicelli (100g); Sugar (6 tbsp); Ghee (2 tbsp); Almonds (2 tbsp); Pistachios (2 tbsp); Cardamom (2 pods); Saffron (⅛ tsp); Rose water (½ tsp),"Step 1: Gather Ingredients: | Collect ½ cup vermicelli (seviyan), 2 tbsp ghee, 1 liter full-fat milk, 6 dates (pitted, chopped), ¼ cup sugar, ½ tsp cardamom powder, 2 tbsp almonds (slivered), and 2 tbsp pistachios (slivered). | Step 2: Fry Vermicelli: | Heat 2 tbsp ghee in a wide pan over medium heat, add ½ cup vermicelli, and fry for 2-3 minutes until golden brown, stirring constantly to avoid burning. | Step 3: Boil Milk: | Pour 1 liter full-fat milk into the pan with the vermicelli, bring to a boil, stirring occasionally to prevent sticking. | Step 4: Add Dates: | Stir in 6 chopped dates, reduce heat to low, and simmer for 10-15 minutes until the dates soften and the milk slightly thickens. | Step 5: Sweeten Mixture: | Add ¼ cup sugar and ½ tsp cardamom powder, stirring for 5-7 minutes until the sugar dissolves and the sheer khurma thickens to a creamy consistency. | Step 6: Garnish with Nuts: | Mix in 1 tbsp almonds and 1 tbsp pistachios, reserving the rest for topping; remove from heat. | Step 7: Serve Warm: | Ladle the sheer khurma into bowls, sprinkle with remaining 1 tbsp almonds and 1 tbsp pistachios, and serve warm.",https://res.cloudinary.com/duegxp0u0/image/upload/v1748525341/uvdpfhni3z80hwqcyo8a.jpg
68395ec7a1f9120d4641a4dd,Creamy Dal Makhni with Buttered Roti,dinner,vegetarian,weight_gain,548.0,15.0,40.0,20.0,10.0,1080.0,20.0,1,3,Creamy Dal Makhni with Buttered Roti Creamy Dal Makhni with Buttered Roti Creamy Dal Makhni with Buttered Roti Black lentils Kidney beans Tomato puree Fresh cream Onion Garlic paste Ginger paste Butter Salt Cumin seeds Buttered roti Whole wheat flour Red chili powder Coriander leaves Water Garam masala vegetarian,"nut_free,egg_free,low_sugar","Black lentils (1 cup); Kidney beans (½ cup); Tomato puree (½ cup); Fresh cream (¼ cup); Onion (1 small, chopped); Garlic paste (1 tsp); Ginger paste (1 tsp); Butter (3 tbsp); Salt (1 tsp); Cumin seeds (1 tsp); Buttered roti (4 pieces); Whole wheat flour (1 cup); Red chili powder (½ tsp); Coriander leaves (2 tbsp, chopped); Water (3 cups); Garam masala (¼ tsp)","Step 1: Gather the Ingredients: | Collect 1 cup whole black lentils (urad dal), ¼ cup kidney beans (rajma), 3 tbsp butter, 1 chopped onion, 2 garlic cloves (minced), 1 tbsp ginger paste, 1 cup tomato puree, 1 tsp salt, 1 tsp cumin seeds, ½ cup cream, 2 cups whole wheat flour, water for dough, and extra butter for garnish and roti. | Step 2: Soak and Boil Lentils: Soak 1 cup black lentils and ¼ cup kidney beans overnight, then boil in 4 cups water for 45-60 minutes until soft, and set aside. | Step 3: Heat the Butter: Melt 3 tbsp butter in a pan over medium heat for 1-2 minutes until it’s hot and fragrant. | Step 4: Sauté the Aromatics: Add 1 chopped onion, 2 minced garlic cloves, and 1 tbsp ginger paste, sautéing for 5-7 minutes until the onions turn golden. | Step 5: Cook the Tomato Base: Stir in 1 cup tomato puree and cook for 5 minutes, stirring occasionally, until it thickens and blends with the aromatics. | Step 6: Add Lentils and Spices: Mix in the boiled lentils and kidney beans, 1 tsp salt, and 1 tsp cumin seeds, stirring well to combine. | Step 7: Simmer with Cream: Pour in ½ cup cream, reduce heat to low, and simmer for 15 minutes, stirring occasionally, until the dal becomes creamy and rich. | Step 8: Serve with Buttered Roti: Knead 2 cups whole wheat flour with water into dough, roll into rotis, cook on a tawa with butter for 1-2 minutes per side, garnish dal with a pat of butter, and serve hot.",https://res.cloudinary.com/duegxp0u0/image/upload/v1748525070/e38wsssepmjdhhlynd3x.jpg
68395ecea1f9120d4641a514,Lamb & Potato Tagine,dinner,non_vegetarian,weight_gain,680.0,55.0,60.0,32.0,8.0,600.0,140.0,120,4,Lamb & Potato Tagine Lamb & Potato Tagine Lamb & Potato Tagine Lamb shoulder Potatoes Apricots (dried) Ras el hanout Olive oil Onion Garlic Chicken broth Cinnamon stick Salt Black pepper Cilantro non_vegetarian,"nut_free,egg_free,lactose_free,low_sugar,dairy_free",Lamb shoulder (400g); Potatoes (300g); Apricots (dried) (50g); Ras el hanout (2 tsp); Olive oil (1 tbsp); Onion (50g); Garlic (1 clove); Chicken broth (500ml); Cinnamon stick (1); Salt (¼ tsp); Black pepper (¼ tsp); Cilantro (1 tsp (optional)),"Step 1: Prepare Lamb | Trim and cut 400g lamb shoulder into 1-inch cubes, patting dry with a paper towel. | Step 2: Season Lamb | Toss lamb cubes with 2 tsp ras el hanout, ¼ tsp salt, and ¼ tsp black pepper in a bowl. | Step 3: Sear Lamb | Heat 1 tbsp olive oil in a large pot or tagine over medium heat, sear lamb for 5–6 minutes until browned, then remove and set aside. | Step 4: Prepare Vegetables | Peel and cube 300g potatoes into 1-inch pieces and finely chop 50g onion. | Step 5: Sauté Aromatics | In the same pot, add onion and 1 minced garlic clove, sauté for 2–3 minutes until softened. | Step 6: Combine Ingredients | Return lamb to the pot, add potatoes, 50g chopped dried apricots, 500ml chicken broth, and 1 cinnamon stick, stirring to combine. | Step 7: Slow Cook | Bring to a simmer, cover, reduce heat to low, and cook for 1.5–2 hours, stirring occasionally, until lamb is tender and potatoes are soft. | Step 8: Serve | Remove cinnamon stick, adjust seasoning with salt if needed, garnish with 1 tsp chopped cilantro, and serve hot as a rich dinner.",https://res.cloudinary.com/duegxp0u0/image/upload/v1748524702/jpiip41uwnyfbmsktcp1.jpg
68395eeaa1f9120d4641a6e2,Cinnamon-Spiced Almond & Walnut Mix,snack,desi,weight_loss,110.0,3.0,3.0,10.0,2.0,50.0,0.0,10,1,Cinnamon-Spiced Almond & Walnut Mix Cinnamon-Spiced Almond & Walnut Mix Cinnamon-Spiced Almond & Walnut Mix Almonds Walnuts Cinnamon Salt desi,"gluten_free,egg_free,lactose_free,low_sodium,low_sugar,low_carb,dairy_free","Almonds (1/4 cup (30g)); Walnuts (1/4 cup (30g)); Cinnamon (1/2 tsp (1g)); Salt (To taste (assumed 1/8 tsp, 0.4g, not listed but implied for flavor))","Step 1: Gather Ingredients: | Collect almonds, walnuts, cinnamon, and a pinch of salt for roasting. | Step 2: Toss with Spices: | In a bowl, toss the almonds and walnuts with cinnamon and a pinch of salt to coat them evenly. | Step 3: Heat the Pan: | Place a pan over medium heat and allow it to warm up before adding the nuts. | Step 4: Add the Nuts: | Once the pan is heated, add the spiced almonds and walnuts to the pan. | Step 5: Roast and Stir: | Stir the nuts occasionally to ensure they roast evenly and do not burn. | Step 6: Check for Fragrance: | After 5-7 minutes, the nuts should be fragrant and slightly golden. | Step 7: Remove from Heat: | Once the nuts are roasted, remove them from the pan immediately to avoid overcooking. | Step 8: Cool and Serve: | Let the roasted nuts cool before serving or storing them in an airtight container for later use.",https://res.cloudinary.com/duegxp0u0/image/upload/v1745169563/recipe_uploads/m6upzzw7fs2sjqbyhbg7.jpg
68395ef0a1f9120d4641a792,Nutty Caramel Fudge with Desi Ghee,snack,desi,weight_gain,460.0,4.0,48.0,30.0,2.0,60.0,60.0,15,1,"Nutty Caramel Fudge with Desi Ghee Nutty Caramel Fudge with Desi Ghee Nutty Caramel Fudge with Desi Ghee Sugar Cream Desi ghee Mixed nuts (almonds, cashews, pistachios) Vanilla essence Salt desi","egg_free,low_sodium","Sugar (½ cup); Cream (¼ cup); Desi ghee (2 tbsp); Mixed nuts (almonds, cashews, pistachios) (2 tbsp); Vanilla essence (¼ tsp); Salt (small pinch)","Step 1: Gather Ingredients: Collect 1 cup sugar, ½ cup heavy cream, ¼ cup desi ghee, ¼ cup mixed nuts (almonds, cashews, chopped), ½ tsp vanilla essence, a pinch of salt, and 1 tbsp milk (optional, for smoothness). | Step 2: Prepare Tray: Grease a small square tray or plate with 1 tsp desi ghee and line with parchment paper for easy removal. | Step 3: Make Caramel: Heat 1 cup sugar in a heavy-bottomed saucepan over medium heat, stirring gently for 5-7 minutes until it melts into a golden caramel. | Step 4: Add Cream and Ghee: Carefully stir in ½ cup heavy cream, ¼ cup desi ghee, and a pinch of salt, mixing slowly for 2-3 minutes until smooth; add 1 tbsp milk if the mixture is too thick. | Step 5: Add Nuts and Flavor: Remove from heat, stir in ¼ cup chopped mixed nuts and ½ tsp vanilla essence, mixing well to distribute evenly. | Step 6: Set Fudge: Pour the caramel mixture into the prepared tray, spreading it evenly with a spatula to about ½-inch thickness, and let it cool at room temperature for 1-2 hours. | Step 7: Slice and Serve: Once set, cut the fudge into squares or rectangles using a sharp knife and serve at room temperature or chilled.",https://res.cloudinary.com/duegxp0u0/image/upload/v1746813063/b9nn3pejmzro4y6q8wxw.jpg
68395eeaa1f9120d4641a68b,Grilled Quail (Bater) with Desi Spices,lunch,desi,weight_loss,200.0,22.0,2.0,12.0,0.0,400.0,80.0,2,4,Grilled Quail (Bater) with Desi Spices Grilled Quail (Bater) with Desi Spices Grilled Quail (Bater) with Desi Spices Quail Birds Yogurt Garam Masala Turmeric Powder Red Chili Powder Cumin Powder Lemon Juice Salt Fresh Coriander (for garnish) desi,"gluten_free,nut_free,egg_free,low_sodium,low_sugar","Quail Birds (4 (assumed 400g total, cleaned)); Yogurt (1 tbsp (15g)); Garam Masala (1 tsp (2g)); Turmeric Powder (1/2 tsp (1g)); Red Chili Powder (1 tsp (2g)); Cumin Powder (1/2 tsp (1g)); Lemon Juice (1 tbsp (15ml)); Salt (To taste (assumed 1 tsp, 3g)); Fresh Coriander (for garnish) (As needed (assumed 1 tbsp, 3g))","Step 1: Marinate the Quail: | Take 4 quail birds and marinate them with 1 tbsp ginger-garlic paste, 1 tbsp yogurt, 1 tsp garam masala, 1/2 tsp turmeric powder, 1 tsp red chili powder, 1/2 tsp cumin powder, 1 tbsp lemon juice, and salt to taste. Let it marinate for at least 2 hours. | Step 2: Preheat the Grill: | Preheat the grill to medium-high heat. | Step 3: Prepare for Grilling: | Place the marinated quail on the grill and ensure the grill is clean and oiled to prevent sticking. | Step 4: Grill the Quail (First Side): | Grill the quail for 5-7 minutes on the first side, allowing it to cook through and develop a slight char. | Step 5: Flip and Grill the Quail (Second Side): | Flip the quail over and grill for another 5-7 minutes until the meat is cooked thoroughly and slightly charred. | Step 6: Check for Doneness: | Ensure the quail is fully cooked by checking that the internal temperature reaches 165°F (75°C) or the juices run clear. | Step 7: Remove from the Grill: | Take the grilled quail off the grill and let it rest for a few minutes to retain its juices. | Step 8: Serve: | Garnish with fresh coriander and serve with a side of raita or salad.",https://res.cloudinary.com/duegxp0u0/image/upload/v1745169150/recipe_uploads/htyjys97hnw9jy99gp0v.jpg
68395eeaa1f9120d4641a65f,Tomato & Lentil Stew with Cumin,dinner,desi,weight_loss,220.0,12.0,28.0,8.0,8.0,400.0,0.0,5,1,Tomato & Lentil Stew with Cumin Tomato & Lentil Stew with Cumin Tomato & Lentil Stew with Cumin Red Lentils Tomatoes Onion Cumin Powder Turmeric Powder Salt Oil Water Fresh Coriander desi,"gluten_free,nut_free,egg_free,lactose_free,low_sodium,low_sugar,dairy_free","Red Lentils (1/2 cup (100g, dry)); Tomatoes (2 medium (300g, chopped)); Onion (1 small (70g, chopped)); Cumin Powder (1 tsp (2g)); Turmeric Powder (1/2 tsp (1g)); Salt (To taste (assumed 1 tsp, 3g)); Oil (1 tbsp (14g)); Water (As needed (assumed 3 cups, 720ml, for cooking)); Fresh Coriander (For garnish (assumed 1 tbsp, 3g, chopped, not listed but implied))","Step 1: Cook Lentils : | Wash 1/2 cup red lentils and cook in 2 cups water for 15 minutes until tender. | Step 2: Sauté Tomatoes and Spices : | Heat 1 tbsp oil, add 1 chopped onion, and sauté until golden. Add 2 chopped tomatoes, 1 tsp cumin powder, 1/2 tsp turmeric, and cook for 5 minutes. | Step 3: Add Cooked Lentils : | Add the cooked lentils to the pan, season with salt, and simmer for 10 minutes. | Step 4: Adjust Consistency : | If needed, add water to adjust the consistency of the dal and cook further. | Step 5: Taste and Adjust : | Taste the dal and adjust the seasoning with more salt, pepper, or spices if needed. | Step 6: Garnish : | Garnish with fresh coriander or a squeeze of lemon juice for added freshness. | Step 7: Serve : | Serve hot with rice or bread. | Step 8: Enjoy : | Enjoy this comforting dal as a main dish or as a side with your favorite meal.",https://res.cloudinary.com/duegxp0u0/image/upload/v1745169434/recipe_uploads/ulmtbvzovop4c50bi7st.jpg
68395ebfa1f9120d4641a47c,Velvet Hot Chocolate,snack,keto,weight_loss,190.0,3.0,4.0,20.0,2.0,25.0,0.0,5,1,Velvet Hot Chocolate Velvet Hot Chocolate Velvet Hot Chocolate Cocoa powder Coconut milk MCT oil Erythritol Cinnamon keto,"gluten_free,nut_free,egg_free,low_carb,low_sugar,dairy_free",Cocoa powder (2 tbsp); Coconut milk (200ml); MCT oil (1 tbsp); Erythritol (1 tbsp); Cinnamon (pinch (optional)),Step 1: Heat Milk | Warm 200ml coconut milk in a saucepan over medium heat to 70°C (do not boil). | Step 2: Mix Cocoa | Whisk in 2 tbsp cocoa powder and 1 tbsp erythritol until dissolved. | Step 3: Add MCT Oil | Stir in 1 tbsp MCT oil for creaminess. | Step 4: Blend (Optional) | Blend for 20 seconds for a frothy texture. | Step 5: Check Flavor | Taste and add a pinch more erythritol if needed. | Step 6: Season Drink | Sprinkle a pinch of cinnamon for warmth. | Step 7: Serve Prep | Pour into a mug. | Step 8: Serve | Serve hot as a quick breakfast.,https://res.cloudinary.com/duegxp0u0/image/upload/v1748524088/t8b5kidnrazli9znj77v.jpg
68395eeaa1f9120d4641a6d1,Air-Fried Onion Bhaji (Pakora with No Oil),snack,desi,weight_loss,70.0,3.0,12.0,1.0,2.0,200.0,0.0,20,1,Air-Fried Onion Bhaji (Pakora with No Oil) Air-Fried Onion Bhaji (Pakora with No Oil) Air-Fried Onion Bhaji (Pakora with No Oil) Onion Chickpea Flour Spices Salt Water desi,"gluten_free,nut_free,egg_free,lactose_free,low_sodium,low_sugar,low_fat,dairy_free","Onion (1 medium (100g, thinly sliced)); Chickpea Flour (1/2 cup (50g)); Spices (1 tsp (2g, assumed 1/2 tsp cumin + 1/2 tsp turmeric)); Salt (To taste (assumed 1/2 tsp, 1.5g, not listed but implied)); Water (As needed (assumed 1/4 cup, 60ml, for batter consistency))","Step 1: Slice the Onions : | Thinly slice the onions and place them in a bowl. | Step 2: Mix with Chickpea Flour and Spices : | Add chickpea flour, spices (such as cumin, turmeric, and chili powder), and a little water to the onions. Mix well until the onions are evenly coated. | Step 3: Preheat the Air Fryer : | Preheat your air fryer to 180°C (350°F) for a few minutes. | Step 4: Place the Mixture in the Fryer Basket : | Transfer the onion and chickpea flour mixture into the air fryer basket, spreading it out evenly. | Step 5: Set the Air Fryer Timer : | Set the timer to 10-15 minutes, depending on the desired crispiness. | Step 6: Cook the Mixture : | Cook the onions in the air fryer until golden and crispy, shaking the basket halfway through for even cooking. | Step 7: Check for Crispiness : | Once the cooking time is complete, check to ensure the onions are crispy and golden. | Step 8: Serve and Enjoy : | Serve the crispy onion rings immediately, and enjoy as a crunchy snack or side dish.",https://res.cloudinary.com/duegxp0u0/image/upload/v1745169528/recipe_uploads/q05fsvhm5azpxovirvfq.jpg
68395ed6a1f9120d4641a569,Pistachio Baklava,snack,mediterranean,weight_gain,600.0,24.0,141.0,71.0,12.0,570.0,65.0,55,1,Pistachio Baklava Pistachio Baklava Pistachio Baklava Phyllo dough Pistachios Honey Butter mediterranean,"egg_free,low_sodium,low_cholesterol",Phyllo dough (80g); Pistachios (100g); Honey (80g); Butter (30g),"Step 1: Preheat Oven | Set the oven to 175°C to preheat for baking. |  | Step 2: Prep Pistachios | Finely chop 100g pistachios using a food processor or knife. |  | Step 3: Prep Phyllo | Thaw 80g phyllo dough (about 8 sheets) and cover with a damp cloth. |  | Step 4: Melt Butter | Melt 30g butter in a small pan or microwave. |  | Step 5: Layer Phyllo | Brush a small baking dish with butter, layer 4 phyllo sheets, brushing each with butter. |  | Step 6: Add Filling | Spread chopped pistachios evenly over the phyllo layers. |  | Step 7: Top and Bake | Layer 4 more phyllo sheets, brushing with butter, pour 80g honey over the top, and bake for 45 minutes. |  | Step 8: Cool and Serve | Let baklava cool for 10 minutes, cut into pieces, and serve as a snack.",https://res.cloudinary.com/duegxp0u0/image/upload/v1748524449/jfmf9uwezdhzzm1cowvm.jpg
68395ef0a1f9120d4641a734,Fish Pulao with Lemon and Cumin Rice,lunch,desi,weight_gain,550.0,25.0,60.0,15.0,2.0,1080.0,50.0,60,4,Fish Pulao with Lemon and Cumin Rice Fish Pulao with Lemon and Cumin Rice Fish Pulao with Lemon and Cumin Rice Fish fillets Basmati rice Onion Garlic Cumin seeds Whole spices Salt Oil Lemon juice Water Coriander leaves Ginger paste Red chili powder Water desi,"nut_free,egg_free,low_sugar","Fish fillets (400g); Basmati rice (2 cups); Onion (1, sliced); Garlic (1 tsp, chopped); Cumin seeds (1 tsp); Whole spices (1 tbsp); Salt (1 tsp); Oil (3 tbsp); Lemon juice (2 tbsp); Water (as needed); Coriander leaves (2 tbsp, chopped); Ginger paste (1 tsp); Red chili powder (½ tsp); Water (4 cups (for rice))","Step 1: Gather Ingredients: Collect 2 tbsp oil, 1 sliced onion, 2 garlic cloves (minced), 1 tsp whole spices (cloves, cardamom), 1 tsp cumin seeds, 1 tsp salt, 400g fish fillets (e.g., cod or tilapia), 2 cups basmati rice, 4 cups water, and 1 tbsp lemon juice. | Step 2: Fry Onions and Garlic: Heat 2 tbsp oil in a pot over medium heat, add 1 sliced onion and 2 minced garlic cloves, and fry for 5-7 minutes until golden. | Step 3: Cook Spices: Stir in 1 tsp whole spices, 1 tsp cumin seeds, and 1 tsp salt, mixing well for 1 minute until aromatic. | Step 4: Sauté Fish: Gently add 400g fish fillets, sautéing for 5 minutes until lightly cooked, then remove fish and set aside. | Step 5: Cook Rice: Add 2 cups basmati rice and 4 cups water to the pot, bring to a boil, return the fish to the pot, reduce heat, cover, and cook for 10-12 minutes until rice is done. | Step 6: Serve with Lemon: Fluff the pulao, drizzle with 1 tbsp lemon juice, and serve hot.",https://res.cloudinary.com/duegxp0u0/image/upload/v1746744854/htqeyusqxn01co5cqdam.jpg
68395ef0a1f9120d4641a737,Rice with Beef Nihari Gravy,lunch,desi,weight_gain,740.0,35.0,60.0,30.0,2.0,1090.0,90.0,90,5,Rice with Beef Nihari Gravy Rice with Beef Nihari Gravy Rice with Beef Nihari Gravy Beef Basmati rice Onion Ginger garlic paste Red chili powder Turmeric Whole spices Salt Ghee Flour Lemon Oil Water Coriander leaves Nihari masala Water Water desi,"nut_free,egg_free,low_sugar","Beef (500g); Basmati rice (2 cups); Onion (1, sliced); Ginger garlic paste (1 tbsp); Red chili powder (1 tsp); Turmeric (½ tsp); Whole spices (1 tbsp); Salt (1 tsp); Ghee (3 tbsp); Flour (1 tbsp); Lemon (1, sliced); Oil (1 tbsp); Water (as needed); Coriander leaves (2 tbsp, chopped); Nihari masala (1 tbsp); Water (4 cups (for rice)); Water (2 cups (for nihari))","Step 1: Gather Ingredients: Collect 2 tbsp ghee (for nihari), 2 sliced onions, 500g beef (shank or stew cuts), 1 tbsp ginger-garlic paste, 2 tbsp nihari masala, 1 tsp salt, 6 cups water, 2 cups basmati rice, 2 tbsp ghee (for rice), 1 tsp salt (for rice), and lemon slices. | Step 2: Fry Onions: Heat 2 tbsp ghee in a pot over medium heat, add 2 sliced onions, and fry for 5-7 minutes until golden. | Step 3: Cook Beef: Add 500g beef, 1 tbsp ginger-garlic paste, and 2 tbsp nihari masala, cooking for 10-15 minutes until browned. | Step 4: Slow Cook Nihari: Pour in 6 cups water and 1 tsp salt, bring to a boil, then reduce heat, cover, and slow cook for 2-3 hours until beef is tender and gravy thickens. | Step 5: Prepare Ghee: In a separate pot, heat 2 tbsp ghee for 1-2 minutes until aromatic. | Step 6: Cook Ghee Rice: Add 2 cups basmati rice, 1 tsp salt, and 4 cups water to the ghee, cooking for 10-12 minutes until fluffy, then drain. | Step 7: Serve Hot: Plate the ghee rice, top or side with beef nihari gravy, and serve hot with lemon slices.",https://res.cloudinary.com/duegxp0u0/image/upload/v1746744854/exri2xmpy24jgjjiyvqu.jpg
68395ec7a1f9120d4641a4df,Palak Paneer with Makhani Roti,dinner,vegetarian,weight_gain,390.0,10.0,25.0,15.0,5.0,1080.0,20.0,40,2,Palak Paneer with Makhani Roti Palak Paneer with Makhani Roti Palak Paneer with Makhani Roti Spinach Paneer Onion Tomato Garlic Cumin seeds Ghee Salt Red chili powder Turmeric powder Garam masala Makhani roti Whole wheat flour Butter Water Ginger paste Fresh cream vegetarian,"nut_free,egg_free,low_sugar","Spinach (2 cups, chopped); Paneer (150g, cubed); Onion (1, chopped); Tomato (1, chopped); Garlic (2 cloves, minced); Cumin seeds (½ tsp); Ghee (1 tbsp); Salt (½ tsp); Red chili powder (¼ tsp); Turmeric powder (¼ tsp); Garam masala (¼ tsp); Makhani roti (1); Whole wheat flour (¼ cup); Butter (1 tsp); Water (2 tbsp); Ginger paste (½ tsp); Fresh cream (1 tbsp)","Step 1: Gather the Ingredients: | Collect 3 tbsp ghee, 1 chopped onion, 2 garlic cloves (minced), 1 tsp cumin seeds, 2 chopped tomatoes, 2 cups fresh spinach (chopped), 1 tsp salt, 1 tsp red chili powder, 200g paneer (cubed), 2 cups whole wheat flour, 2 tbsp butter, and water for dough. | Step 2: Heat the Ghee: | Melt 3 tbsp ghee in a pan over medium heat for 1-2 minutes until hot and aromatic. | Step 3: Sauté the Onions: | Add 1 chopped onion and sauté for 5-7 minutes, stirring occasionally, until golden brown. | Step 4: Cook the Aromatics and Tomatoes: | Stir in 2 minced garlic cloves, 1 tsp cumin seeds, and 2 chopped tomatoes, cooking for 5-7 minutes until the tomatoes soften. | Step 5: Add the Spinach and Spices: | Mix in 2 cups chopped spinach, 1 tsp salt, and 1 tsp red chili powder, cooking for 5 minutes until the spinach wilts and blends with the base. | Step 6: Simmer with Paneer: | Add 200g paneer cubes, stir gently, and simmer on low heat for 5 minutes to let the flavors meld. | Step 7: Prepare Makhani Roti: | Knead 2 cups whole wheat flour with water into a soft dough, roll into rotis, and cook on a tawa with a dab of butter for 1-2 minutes per side until golden. | Step 8: Serve Hot: | Plate the hot palak paneer and serve with warm makhani roti for a creamy, spiced meal.",https://res.cloudinary.com/duegxp0u0/image/upload/v1748525306/j8st1mdn6i6conywpntd.jpg
68395ecea1f9120d4641a534,Chicken Tikka Skewers,dinner,non_vegetarian,weight_loss,380.0,42.0,10.0,20.0,2.0,500.0,110.0,30,2,Chicken Tikka Skewers Chicken Tikka Skewers Chicken Tikka Skewers Chicken breast Greek yogurt Tikka masala paste Lemon juice Olive oil Cumin Salt Mint Cilantro non_vegetarian,"nut_free,egg_free,low_carb,low_sugar",Chicken breast (250g); Greek yogurt (50g); Tikka masala paste (2 tbsp); Lemon juice (1 tbsp); Olive oil (1 tsp); Cumin (½ tsp); Salt (¼ tsp); Mint (10g); Cilantro (1 tsp (optional)),"Step 1: Prepare Chicken | Cut 250g chicken breast into 1-inch cubes and place in a bowl. | Step 2: Make Marinade | Mix 50g Greek yogurt, 2 tbsp tikka masala paste, 1 tbsp lemon juice, ½ tsp cumin, and ¼ tsp salt in a small bowl. | Step 3: Marinate Chicken | Coat chicken cubes with marinade, cover, and refrigerate for 15–30 minutes. | Step 4: Preheat Grill | Preheat a grill pan or outdoor grill to medium-high heat, lightly brushing with 1 tsp olive oil. | Step 5: Skewer Chicken | Thread marinated chicken onto 4 metal or soaked wooden skewers, leaving small gaps between pieces. | Step 6: Grill Skewers | Grill skewers for 12–15 minutes, turning every 3–4 minutes, until chicken is cooked through (165°F/74°C). | Step 7: Prepare Chutney | Mix 10g chopped mint, 1 tbsp Greek yogurt, and a pinch of salt for a simple mint chutney. | Step 8: Serve | Remove chicken from skewers or serve as is, drizzle with chutney, garnish with 1 tsp chopped cilantro, and enjoy as a light dinner.",https://res.cloudinary.com/duegxp0u0/image/upload/v1748524631/dat0ofzxkmxpiftcu4q3.jpg
68395ebfa1f9120d4641a47b,Keto Cauliflower Biryani,dinner,keto,weight_gain,520.0,21.0,6.0,19.0,2.0,400.0,90.0,40,1,Keto Cauliflower Biryani Keto Cauliflower Biryani Keto Cauliflower Biryani Cauliflower rice Chicken thighs Yogurt Biryani spices Olive oil Salt Cilantro keto,"gluten_free,nut_free,egg_free,low_carb",Cauliflower rice (150g); Chicken thighs (125g); Yogurt (25g); Biryani spices (1 tsp); Olive oil (½ tbsp); Salt (pinch); Cilantro (½ tsp (optional)),"Step 1: Marinate Chicken | Mix 125g chicken thighs with 25g yogurt, 1 tsp biryani spices, and a pinch of salt; marinate for 20 minutes. | Step 2: Prep Cauliflower | Pulse 150g cauliflower into rice-sized pieces. | Step 3: Sauté Chicken | In a skillet, heat ½ tbsp olive oil, sauté chicken for 5–6 minutes until cooked, set aside. | Step 4: Cook Spices | Add ½ tsp biryani spices to skillet, toast for 30 seconds. | Step 5: Sauté Cauliflower | Add cauliflower rice, sauté for 4–5 minutes until tender. | Step 6: Combine Dish | Return chicken to skillet, mix with cauliflower, cook for 2 minutes. | Step 7: Garnish | Sprinkle with ½ tsp chopped cilantro. | Step 8: Serve | Serve hot as a flavorful dinner.",https://res.cloudinary.com/duegxp0u0/image/upload/v1748524023/vhsesm88kwiwcg5bbm5m.jpg
68395eeaa1f9120d4641a6a1,Spicy Egg Masala (Cooked in Tomato Puree),lunch,desi,weight_loss,300.0,14.0,12.0,22.0,3.0,400.0,370.0,30,2,Spicy Egg Masala (Cooked in Tomato Puree) Spicy Egg Masala (Cooked in Tomato Puree) Spicy Egg Masala (Cooked in Tomato Puree) Eggs (boiled) Onion (chopped) Tomatoes (chopped) Cumin Seeds Red Chili Powder Turmeric Powder Garam Masala Coriander Powder Fresh Coriander (for garnish) Salt Oil desi,"gluten_free,nut_free,lactose_free,low_sodium,low_sugar","Eggs (boiled) (4 (200g, peeled)); Onion (chopped) (1 (100g)); Tomatoes (chopped) (2 (300g)); Cumin Seeds (1 tsp (2g)); Red Chili Powder (1 tsp (2g)); Turmeric Powder (1/2 tsp (1g)); Garam Masala (1/2 tsp (1g)); Coriander Powder (1/2 tsp (1g)); Fresh Coriander (for garnish) (As needed (assumed 1 tbsp, 3g)); Salt (To taste (assumed 1 tsp, 3g)); Oil (2 tbsp (28g))","Step 1: Prepare the Eggs: | Hard-boil 4 eggs, peel them, and set them aside. | Step 2: Make the Masala Base: | In a pan, heat 2 tbsp oil. Add 1 chopped onion and sauté until golden brown. Add 2 chopped tomatoes, 1 tsp ginger-garlic paste, 1 tsp cumin seeds, and sauté until the tomatoes soften. | Step 3: Add Spices: | Stir in 1 tsp red chili powder, 1/2 tsp turmeric powder, 1/2 tsp garam masala, 1/2 tsp coriander powder, and salt to taste. Cook for 2-3 minutes, allowing the oil to separate from the masala. | Step 4: Cook the Eggs in the Masala: | Gently add the boiled eggs to the masala and stir gently to coat them with the sauce. Add 1/4 cup water to make a gravy and cook for 5 minutes. | Step 5: Garnish and Serve: | Garnish with fresh coriander leaves and serve hot with roti or rice. | Step 6: Optional Heat Adjustment: | If you prefer a spicier dish, adjust the red chili powder to taste or add green chilies to the masala. | Step 7: Simmer for Full Flavor: | Let the eggs simmer in the masala for an additional 5 minutes for enhanced flavor absorption. | Step 8: Enjoy: | Enjoy your egg curry hot, perfect with a side of warm naan or steamed rice.",https://res.cloudinary.com/duegxp0u0/image/upload/v1745169210/recipe_uploads/dvdreoehqncjhc7ctvtt.jpg
68395ebfa1f9120d4641a492,Matcha Keto Bites,snack,keto,weight_loss,180.0,1.0,2.0,20.0,0.0,2.0,0.0,10,1,Matcha Keto Bites Matcha Keto Bites Matcha Keto Bites Coconut oil Matcha powder Erythritol keto,"gluten_free,nut_free,egg_free,lactose_free,low_sodium,low_carb,low_sugar,low_cholesterol",Coconut oil (1 tbsp); Matcha powder (⅓ tsp); Erythritol (1 tsp),"Step 1: Prep Coconut oil | Use 1 tbsp of coconut oil as the base. | Step 2: Prepare Matcha powder | Chop or measure ⅓ tsp of matcha powder. | Step 3: Combine Ingredients | Mix the prepared ingredients in a bowl. | Step 4: Add Erythritol | Incorporate 1 tsp of erythritol for flavor. | Step 5: Season | Add salt, pepper, or additional spices as needed. | Step 6: Set Aside | Chill or let the mixture rest for a few minutes if needed. | Step 7: Final Mix | Stir everything together to ensure even coating. | Step 8: Serve | Plate and enjoy your freshly prepared meal.",https://res.cloudinary.com/duegxp0u0/image/upload/v1748524089/x6xfy2hylca4iewsvppz.jpg
68395eeaa1f9120d4641a60d,Masala Apple Oats,breakfast,desi,weight_loss,120.0,3.0,24.0,2.0,4.0,150.0,0.0,12,1,Masala Apple Oats Masala Apple Oats Masala Apple Oats Oats Apple Cinnamon Black Salt Water desi,"nut_free,egg_free,lactose_free,low_sodium,low_sugar,low_cholesterol,dairy_free","Oats (½ cup (40g)); Apple (1 small (100g, chopped or grated)); Cinnamon (½ tsp (1g)); Black Salt (pinch (0.5g)); Water (to taste (assumed 1 cup, 240ml))",Step 1: Cook Oats: | Cook ½ cup oats in water until they become soft and absorb the liquid. | Step 2: Prepare Apples: | Chop 1 small apple into small cubes. | Step 3: Add Cinnamon: | Add ½ tsp of cinnamon powder to the cooked oats for flavor. | Step 4: Add Apples: | Mix the chopped apples into the oats mixture. | Step 5: Season with Black Salt: | Add a pinch of black salt to the oats and apple mixture. | Step 6: Simmer: | Simmer the mixture for 5 minutes on low heat to blend the flavors. | Step 7: Stir Well: | Stir the oats and apple mixture to ensure everything is evenly mixed. | Step 8: Serve: | Serve the masala apple oats warm and enjoy!,https://res.cloudinary.com/duegxp0u0/image/upload/v1745169024/recipe_uploads/yuej7mivfo9nqx4y1akr.jpg
68395eeaa1f9120d4641a679,"Peshawari Grilled Chicken Karahi (Dry, No Butter)",lunch,desi,weight_loss,200.0,26.0,4.0,8.0,1.0,100.0,70.0,40,2,"Peshawari Grilled Chicken Karahi (Dry, No Butter) Peshawari Grilled Chicken Karahi (Dry, No Butter) Peshawari Grilled Chicken Karahi (Dry, No Butter) Chicken Yogurt Garlic Ginger Garam Masala Dried Coriander desi","gluten_free,nut_free,egg_free,low_sodium,low_sugar","Chicken (200g (boneless, skinless, cubed)); Yogurt (2 tbsp (30g)); Garlic (1 tbsp (9g, minced)); Ginger (1 tbsp (6g, grated)); Garam Masala (1 tsp (2g)); Dried Coriander (1 tsp (2g))","Step 1: Marinate Chicken : | Marinate chicken with yogurt, garlic, ginger, garam masala, and dried coriander for at least 1 hour. | Step 2: Preheat Grill : | Preheat your grill to medium-high heat. | Step 3: Grill Chicken : | Grill the marinated chicken until it is cooked through and slightly charred. | Step 4: Check for Doneness : | Ensure the chicken reaches an internal temperature of 165°F (75°C). | Step 5: Rest the Chicken : | Let the grilled chicken rest for a few minutes before serving. | Step 6: Garnish with Fresh Coriander : | Garnish the chicken with fresh coriander. | Step 7: Serve with Lemon Wedges : | Serve the grilled chicken with lemon wedges on the side. | Step 8: Enjoy : | Enjoy your flavorful grilled chicken!",https://res.cloudinary.com/duegxp0u0/image/upload/v1745169105/recipe_uploads/w2xjb5vj1leuvxdb4agb.jpg
68395ec7a1f9120d4641a4ab,Greek Yogurt with Chia Seeds,lunch,vegetarian,weight_loss,290.0,22.0,25.0,12.0,7.0,80.0,20.0,5,2,Greek Yogurt with Chia Seeds Greek Yogurt with Chia Seeds Greek Yogurt with Chia Seeds Greek yogurt Chia seeds Berries vegetarian,"gluten_free,nut_free,egg_free,low_sodium,low_carb,low_cholesterol",Greek yogurt (200g); Chia seeds (20g); Berries (100g),"Step 1: Select a Bowl | Choose a medium-sized bowl for assembling the snack. | Step 2: Add Greek Yogurt | Scoop 200g Greek yogurt into the bowl, spreading it evenly. | Step 3: Measure Chia Seeds | Measure 20g chia seeds and sprinkle them over the yogurt. | Step 4: Mix Yogurt and Seeds | Stir the chia seeds into the yogurt gently to combine evenly. | Step 5: Prepare Berries | Wash 100g mixed berries (e.g., strawberries, blueberries) and pat dry. | Step 6: Add Berries | Place the mixed berries on top of the yogurt-chia mixture. | Step 7: Stir Gently | Lightly stir the berries into the mixture, ensuring some remain visible on top. | Step 8: Serve | Serve immediately for a fresh texture or let sit for 5 minutes to thicken, then enjoy.",https://res.cloudinary.com/duegxp0u0/image/upload/v1748525180/vaxvz71mpqc2yybmrydt.jpg
68395ef0a1f9120d4641a791,Ras Malai with Condensed Milk,breakfast,desi,weight_gain,450.0,12.0,60.0,18.0,0.0,150.0,40.0,25,5,Ras Malai with Condensed Milk Ras Malai with Condensed Milk Ras Malai with Condensed Milk Milk Condensed milk Rasgullas Cardamom Pistachios Saffron Rose water desi,egg_free,Milk (1 liter); Condensed milk (½ cup); Rasgullas (6 pieces); Cardamom (2 pods); Pistachios (1 tbsp); Saffron (small pinch); Rose water (¼ tsp),"Step 1: Gather Ingredients: Collect 1 liter full-fat milk, ½ cup condensed milk, ½ tsp cardamom powder, 8-10 rasgullas (store-bought or homemade), 2 tbsp pistachios (chopped), 1 tsp rose water (optional), and a pinch of saffron (optional). | Step 2: Boil Milk: Pour 1 liter full-fat milk into a wide, heavy-bottomed pan and bring to a boil over medium heat, stirring occasionally to prevent sticking. | Step 3: Add Condensed Milk: Stir in ½ cup condensed milk, reduce heat to low, and simmer for 10-15 minutes, stirring frequently, until the milk thickens slightly. | Step 4: Flavor Milk: Add ½ tsp cardamom powder, 1 tsp rose water (if using), and a pinch of saffron (if using), stirring for 2-3 minutes to infuse the flavors. | Step 5: Add Rasgullas: Gently squeeze 8-10 rasgullas to remove excess syrup, add them to the milk mixture, and simmer for 5-7 minutes, allowing them to soak up the creamy milk. | Step 6: Cool Mixture: Remove from heat, let the ras malai cool to room temperature, then refrigerate for 2-3 hours to chill thoroughly. | Step 7: Garnish and Serve: Spoon the chilled ras malai into bowls, ensuring each serving has rasgullas and milk, garnish with 2 tbsp chopped pistachios, and serve cold.",https://res.cloudinary.com/duegxp0u0/image/upload/v1746813063/baprftg8p1sgosq33fxo.jpg
68395ef0a1f9120d4641a710,Fry Fish with Mint Chutney,snack,desi,weight_gain,270.0,15.0,5.0,15.0,1.0,1080.0,30.0,30,2,Fry Fish with Mint Chutney Fry Fish with Mint Chutney Fry Fish with Mint Chutney Boneless fish Gram flour Garlic paste Cumin powder Red chili powder Salt Lemon juice Oil Mint chutney Mint leaves Green chili Yogurt Turmeric powder Ginger paste Coriander leaves desi,"nut_free,egg_free,low_sugar,low_carb","Boneless fish (200g); Gram flour (¼ cup); Garlic paste (1 tsp); Cumin powder (½ tsp); Red chili powder (¼ tsp); Salt (½ tsp); Lemon juice (1 tbsp); Oil (2 tbsp); Mint chutney (2 tbsp); Mint leaves (¼ cup); Green chili (1); Yogurt (1 tbsp); Turmeric powder (¼ tsp); Ginger paste (½ tsp); Coriander leaves (1 tbsp, chopped)","Step 1: Gather the Ingredients: Collect ½ cup gram flour (besan), 1 tsp garlic paste, 1 tsp cumin powder, 1 tsp red chili powder, 1 tsp salt, 1 tbsp lemon juice, 200g fish fillets (cut into pieces), oil for frying, 1 cup fresh mint leaves, ½ cup yogurt, and 1 green chili for chutney. | Step 2: Prepare the Batter: In a bowl, mix ½ cup gram flour, 1 tsp garlic paste, 1 tsp cumin powder, 1 tsp red chili powder, 1 tsp salt, and 1 tbsp lemon juice with a little water to form a thick, smooth batter. | Step 3: Coat the Fish: Add 200g fish pieces to the batter, ensuring they’re fully coated, and let them marinate for 15 minutes to absorb the flavors. | Step 4: Heat the Oil: Pour enough oil into a deep frying pan to shallow fry, heating it over medium-high heat for 3-4 minutes until hot. | Step 5: Fry the Fish: Carefully place the battered fish pieces into the hot oil and fry for 4-5 minutes per side until golden brown and crispy. | Step 6: Drain Excess Oil: Remove the fish from the pan and place on paper towels to drain any excess oil, keeping them crisp. | Step 7: Make Mint Chutney: Blend 1 cup fresh mint leaves, ½ cup yogurt, 1 green chili, and a pinch of salt into a smooth chutney. | Step 8: Serve Hot: Plate the hot Lahori fry fish and serve with a side of fresh mint chutney for a tangy, spiced meal.",https://res.cloudinary.com/duegxp0u0/image/upload/v1746775921/tdcvb3ciuhe6eyukspdq.jpg
68395ebfa1f9120d4641a487,Keto Almond Flour Waffles,breakfast,keto,weight_gain,420.0,20.0,8.0,38.0,4.0,300.0,260.0,15,1,Keto Almond Flour Waffles Keto Almond Flour Waffles Keto Almond Flour Waffles Almond flour Eggs Butter Baking powder Salt Erythritol keto,"gluten_free,low_carb,low_sugar",Almond flour (100g); Eggs (3); Butter (2 tbsp); Baking powder (1 tsp); Salt (pinch); Erythritol (pinch (optional)),"Step 1: Mix Batter | In a bowl, whisk 100g almond flour, 3 eggs, 1 tsp baking powder, 2 tbsp melted butter, and a pinch of salt. | Step 2: Preheat Iron | Heat a waffle iron and lightly grease with oil. | Step 3: Cook Waffles | Pour batter into waffle iron, cook for 3–5 minutes until golden and crisp. | Step 4: Check Texture | Ensure waffles are firm and cooked through. | Step 5: Cool Slightly | Let waffles cool for 1 minute to crisp up. | Step 6: Garnish | Dust with a pinch of erythritol for sweetness. | Step 7: Serve Prep | Place waffles on a plate. | Step 8: Serve | Serve warm as a hearty breakfast.",https://res.cloudinary.com/duegxp0u0/image/upload/v1748524023/qexjwhioarzvpwlhyl7r.jpg
68395eeaa1f9120d4641a662,Quinoa & Lentil Salad with Olive Oil Dressing,lunch,desi,weight_loss,320.0,12.0,42.0,12.0,10.0,100.0,0.0,20,1,Quinoa & Lentil Salad with Olive Oil Dressing Quinoa & Lentil Salad with Olive Oil Dressing Quinoa & Lentil Salad with Olive Oil Dressing Quinoa Lentils Cucumbers Tomatoes Red Onions Olive Oil Lemon Juice desi,"gluten_free,nut_free,egg_free,lactose_free,low_sodium,low_sugar,low_cholesterol,dairy_free","Quinoa (1/2 cup (85g, dry)); Lentils (1/2 cup (100g, dry, cooked)); Cucumbers (1/2 cup (75g, chopped)); Tomatoes (1/2 cup (90g, chopped)); Red Onions (1/4 cup (40g, chopped)); Olive Oil (2 tbsp (28g)); Lemon Juice (1 tbsp (15ml))","Step 1: Cook Quinoa and Lentils: | Cook 1/2 cup quinoa and 1/2 cup lentils separately in water until tender, then drain any excess water. | Step 2: Prepare the Vegetables: | In a bowl, combine the cooked quinoa and lentils with 1/2 cup chopped cucumbers, tomatoes, and red onions. | Step 3: Make the Dressing: | In a small bowl, whisk together 2 tbsp olive oil, 1 tbsp lemon juice, salt, and pepper until well combined. | Step 4: Toss the Salad: | Pour the dressing over the quinoa-lentil mixture and toss gently to coat all ingredients evenly. | Step 5: Adjust Seasoning: | Taste the salad and adjust salt, pepper, or lemon juice if necessary to suit your preference. | Step 6: Chill the Salad: | Refrigerate the salad for 15-20 minutes if you prefer it chilled, or keep at room temperature. | Step 7: Garnish (Optional): | If desired, garnish the salad with fresh herbs like mint or parsley for extra flavor and color. | Step 8: Serve: | Serve the salad chilled or at room temperature as a refreshing and nutritious dish.",https://res.cloudinary.com/duegxp0u0/image/upload/v1745169073/recipe_uploads/r4s496edkxfvturgglfy.jpg
68395ec7a1f9120d4641a4e1,Masoor Dal with Homemade Chapati,lunch,vegetarian,weight_gain,408.0,15.0,40.0,10.0,8.0,1080.0,0.0,35,1,Masoor Dal with Homemade Chapati Masoor Dal with Homemade Chapati Masoor Dal with Homemade Chapati Masoor dal Onion Tomato Garlic Cumin Red chili powder Ghee Salt Whole wheat flour Turmeric powder Water Coriander leaves Garam masala vegetarian,"nut_free,egg_free,low_sugar,low_cholesterol","Masoor dal (½ cup, soaked); Onion (1, sliced); Tomato (1, chopped); Garlic (1 clove, minced); Cumin (½ tsp); Red chili powder (¼ tsp); Ghee (1 tbsp); Salt (½ tsp); Whole wheat flour (½ cup); Turmeric powder (¼ tsp); Water (¹⁄₆ cup); Coriander leaves (1 tbsp, chopped); Garam masala (¼ tsp)","Step 1: Gather the Ingredients: | Collect 1 cup masoor dal (red lentils), 3 tbsp ghee, 1 chopped onion, 2 garlic cloves (minced), 2 chopped tomatoes, 1 tsp cumin seeds, 1 tsp red chili powder, 1 tsp salt, 2 cups whole wheat flour, water for dough and boiling, and fresh coriander for garnish. | Step 2: Soak and Boil the Dal: | Soak 1 cup masoor dal in water for 30 minutes, then boil in 3 cups water for 20-25 minutes until soft, and set aside. | Step 3: Heat the Ghee: | Melt 3 tbsp ghee in a pan over medium heat for 1-2 minutes until hot and fragrant. | Step 4: Sauté the Onions: | Add 1 chopped onion and sauté for 5-7 minutes, stirring occasionally, until golden brown. | Step 5: Cook the Spices and Tomatoes: | Stir in 2 minced garlic cloves, 2 chopped tomatoes, 1 tsp cumin seeds, 1 tsp red chili powder, and 1 tsp salt, cooking for 5 minutes until the tomatoes soften. | Step 6: Combine with Dal: | Add the boiled masoor dal to the pan, mix well, and simmer on low heat for 10 minutes to blend the flavors. | Step 7: Prepare Homemade Chapati: | Knead 2 cups whole wheat flour with water into a soft dough, roll into chapatis, and cook on a hot tawa for 1-2 minutes per side until lightly browned. | Step 8: Serve Hot: | Garnish the masoor dal with fresh coriander, plate it hot, and serve with warm homemade chapati for a comforting meal.",https://res.cloudinary.com/duegxp0u0/image/upload/v1748525265/uv4ann9mlypsdqlskm4z.jpg
68395ebfa1f9120d4641a455,Spinach & Feta Omelette,breakfast,keto,weight_loss,430.0,28.0,6.0,35.0,1.0,600.0,380.0,15,2,Spinach & Feta Omelette Spinach & Feta Omelette Spinach & Feta Omelette Eggs Spinach Feta Olive oil Salt Black pepper Dill or parsley keto,"gluten_free,nut_free,low_carb,low_sugar",Eggs (4); Spinach (50g); Feta (60g); Olive oil (1 tbsp); Salt (¼ tsp); Black pepper (¼ tsp); Dill or parsley (1 tsp (optional)),"Step 1: Prep Spinach | Chop 50g spinach finely and set aside. | Step 2: Whisk Eggs | In a bowl, whisk 4 eggs with ¼ tsp salt and ¼ tsp black pepper. | Step 3: Add Fillings | Mix spinach and 60g crumbled feta into the eggs. | Step 4: Heat Pan | Heat 1 tbsp olive oil in a non-stick skillet over medium heat. | Step 5: Cook Omelette | Pour egg mixture into skillet, swirling to spread, and cook for 2–3 minutes until edges set. | Step 6: Fold Omelette | Fold omelette in half, cook for 1 minute until fully set. | Step 7: Garnish | Sprinkle with 1 tsp chopped dill or parsley. | Step 8: Serve | Slide onto a plate and serve warm as a light breakfast.",https://res.cloudinary.com/duegxp0u0/image/upload/v1745444786/pxdtmsxlp5ex43xfmnzu.jpg
68395eeaa1f9120d4641a66b,Masala Quinoa with Black Chickpeas,lunch,desi,weight_loss,260.0,10.0,38.0,8.0,8.0,100.0,0.0,45,1,Masala Quinoa with Black Chickpeas Masala Quinoa with Black Chickpeas Masala Quinoa with Black Chickpeas Quinoa Black Chickpeas Onion Tomato Olive Oil desi,"gluten_free,nut_free,egg_free,lactose_free,low_sodium,low_sugar,low_cholesterol,dairy_free","Quinoa (1/2 cup (85g, dry, cooked)); Black Chickpeas (1/2 cup (80g, cooked or canned, drained)); Onion (1 (100g, chopped)); Tomato (1 (150g, chopped)); Olive Oil (1 tbsp (14g))","Step 1: Cook Quinoa and Chickpeas: | Cook 1/2 cup quinoa and 1/2 cup black chickpeas separately until both are tender. | Step 2: Prepare the Masala: | Sauté 1 onion, 1 tomato, 1/2 tsp cumin seeds, and 1/2 tsp garam masala in 1 tbsp olive oil until the onions turn golden and the tomatoes soften. | Step 3: Add Cooked Quinoa and Chickpeas: | Add the cooked quinoa and chickpeas to the masala, stirring to combine the ingredients well. | Step 4: Simmer: | Let the mixture simmer for 5 minutes, allowing the flavors to blend together. | Step 5: Taste and Adjust Seasoning: | Taste the dish and adjust the salt or spices as needed. | Step 6: Garnish (Optional): | Optionally, garnish with fresh coriander leaves for added freshness. | Step 7: Serve: | Serve the dish warm, perfect for a hearty and nutritious meal. | Step 8: Enjoy: | Enjoy the quinoa and chickpea masala as a satisfying meal on its own or with a side of rice or roti.",https://res.cloudinary.com/duegxp0u0/image/upload/v1745169086/recipe_uploads/c3y0yxbleirmm74tru2d.jpg
68395eeaa1f9120d4641a64b,Baked Lemon & Garlic Chicken Thighs,dinner,desi,weight_loss,240.0,20.0,2.0,16.0,0.0,400.0,80.0,40,2,Baked Lemon & Garlic Chicken Thighs Baked Lemon & Garlic Chicken Thighs Baked Lemon & Garlic Chicken Thighs Chicken Thighs Lemon Juice Garlic Olive Oil Salt Black Pepper desi,"gluten_free,nut_free,egg_free,lactose_free,low_sodium,low_sugar,low_carb,dairy_free","Chicken Thighs (200g (boneless, about 2 small thighs)); Lemon Juice (1 tbsp (15ml)); Garlic (2 cloves (6g, minced)); Olive Oil (1 tbsp (14g)); Salt (To taste (assumed 1/2 tsp, 1.5g, not listed but implied)); Black Pepper (To taste (assumed 1/4 tsp, 0.5g, not listed but implied))","Step 1: Gather and Prepare Ingredients : | Collect chicken thighs, lemon juice, minced garlic, olive oil, and your choice of spices such as paprika, oregano, and salt. | Step 2: Create the Marinade : | In a bowl, combine lemon juice, olive oil, minced garlic, and spices, and whisk thoroughly to blend the flavors. | Step 3: Marinate the Chicken Thighs : | Place the chicken thighs in the marinade, ensuring every piece is evenly coated. Cover and refrigerate for at least 30 minutes, or up to 2 hours for deeper flavor. | Step 4: Preheat the Oven : | Set your oven to 375°F (190°C) and allow it to fully preheat, ensuring even cooking. | Step 5: Arrange the Chicken on a Baking Tray : | Line a baking tray with parchment paper or lightly grease it, and place the marinated chicken thighs on the tray in a single layer. | Step 6: Bake the Chicken : | Put the tray into the preheated oven and bake for 25-30 minutes, or until the chicken reaches an internal temperature of 165°F (74°C). | Step 7: Rest and Prepare the Side Dish : | Once baked, let the chicken rest for a few minutes while you prepare a side of steamed vegetables or cooked quinoa. | Step 8: Garnish and Serve : | Plate the chicken thighs alongside your chosen side, garnish with fresh herbs if desired, and serve hot.",https://res.cloudinary.com/duegxp0u0/image/upload/v1745169373/recipe_uploads/lriqews3as9dvpb6honx.jpg
68395eeaa1f9120d4641a6c5,"Baked Moong Dal Khichdi Muffins (Savory Bites, No Oil)",snack,desi,weight_loss,100.0,7.0,18.0,1.0,5.0,200.0,0.0,30,1,"Baked Moong Dal Khichdi Muffins (Savory Bites, No Oil) Baked Moong Dal Khichdi Muffins (Savory Bites, No Oil) Baked Moong Dal Khichdi Muffins (Savory Bites, No Oil) Moong Dal Vegetables Cumin Seeds Salt Water desi","gluten_free,nut_free,egg_free,lactose_free,low_sodium,low_sugar,low_fat,dairy_free","Moong Dal (1/2 cup (100g, dry)); Vegetables (1/2 cup (75g, assumed mixed carrots, peas, and beans, finely chopped)); Cumin Seeds (1 tsp (2g)); Salt (To taste (assumed 1/2 tsp, 1.5g, not listed but implied)); Water (As needed (assumed 1 cup, 240ml, for soaking and batter consistency))","Step 1: Soak the Moong Dal : | Soak the moong dal (yellow split lentils) in water for 3-4 hours to soften them. | Step 2: Grind the Dal : | Drain the soaked dal and grind it into a smooth batter using a food processor or blender. | Step 3: Prepare the Vegetables : | Chop vegetables like carrots and peas into small pieces, ready to be mixed into the batter. | Step 4: Mix the Ingredients : | In a large bowl, combine the ground dal batter with the chopped vegetables, cumin seeds, and spices of your choice. | Step 5: Preheat the Oven : | Preheat the oven to 180°C (350°F) to prepare for baking. | Step 6: Spoon into Muffin Tins : | Spoon the prepared mixture into muffin tins, filling each compartment about halfway. | Step 7: Bake the Muffins : | Place the muffin tins in the preheated oven and bake for 20 minutes or until the muffins turn golden brown. | Step 8: Serve and Enjoy : | Once baked, remove the muffins from the oven, let them cool slightly, and serve as a delicious and nutritious snack!",https://res.cloudinary.com/duegxp0u0/image/upload/v1745169493/recipe_uploads/lnwetxdrvpqpxlhjbgy4.jpg
68395ecea1f9120d4641a539,Tuna and White Bean Salad,snack,non_vegetarian,weight_loss,260.0,34.0,25.0,12.0,7.0,550.0,30.0,15,1,Tuna and White Bean Salad Tuna and White Bean Salad Tuna and White Bean Salad Tuna (canned) White beans (canned) Cherry tomatoes Red onion Olive oil Lemon juice Salt Black pepper Parsley non_vegetarian,"nut_free,egg_free,lactose_free,low_sugar,dairy_free",Tuna (canned) (150g); White beans (canned) (100g); Cherry tomatoes (100g); Red onion (30g); Olive oil (1 tbsp); Lemon juice (1 tbsp); Salt (¼ tsp); Black pepper (¼ tsp); Parsley (5g),"Step 1: Prep Tuna | Drain 100g canned tuna (in water) and flake into a bowl. | Step 2: Prep Vegetables | Dice 50g celery and ¼ avocado (~35g). | Step 3: Mix Dressing | Combine 1 tbsp mayo, ½ tsp lemon juice, and a pinch of salt in a small bowl. | Step 4: Combine Ingredients | Add celery, avocado, and dressing to tuna, mix gently. | Step 5: Check Texture | Ensure salad is creamy but not watery. | Step 6: Season Salad | Sprinkle with a pinch of black pepper for flavor. | Step 7: Garnish | Top with ½ tsp chopped parsley. | Step 8: Serve | Serve fresh or chilled as a light lunch.",https://res.cloudinary.com/duegxp0u0/image/upload/v1748524791/uqay6rwgw6tvxog9mcmy.jpg
68395ecea1f9120d4641a532,Grilled Chicken and Halloumi Salad,snack,non_vegetarian,weight_loss,390.0,42.0,12.0,24.0,3.0,650.0,120.0,25,2,Grilled Chicken and Halloumi Salad Grilled Chicken and Halloumi Salad Grilled Chicken and Halloumi Salad Chicken breast Halloumi Mixed greens Lemon vinaigrette Olive oil Salt Black pepper Mustard Dill non_vegetarian,"nut_free,egg_free,low_carb,low_sugar","Chicken breast (200g); Halloumi (100g); Mixed greens (150g); Lemon vinaigrette (2 tbsp); Olive oil (2 tsp); Salt (¼ tsp); Black pepper (¼ tsp); Mustard (¼ tsp (optional, for vinaigrette)); Dill (1 tsp (optional))","Step 1: Prepare Chicken | Cut 200g chicken breast into 1-inch strips, season with ¼ tsp salt and ¼ tsp black pepper. | Step 2: Prepare Halloumi | Slice 100g halloumi into ¼-inch thick pieces and pat dry. | Step 3: Heat Grill | Preheat a grill pan or outdoor grill to medium-high heat, brushing with 1 tsp olive oil. | Step 4: Grill Chicken | Grill chicken strips for 4–5 minutes per side until cooked through (165°F/74°C), then set aside. | Step 5: Grill Halloumi | Grill halloumi slices for 2–3 minutes per side until golden with grill marks, then set aside. | Step 6: Prepare Greens | Wash and dry 150g mixed greens, placing them in a large bowl. | Step 7: Make Dressing | Whisk 2 tbsp lemon vinaigrette (or mix 1 tbsp lemon juice, 1 tbsp olive oil, ¼ tsp mustard) in a small bowl. | Step 8: Assemble and Serve | Toss greens with dressing, top with chicken and halloumi, sprinkle with 1 tsp chopped dill, and serve fresh as a light lunch.",https://res.cloudinary.com/duegxp0u0/image/upload/v1748524701/kwpk1ylkvjsnxfiujja2.jpg
68395ebfa1f9120d4641a46f,Butter Lobster,breakfast,keto,weight_gain,400.0,33.0,2.0,30.0,0.0,600.0,200.0,30,2,Butter Lobster Butter Lobster Butter Lobster Lobster tail Butter Garlic Lemon Black pepper Parsley keto,"gluten_free,nut_free,egg_free,low_carb,low_sugar",Lobster tail (175g); Butter (2 tbsp); Garlic (1½ cloves); Lemon (¼ (~10g juice)); Black pepper (pinch); Parsley (½ tsp (optional)),"Step 1: Prep Lobster | Remove 175g lobster tail meat from shell, pat dry. | Step 2: Melt Butter | In a small saucepan, melt 2 tbsp butter over low heat. | Step 3: Add Garlic | Add 1½ minced garlic cloves, cook for 1 minute until fragrant. | Step 4: Poach Lobster | Add lobster to butter, poach gently for 6–8 minutes, turning occasionally, until opaque. | Step 5: Add Lemon | Squeeze in juice from ¼ lemon (~10g), stir gently. | Step 6: Season Dish | Sprinkle with a pinch of black pepper. | Step 7: Garnish | Top with ½ tsp chopped parsley for freshness. | Step 8: Serve | Serve hot with butter sauce as a rich dinner.",https://res.cloudinary.com/duegxp0u0/image/upload/v1748523935/yasokyukttfmixgiqqto.jpg
68395ec7a1f9120d4641a4a9,Egg White & Spinach Scramble,breakfast,vegetarian,weight_loss,220.0,28.0,8.0,7.0,2.0,400.0,0.0,15,2,Egg White & Spinach Scramble Egg White & Spinach Scramble Egg White & Spinach Scramble Egg whites Spinach Olive oil Salt Black pepper vegetarian,"gluten_free,nut_free,lactose_free,low_carb,low_sugar,low_cholesterol,dairy_free",Egg whites (6); Spinach (100g); Olive oil (1 tsp); Salt (1 pinch); Black pepper (1/2 tsp),"Step 1: Prepare Spinach | Wash 100g spinach thoroughly and pat dry with a paper towel. | Step 2: Heat Oil | Heat 1 tsp olive oil in a non-stick pan over medium heat. | Step 3: Sauté Spinach | Add the spinach to the pan and sauté for 2–3 minutes until wilted, then remove and set aside. | Step 4: Prepare Egg Whites | Separate 6 egg whites into a bowl, discarding the yolks or saving for another use. | Step 5: Whisk Egg Whites | Lightly whisk the egg whites with a pinch of salt and 1/2 tsp black pepper. | Step 6: Cook Egg Whites | Pour the egg whites into the same pan over low heat, stirring gently with a spatula. | Step 7: Combine with Spinach | Add the sautéed spinach back to the pan, mixing it with the egg whites, and cook for 2–3 minutes until set. | Step 8: Serve | Transfer to a plate, season with an additional pinch of salt if needed, and serve warm.",https://res.cloudinary.com/duegxp0u0/image/upload/v1748525102/iy1tunsgeywbvijjsxvk.jpg
68395ed6a1f9120d4641a54c,Roasted Pepper Soup,lunch,mediterranean,weight_loss,200.0,2.0,17.0,14.0,4.0,509.0,0.0,25,2,Roasted Pepper Soup Roasted Pepper Soup Roasted Pepper Soup Red peppers Garlic Vegetable stock Olive oil mediterranean,"gluten_free,nut_free,egg_free,lactose_free,low_carb,low_sugar,low_cholesterol,dairy_free",Red peppers (200g); Garlic (2 cloves); Vegetable stock (250ml); Olive oil (1 tbsp),"Step 1: Preheat Oven | Set the oven to 200°C to preheat for roasting the peppers. |  | Step 2: Prepare Peppers | Wash 200g red peppers, halve them, and remove seeds and stems. |  | Step 3: Roast Peppers | Place peppers cut-side down on a baking sheet, drizzle with 1 tbsp olive oil, and roast for 20 minutes until soft. |  | Step 4: Prep Garlic | Peel 2 garlic cloves and wrap in foil, roasting alongside peppers for 10 minutes. |  | Step 5: Cool Peppers | Let roasted peppers cool slightly, then peel off charred skins for a smoother soup. |  | Step 6: Blend Ingredients | In a blender, combine roasted peppers, garlic, and 250ml vegetable stock. |  | Step 7: Heat Soup | Pour the blended mixture into a pot and warm over medium heat for 5 minutes. |  | Step 8: Serve Hot | Taste, add salt if needed, and serve the soup hot in a bowl for lunch.",https://res.cloudinary.com/duegxp0u0/image/upload/v1748524449/bhr7a1f7aqayfjct2k3w.jpg
68395eeaa1f9120d4641a616,Cucumber Mint Sandwich,breakfast,desi,weight_loss,80.0,2.0,14.0,2.0,3.0,200.0,0.0,10,2,Cucumber Mint Sandwich Cucumber Mint Sandwich Cucumber Mint Sandwich Cucumber Mint Chutney Tomato Onion Salt Chaat Masala desi,"gluten_free,nut_free,egg_free,lactose_free,low_sodium,low_sugar,low_cholesterol,dairy_free","Cucumber (1 (150g, sliced)); Mint Chutney (2 tbsp (30g)); Tomato (1 (150g, chopped)); Onion (1 (100g, chopped)); Salt (optional (assumed 0.5g, pinch)); Chaat Masala (optional (assumed ½ tsp, 1g))","Step 1: Prepare Cucumber: | Slice 1 cucumber into thin rounds. | Step 2: Prepare Filling: | Chop 1 tomato and 1 onion into small pieces. | Step 3: Spread Mint Chutney: | Take 2 tbsp of mint chutney and spread a small amount on each cucumber slice. | Step 4: Add Tomato: | Place a few pieces of chopped tomato on top of the chutney. | Step 5: Add Onion: | Place a few pieces of chopped onion on top of the tomato. | Step 6: Assemble: | Top with another cucumber slice to form a sandwich. | Step 7: Repeat: | Continue filling and layering the cucumber slices with chutney, tomato, and onion. | Step 8: Serve: | Chill the cucumber bites and serve as a refreshing snack.",https://res.cloudinary.com/duegxp0u0/image/upload/v1745169041/recipe_uploads/tslmyrqcbgdsld0j2ir4.jpg
68395eeaa1f9120d4641a66d,Lentil & Cabbage Stir-Fry with Mustard Seeds,lunch,desi,weight_loss,180.0,10.0,22.0,8.0,8.0,100.0,0.0,40,1,Lentil & Cabbage Stir-Fry with Mustard Seeds Lentil & Cabbage Stir-Fry with Mustard Seeds Lentil & Cabbage Stir-Fry with Mustard Seeds Lentils Cabbage Mustard Seeds Olive Oil desi,"gluten_free,nut_free,egg_free,lactose_free,low_sodium,low_sugar,low_cholesterol,dairy_free","Lentils (1/2 cup (100g, dry, cooked)); Cabbage (1/2 cup (50g, shredded)); Mustard Seeds (1 tsp (2g)); Olive Oil (1 tbsp (14g))","Step 1: Cook the Lentils: | Cook 1/2 cup lentils in water until soft and tender. | Step 2: Heat Oil and Mustard Seeds: | Heat 1 tbsp oil in a pan, add 1 tsp mustard seeds, and sauté until they pop. | Step 3: Add Cabbage and Lentils: | Add chopped cabbage and the cooked lentils to the pan, stir well. | Step 4: Cook the Mixture: | Cook for 10 minutes, stirring occasionally, until the cabbage is tender. | Step 5: Season with Salt: | Add salt to taste and mix well to combine the flavors. | Step 6: Simmer: | Let the mixture simmer for a few minutes to ensure the seasoning is well absorbed. | Step 7: Check Consistency: | Ensure the dish has the desired consistency; if too dry, add a little water and simmer. | Step 8: Serve Hot: | Serve the cabbage and lentil dish hot as a comforting and nutritious meal.",https://res.cloudinary.com/duegxp0u0/image/upload/v1745169089/recipe_uploads/hidaoj2mdxtrkbskrcaq.jpg
68395ec7a1f9120d4641a4ac,Mushroom & Spinach Lasagna,lunch,vegetarian,weight_gain,620.0,32.0,55.0,35.0,6.0,900.0,70.0,55,2,Mushroom & Spinach Lasagna Mushroom & Spinach Lasagna Mushroom & Spinach Lasagna Lasagna sheets Mushrooms Spinach Ricotta Marinara sauce Olive oil Salt Black pepper Oregano vegetarian,"nut_free,egg_free,low_sugar",Lasagna sheets (10); Mushrooms (200g); Spinach (150g); Ricotta (200g); Marinara sauce (150ml); Olive oil (2 tsp); Salt (1/2 tsp); Black pepper (1/2 tsp); Oregano (1 tsp),"Step 1: Preheat Oven | Preheat the oven to 180°C and lightly grease a baking dish with 1 tsp olive oil. | Step 2: Prepare Mushrooms | Clean and slice 200g mushrooms, then sauté in 1 tsp olive oil over medium heat for 5–7 minutes until soft. | Step 3: Cook Spinach | Wash 150g spinach, add to the mushrooms, and cook for 2–3 minutes until wilted, then set aside. | Step 4: Season Vegetables | Season the mushroom-spinach mixture with 1/2 tsp salt and 1/2 tsp black pepper, then drain any excess liquid. | Step 5: Prepare Ricotta | In a bowl, mix 200g ricotta cheese with 1 tsp dried oregano for added flavor. | Step 6: Layer Lasagna | Spread 50ml marinara sauce in the baking dish, layer 3–4 lasagna sheets, add a portion of the vegetable mixture, ricotta, and another 50ml sauce; repeat for 2–3 layers, using 10 sheets total. | Step 7: Bake Lasagna | Cover with foil and bake for 30 minutes, then uncover and bake for 10 more minutes until golden. | Step 8: Serve | Let the lasagna rest for 10 minutes, then slice and serve warm.",https://res.cloudinary.com/duegxp0u0/image/upload/v1748525306/kwycanfozhnzezlyzsjn.jpg
68395ef0a1f9120d4641a746,Aloo Paratha with Butter & Lassi,breakfast,desi,weight_gain,480.0,10.0,50.0,15.0,5.0,1080.0,20.0,40,2,Aloo Paratha with Butter & Lassi Aloo Paratha with Butter & Lassi Aloo Paratha with Butter & Lassi Whole wheat flour Boiled potato Green chili Coriander Cumin seeds Salt Butter Ghee Yogurt Lassi Water Red chili powder Sugar Water desi,"nut_free,egg_free",Whole wheat flour (1 cup); Boiled potato (1 medium); Green chili (1); Coriander (1 tbsp); Cumin seeds (½ tsp); Salt (1 tsp); Butter (1 tbsp); Ghee (1 tsp); Yogurt (2 tbsp); Lassi (1 glass); Water (as needed); Red chili powder (¼ tsp); Sugar (1 tsp (for lassi)); Water (¼ cup (for dough)),"Step 1: Gather Ingredients: Collect 2 cups whole wheat flour, 1 cup water (for dough), 2 boiled potatoes, 1 green chili (chopped), 2 tbsp coriander (chopped), 1 tsp cumin seeds, 1 tsp salt, 2 tbsp ghee (for cooking), 1 tbsp butter, 1 cup yogurt, 1 cup water (for lassi), and 1 tsp sugar. | Step 2: Knead Dough: In a bowl, mix 2 cups whole wheat flour with 1 cup water, kneading for 5-7 minutes until a soft, smooth dough forms, then cover and rest for 15 minutes. | Step 3: Prepare Filling: Mash 2 boiled potatoes in a bowl, add 1 chopped green chili, 2 tbsp chopped coriander, 1 tsp cumin seeds, and 1 tsp salt, mixing well to combine. | Step 4: Shape Dough Balls: Divide the dough into 4-6 equal balls, rolling each into a small circle about 3 inches wide. | Step 5: Stuff Paratha: Place 1-2 tbsp of the potato filling in the center of each dough circle, pinch the edges to seal, and gently flatten. | Step 6: Roll Out: Dust with flour and roll each stuffed ball into a 6-7 inch circle, keeping the filling intact. | Step 7: Cook Paratha: Heat a tawa over medium heat, place the paratha on it, cook for 1-2 minutes per side, adding ½ tbsp ghee per side until golden and crisp. | Step 8: Make Lassi and Serve: Blend 1 cup yogurt with 1 cup water and 1 tsp sugar until smooth, chill, serve the hot paratha with 1 tbsp butter on top and lassi on the side.",https://res.cloudinary.com/duegxp0u0/image/upload/v1746770523/yf3tvwzb1ttnm0otjodi.jpg
68395ef0a1f9120d4641a71d,Chicken Saagwala with Tandoori Roti,lunch,desi,weight_gain,390.0,20.0,20.0,10.0,3.0,1090.0,40.0,50,2,Chicken Saagwala with Tandoori Roti Chicken Saagwala with Tandoori Roti Chicken Saagwala with Tandoori Roti Chicken Spinach Onion Tomato Garlic paste Cumin powder Red chili powder Salt Tandoori roti Whole wheat flour Ghee Water Ginger paste Coriander leaves Turmeric powder Water desi,"nut_free,egg_free,low_sugar","Chicken (200g, cubed); Spinach (1 cup, chopped); Onion (1, chopped); Tomato (1, chopped); Garlic paste (1 tsp); Cumin powder (½ tsp); Red chili powder (½ tsp); Salt (½ tsp); Tandoori roti (1); Whole wheat flour (¼ cup); Ghee (1 tsp); Water (2 tbsp); Ginger paste (½ tsp); Coriander leaves (1 tbsp, chopped); Turmeric powder (¼ tsp); Water (½ cup (for curry))","Step 1: Gather Ingredients: Collect 2 tbsp oil, 1 chopped onion, 2 garlic cloves (minced), 2 chopped tomatoes, 1 tsp cumin powder, 1 tsp red chili powder, 1 tsp salt, 200g chicken (cut into pieces), 2 cups spinach, and tandoori roti. | Step 2: Heat Oil: Pour 2 tbsp oil into a pan and heat over medium heat for 1-2 minutes. | Step 3: Sauté Onions and Garlic: Add 1 chopped onion and 2 minced garlic cloves, sautéing for 5-7 minutes until golden. | Step 4: Cook Base: Stir in 2 chopped tomatoes, 1 tsp cumin powder, 1 tsp red chili powder, and 1 tsp salt, cooking for 5 minutes until soft. | Step 5: Cook Chicken: Add 200g chicken pieces, stir well, and cook for 20-25 minutes until tender. | Step 6: Add Spinach: Blend 2 cups spinach into a puree, stir into the chicken, and simmer for 5 minutes. | Step 7: Serve with Tandoori Roti: Plate the chicken saagwala and serve hot with warm tandoori roti.",https://res.cloudinary.com/duegxp0u0/image/upload/v1746778287/eyc6mfecr8nfhg8836kq.jpg
68395ec7a1f9120d4641a4d7,Egg White Veggie Scramble,breakfast,vegetarian,weight_loss,250.0,28.0,15.0,10.0,4.0,400.0,0.0,20,2,Egg White Veggie Scramble Egg White Veggie Scramble Egg White Veggie Scramble Egg whites Mixed vegetables Olive oil Salt Black pepper Paprika Parsley vegetarian,"gluten_free,nut_free,lactose_free,low_carb,low_sodium,low_sugar,low_cholesterol,dairy_free",Egg whites (6); Mixed vegetables (200g); Olive oil (1 tsp); Salt (1/4 tsp); Black pepper (1/4 tsp); Paprika (1 pinch (optional)); Parsley (1 tsp (optional)),"Step 1: Prepare Vegetables | Wash and dice 200g mixed vegetables (e.g., bell peppers, onions, zucchini) into small pieces. | Step 2: Heat Oil | Heat 1 tsp olive oil in a non-stick skillet over medium heat. | Step 3: Sauté Vegetables | Add mixed vegetables to the skillet and sauté for 5–7 minutes until softened and slightly golden. | Step 4: Prepare Egg Whites | Separate 6 eggs to collect the whites (or use 180ml liquid egg whites) in a bowl. | Step 5: Season Egg Whites | Whisk 1/4 tsp salt and 1/4 tsp black pepper into the egg whites for flavor. | Step 6: Scramble Egg Whites | Pour egg whites into the skillet with the vegetables, stirring gently for 3–4 minutes until just set. | Step 7: Adjust Seasoning | Taste and add a pinch of paprika (optional) for a smoky kick, if desired. | Step 8: Serve | Transfer the scramble to a plate, garnish with 1 tsp chopped parsley if desired, and serve warm as a light breakfast.",https://res.cloudinary.com/duegxp0u0/image/upload/v1748525102/mea86pxqoapwnzj58ho8.jpg
68395ed6a1f9120d4641a57c,Lemon Herb Ice Cubes,snack,mediterranean,weight_loss,100.0,0.0,2.0,0.0,0.0,4.0,0.0,5,1,Lemon Herb Ice Cubes Lemon Herb Ice Cubes Lemon Herb Ice Cubes Lemon juice Mint Basil mediterranean,"gluten_free,nut_free,egg_free,lactose_free,low_sodium,low_carb,low_sugar,low_cholesterol,dairy_free",Lemon juice (30ml); Mint (5g); Basil (5g),"Step 1: Juice Lemon | Cut 1 lemon (about 60g) in half and squeeze to extract 30ml of juice, removing seeds. |  | Step 2: Prep Mint | Wash 5g fresh mint leaves, pat dry, and finely chop. |  | Step 3: Prep Basil | Wash 5g fresh basil leaves, pat dry, and finely chop. |  | Step 4: Mix Ingredients | In a small bowl, combine lemon juice, chopped mint, and chopped basil. |  | Step 5: Fill Tray | Pour the mixture evenly into an ice cube tray, filling each slot about halfway (makes ~6 cubes). |  | Step 6: Freeze Cubes | Place the tray in the freezer for 4-5 hours until fully frozen. |  | Step 7: Remove Cubes | Pop out 2-3 ice cubes from the tray once frozen. |  | Step 8: Serve Cold | Place cubes in a glass of water or eat directly as a refreshing snack.",https://res.cloudinary.com/duegxp0u0/image/upload/v1748524393/ppzqyphggjxf0zks4ioq.jpg
68395eeaa1f9120d4641a5e8,Buckwheat Roti with Mint Yogurt Dip,snack,desi,weight_loss,200.0,8.0,34.0,4.0,5.0,180.0,5.0,45,1,Buckwheat Roti with Mint Yogurt Dip Buckwheat Roti with Mint Yogurt Dip Buckwheat Roti with Mint Yogurt Dip Buckwheat Flour Yogurt Mint Salt Water desi,"gluten_free,nut_free,egg_free,low_sodium,low_sugar,low_cholesterol","Buckwheat Flour (1 cup (120g)); Yogurt (1/2 cup (120g)); Mint (1 tbsp (3g)); Salt (as needed (0.5g, pinch)); Water (as needed (assumed 1/2 cup, 120ml))","Step 1: Mix Buckwheat Flour and Water : | Combine buckwheat flour with enough water to form a smooth, pliable dough. | Step 2: Rest the Dough : | Let the dough rest for 10–15 minutes to make it easier to roll. | Step 3: Shape the Dough : | Divide the dough into small balls and flatten each one using a rolling pin. | Step 4: Heat the Griddle : | Preheat a griddle or tawa over medium-high heat until hot. | Step 5: Cook the Flatbreads : | Place each rolled flatbread on the hot griddle and cook both sides until brown spots appear. | Step 6: Prepare the Mint Yogurt Dip : | In a bowl, mix fresh yogurt, chopped mint leaves, and a pinch of salt. | Step 7: Chill the Dip : | Refrigerate the mint yogurt dip for a few minutes to enhance flavor. | Step 8: Serve and Enjoy : | Serve the warm buckwheat rotis with the chilled mint yogurt dip.",https://res.cloudinary.com/duegxp0u0/image/upload/v1745168955/recipe_uploads/unjv0tbminfphcam7qjy.jpg
68395ed6a1f9120d4641a581,Steamed Lemon Broccoli,snack,mediterranean,weight_loss,90.0,3.0,9.0,5.0,3.0,40.0,0.0,15,1,Steamed Lemon Broccoli Steamed Lemon Broccoli Steamed Lemon Broccoli Broccoli Lemon juice Olive oil mediterranean,"gluten_free,nut_free,egg_free,lactose_free,low_sodium,low_carb,low_sugar,low_cholesterol,dairy_free",Broccoli (120g); Lemon juice (15ml); Olive oil (5ml),"Step 1: Wash Broccoli | Rinse 120g broccoli under cold water and cut into bite-sized florets. |  | Step 2: Prep Steamer | Fill a pot with 2cm of water, place a steamer basket inside, and bring to a boil. |  | Step 3: Steam Broccoli | Add broccoli florets to the steamer basket, cover, and steam for 8 minutes until tender. |  | Step 4: Juice Lemon | Squeeze half a lemon (about 30g) to extract 15ml juice, removing seeds. |  | Step 5: Cool Broccoli | Remove broccoli from the steamer and transfer to a serving bowl to cool slightly. |  | Step 6: Add Oil | Drizzle 5ml olive oil over the steamed broccoli for flavor. |  | Step 7: Drizzle Lemon | Pour the 15ml lemon juice evenly over the broccoli and toss gently. |  | 8: Serve Warm | Serve the broccoli warm as a light, refreshing snack.",https://res.cloudinary.com/duegxp0u0/image/upload/v1748524449/wjyr4cahkuic7tp0vyjy.jpg
68395ec7a1f9120d4641a4d9,Homemade Soya Bean Kebab with Yogurt,dinner,vegetarian,weight_gain,258.0,15.0,20.0,10.0,5.0,1080.0,5.0,40,4,Homemade Soya Bean Kebab with Yogurt Homemade Soya Bean Kebab with Yogurt Homemade Soya Bean Kebab with Yogurt Soya granules Potatoes Onions Green chilies Ginger-garlic paste Cumin powder Garam masala Salt Cooking oil Yogurt Coriander leaves Bread crumbs Red chili powder Lemon juice Coriander powder vegetarian,"nut_free,egg_free,low_sugar,low_carb,low_cholesterol","Soya granules (1 cup); Potatoes (1 medium, boiled & mashed); Onions (1 large, chopped); Green chilies (2, chopped); Ginger-garlic paste (1 tbsp); Cumin powder (½ tsp); Garam masala (½ tsp); Salt (1 tsp); Cooking oil (2 tbsp); Yogurt (½ cup); Coriander leaves (2 tbsp, chopped); Bread crumbs (¼ cup); Red chili powder (½ tsp); Lemon juice (1 tsp); Coriander powder (½ tsp)","Step 1: Gather the Ingredients: | Collect 1 cup soya granules, 1 boiled mashed potatoes, 1 chopped onion, 2 green chilies (chopped), 1 tsp ginger-garlic paste, 1 tsp red chili powder, 1 tsp garam masala, 1 tsp salt, 3 tbsp oil, and plain yogurt for serving. | Step 2: Soak the Soya Granules: | Place 1 cup soya granules in a bowl, cover with warm water, soak for 10 minutes, then drain and squeeze out excess water. | Step 3: Prepare the Mixture: | In a bowl, combine the soaked soya granules, 2 mashed potatoes, 1 chopped onion, 2 chopped green chilies, 1 tsp ginger-garlic paste, 1 tsp red chili powder, 1 tsp garam masala, and 1 tsp salt, mixing well. | Step 4: Shape the Kebabs: | Take small portions of the mixture and shape into round or oval kebabs, pressing firmly to ensure they hold together. | Step 5: Heat the Oil: | Pour 3 tbsp oil into a frying pan and heat over medium heat for 2-3 minutes until hot. | Step 6: Shallow Fry the Kebabs: | Place the kebabs in the pan and fry for 4-5 minutes on each side until golden brown and crispy. | Step 7: Check for Doneness: | Ensure the kebabs are cooked through and have a firm, golden exterior; remove from the pan and drain on paper towels. | Step 8: Serve with Yogurt: | Plate the hot soya bean kebabs and serve with a side of plain yogurt for a light, savory meal.",https://res.cloudinary.com/duegxp0u0/image/upload/v1748525266/wbbnqwtz29dvibz823hb.jpg
68395eeaa1f9120d4641a670,"Beef & Okra Stir-Fry (High Fiber, Low fats)",lunch,desi,weight_loss,280.0,24.0,12.0,14.0,4.0,100.0,70.0,30,2,"Beef & Okra Stir-Fry (High Fiber, Low fats) Beef & Okra Stir-Fry (High Fiber, Low fats) Beef & Okra Stir-Fry (High Fiber, Low fats) Beef Okra Onion Tomato Cumin, Turmeric, Chili Powder desi","gluten_free,nut_free,egg_free,lactose_free,low_sodium,low_sugar","Beef (200g (lean, cubed)); Okra (1 cup (100g, sliced)); Onion (1 medium (100g, chopped)); Tomato (1 medium (150g, chopped)); Cumin, Turmeric, Chili Powder (1 tsp each (6g total))","Step 1: Prepare the Ingredients: | Slice beef into thin strips and set aside. Chop okra, onions, and tomatoes. | Step 2: Sauté the Beef: | Heat a pan with minimal oil and sauté the beef strips until lightly browned. | Step 3: Add the Vegetables: | Add the chopped okra, onions, and tomatoes to the pan with the beef. | Step 4: Season with Spices: | Add cumin, turmeric, chili powder, and salt to taste, mixing well. | Step 5: Stir Occasionally: | Stir the mixture occasionally to ensure even cooking and prevent sticking. | Step 6: Cook for 15 Minutes: | Let the beef and vegetables cook for 15 minutes, allowing the flavors to blend. | Step 7: Check for Tenderness: | Check the beef and okra for tenderness and adjust seasoning if needed. | Step 8: Serve Hot: | Serve the beef and okra mixture hot with roti or rice.",https://res.cloudinary.com/duegxp0u0/image/upload/v1745169093/recipe_uploads/vs5un6rfojxubkxjb27e.jpg
68395eeaa1f9120d4641a602,Low-fats Vegetable Daliya,breakfast,desi,weight_loss,140.0,4.0,24.0,4.0,6.0,160.0,0.0,30,1,Low-fats Vegetable Daliya Low-fats Vegetable Daliya Low-fats Vegetable Daliya Daliya (Broken Wheat) Carrot French Beans Green Peas Onion Green Chili Olive Oil Cumin Salt Turmeric desi,"nut_free,egg_free,lactose_free,low_sodium,low_sugar,low_cholesterol,dairy_free","Daliya (Broken Wheat) (¼ cup (40g, dry)); Carrot (1 (60g, chopped)); French Beans (4 (20g, chopped)); Green Peas (2 tbsp (20g)); Onion (1 (100g, chopped)); Green Chili (1 (5g, chopped)); Olive Oil (1 tsp (5g)); Cumin (¼ tsp (0.5g)); Salt (to taste (0.5g, pinch)); Turmeric (to taste (assumed ¼ tsp, 0.5g))","Step 1: Rinse Broken Wheat: | Rinse ¼ cup broken wheat under water to remove any excess starch. | Step 2: Boil Broken Wheat: | Boil the rinsed broken wheat in 1 cup of water until it becomes soft. | Step 3: Heat Olive Oil: | Heat 1 tsp olive oil in a pan over medium heat. | Step 4: Sauté Spices and Veggies: | Add cumin seeds to the pan and sauté onions and green chili until the onions become soft. | Step 5: Add Vegetables: | Add carrots, beans, and peas to the pan, and cook for about 5 minutes until they soften. | Step 6: Add Boiled Daliya: | Add the boiled broken wheat (daliya) to the pan, along with salt and turmeric. Mix well. | Step 7: Cook Together: | Cook everything together until the mixture thickens and all ingredients are well combined. | Step 8: Garnish and Serve: | Garnish with fresh coriander and serve hot.",https://res.cloudinary.com/duegxp0u0/image/upload/v1745168997/recipe_uploads/jzclptrk8apod3sw9kvd.jpg
68395eeaa1f9120d4641a6d9,Cucumber & Mint Raita with Roasted Zeera,snack,desi,weight_loss,50.0,3.0,5.0,2.0,1.0,200.0,5.0,10,1,Cucumber & Mint Raita with Roasted Zeera Cucumber & Mint Raita with Roasted Zeera Cucumber & Mint Raita with Roasted Zeera Cucumber Yogurt Mint Leaves Roasted Cumin Powder Salt desi,"gluten_free,nut_free,egg_free,low_sodium,low_sugar,low_fat,low_carb","Cucumber (1/2 medium (100g, grated or finely chopped)); Yogurt (1/2 cup (120g)); Mint Leaves (2 tbsp (6g, chopped)); Roasted Cumin Powder (1/2 tsp (1g)); Salt (To taste (assumed 1/4 tsp, 0.75g, not listed but implied))","Step 1: Grate the Cucumber : | Grate the cucumber (کھیرہ) and squeeze out any excess water to prevent the raita from becoming too watery. | Step 2: Mix with Yogurt and Spices : | In a bowl, mix the grated cucumber with yogurt (دہی), chopped mint leaves (پودینہ), roasted cumin powder (بھنا ہوا زیرہ), black salt, and a pinch of red chili powder. | Step 3: Stir Well : | Stir the mixture well to ensure the flavors are evenly combined. | Step 4: Taste and Adjust : | Taste the raita and adjust the seasoning by adding more salt or chili powder if needed. | Step 5: Chill the Raita : | Place the raita in the refrigerator for about 30 minutes to chill and allow the flavors to meld together. | Step 6: Garnish with Mint Leaves : | Once chilled, garnish the raita with additional fresh mint leaves (پودینہ) for a refreshing aroma. | Step 7: Serve Chilled : | Serve the cucumber and mint raita as a side dish with your meal. | Step 8: Enjoy : | Enjoy this cool and refreshing raita, perfect for hot weather or as a complement to spicy dishes!",https://res.cloudinary.com/duegxp0u0/image/upload/v1745169541/recipe_uploads/r73afrra80dtaeszyurl.jpg
68395ebfa1f9120d4641a464,Keto Fathead Pizza,dinner,keto,weight_gain,580.0,19.0,4.0,24.0,2.0,600.0,60.0,40,1,Keto Fathead Pizza Keto Fathead Pizza Keto Fathead Pizza Almond flour Mozzarella Pepperoni Tomato paste Egg Cream cheese Basil keto,"gluten_free,low_carb,low_sugar",Almond flour (50g); Mozzarella (100g); Pepperoni (25g); Tomato paste (1 tbsp); Egg (½); Cream cheese (1 tbsp); Basil (½ tsp (optional)),"Step 1: Preheat Oven | Preheat oven to 200°C. | Step 2: Melt Cheese | Melt 100g mozzarella with 1 tbsp cream cheese in a microwave for 1 minute. | Step 3: Make Dough | Mix melted cheese with 50g almond flour and ½ egg until a dough forms. | Step 4: Shape Crust | Roll dough between parchment into a thin round, place on a baking sheet. | Step 5: Bake Crust | Bake crust for 8–10 minutes until golden, then remove. | Step 6: Add Toppings | Spread 1 tbsp tomato paste, add 100g mozzarella and 25g pepperoni. | Step 7: Bake Pizza | Bake for 8–10 minutes until cheese melts. | Step 8: Serve | Garnish with ½ tsp basil, slice, and serve hot as a hearty dinner.",https://res.cloudinary.com/duegxp0u0/image/upload/v1748524024/kghscdxqnwku1auww00b.jpg
68395eeaa1f9120d4641a64f,"Chicken Malai Boti (Made with Greek Yogurt, No Cream)",dinner,desi,weight_loss,220.0,26.0,6.0,10.0,1.0,400.0,70.0,40,2,"Chicken Malai Boti (Made with Greek Yogurt, No Cream) Chicken Malai Boti (Made with Greek Yogurt, No Cream) Chicken Malai Boti (Made with Greek Yogurt, No Cream) Boneless Chicken Cubes Greek Yogurt Lemon Juice Cumin Powder Coriander Powder Garam Masala Red Chili Powder Black Pepper Salt Oil desi","gluten_free,nut_free,egg_free,low_sodium,low_sugar,low_carb","Boneless Chicken Cubes (200g); Greek Yogurt (1/2 cup (120g)); Lemon Juice (1 tbsp (15ml)); Cumin Powder (1 tsp (2g)); Coriander Powder (1 tsp (2g)); Garam Masala (1/2 tsp (1g)); Red Chili Powder (1/2 tsp (1g)); Black Pepper (1/2 tsp (1g)); Salt (To taste (assumed 1/2 tsp, 1.5g)); Oil (As needed (assumed 1 tsp, 5g, for grilling, not listed but implied))","Step 1: Prepare the Marinade : | In a bowl, mix 1/2 cup Greek yogurt, 1 tbsp lemon juice, 1 tsp ginger-garlic paste, and 1/2 tsp salt. | Step 2: Add Spices and Coat the Chicken : | Add 1 tsp cumin powder, 1 tsp coriander powder, 1/2 tsp garam masala, 1/2 tsp red chili powder, and 1/2 tsp black pepper. Coat the chicken pieces evenly with this mixture. | Step 3: Marinate : | Let the chicken rest for at least 30 minutes to absorb the flavors. | Step 4: Preheat the Grill : | Preheat the grill to medium heat for optimal cooking. | Step 5: Grill the Chicken : | Place the chicken pieces on the grill and cook for 10-12 minutes, flipping halfway through to ensure they are cooked evenly. | Step 6: Check for Doneness : | Make sure the chicken is fully cooked and has a nice golden-brown char on both sides. | Step 7: Let it Rest : | Remove the chicken from the grill and allow it to rest for a few minutes. | Step 8: Serve : | Serve the grilled chicken hot with mint chutney and naan on the side.",https://res.cloudinary.com/duegxp0u0/image/upload/v1745169399/recipe_uploads/rf0lpcm3mef0vqcasx8w.jpg
68395ec7a1f9120d4641a4cb,Greek Yogurt with Almonds,breakfast,vegetarian,weight_loss,280.0,22.0,20.0,15.0,3.0,80.0,20.0,5,2,Greek Yogurt with Almonds Greek Yogurt with Almonds Greek Yogurt with Almonds Greek yogurt Almonds Cinnamon vegetarian,"gluten_free,egg_free,low_sodium,low_sugar,low_cholesterol",Greek yogurt (200g); Almonds (30g); Cinnamon (½ tsp),"Step 1: Select a Bowl | Choose a small bowl for assembling the snack. | Step 2: Measure Yogurt | Scoop 200g Greek yogurt into the bowl as the base. | Step 3: Prepare Almonds | Measure 30g whole or sliced almonds, ensuring they’re unsalted for a healthy option. | Step 4: Toast Almonds (Optional) | Lightly toast almonds in a dry skillet over medium heat for 2–3 minutes for enhanced flavor, if desired. | Step 5: Top with Almonds | Sprinkle the almonds evenly over the Greek yogurt. | Step 6: Add Cinnamon | Dust ½ tsp cinnamon over the almonds and yogurt for warmth and flavor. | Step 7: Mix Lightly | Gently stir to combine the almonds and cinnamon with the yogurt, if preferred. | Step 8: Serve | Serve immediately as a quick snack, or chill for 5 minutes for a cooler option.",https://res.cloudinary.com/duegxp0u0/image/upload/v1748525180/a0tt0rt3j3tyyazhdprz.jpg
68395eeaa1f9120d4641a609,Carrot Moong Dal Soup,breakfast,desi,weight_loss,100.0,6.0,18.0,0.5,5.0,160.0,0.0,20,1,Carrot Moong Dal Soup Carrot Moong Dal Soup Carrot Moong Dal Soup Moong Dal Carrot Garlic Salt Black Pepper desi,"gluten_free,nut_free,egg_free,lactose_free,low_sodium,low_sugar,low_cholesterol,dairy_free","Moong Dal (¼ cup (50g, dry)); Carrot (1 (60g, chopped)); Garlic (2 cloves (6g, minced)); Salt (to taste (0.5g, pinch)); Black Pepper (to taste (0.5g, pinch))","Step 1: Pressure Cook Moong Dal and Carrot: | Pressure cook ¼ cup moong dal, 1 chopped carrot, garlic, and salt with enough water until soft. | Step 2: Blend the Mixture: | Once cooked, blend the mixture into a smooth puree. | Step 3: Boil Again: | Return the blended mixture to the pot and bring it to a boil again. | Step 4: Add Black Pepper: | Add black pepper to taste and stir well. | Step 5: Adjust Consistency: | If the soup is too thick, add water to adjust the consistency. | Step 6: Taste and Season: | Taste the soup and adjust salt or seasoning if needed. | Step 7: Heat Through: | Ensure the soup is heated thoroughly before serving. | Step 8: Serve: | Serve the warm moong dal and carrot soup in bowls.",https://res.cloudinary.com/duegxp0u0/image/upload/v1745169019/recipe_uploads/pwbhih5xlfdslaxkf4cw.jpg
68395eeaa1f9120d4641a61a,Sprouts Chaat,breakfast,desi,weight_loss,80.0,4.0,16.0,0.5,4.0,160.0,0.0,10,1,Sprouts Chaat Sprouts Chaat Sprouts Chaat Sprouts Onion Tomato Lemon Chaat Masala Salt Black Pepper desi,"gluten_free,nut_free,egg_free,lactose_free,low_sodium,low_sugar,low_cholesterol,dairy_free","Sprouts (1/2 cup (75g, e.g., moong or mixed sprouts)); Onion (1 (100g, chopped)); Tomato (1 (150g, chopped)); Lemon (1 tbsp (15ml, lemon juice)); Chaat Masala (1/2 tsp (1g)); Salt (to taste (0.5g, pinch)); Black Pepper (1/4 tsp (0.5g))","Step 1: Boil Sprouts : | Boil 1/2 cup sprouts until they are tender and cooked. | Step 2: Chop Vegetables : | Finely chop 1 onion and 1 tomato into small pieces. | Step 3: Prepare Lemon Juice : | Extract 1 tbsp fresh lemon juice. | Step 4: Mix Sprouts and Vegetables : | In a mixing bowl, combine the boiled sprouts with the chopped onion and tomato. | Step 5: Add Lemon Juice : | Pour the freshly squeezed lemon juice over the mixture. | Step 6: Add Spices : | Sprinkle chaat masala, salt, and black pepper to taste. | Step 7: Toss to Combine : | Gently toss all ingredients together until evenly mixed. | Step 8: Serve Fresh : | Serve the salad immediately for a refreshing, healthy snack.",https://res.cloudinary.com/duegxp0u0/image/upload/v1745169048/recipe_uploads/msmkwhxuncnvmjy36ww4.jpg
68395ecea1f9120d4641a4f0,Beef Stuffed Bell Peppers,lunch,non_vegetarian,weight_gain,580.0,45.0,30.0,32.0,5.0,650.0,100.0,45,2,Beef Stuffed Bell Peppers Beef Stuffed Bell Peppers Beef Stuffed Bell Peppers Beef Bell peppers Rice Olive oil Cheddar cheese Garlic powder Cumin Salt Parsley non_vegetarian,"nut_free,egg_free,low_sugar",Beef (250g); Bell peppers (4 (~150g each)); Rice (100g); Olive oil (2 tsp); Cheddar cheese (50g); Garlic powder (1/2 tsp); Cumin (1/2 tsp); Salt (1/4 tsp); Parsley (1 tsp (optional)),"Step 1: Preheat Oven | Preheat the oven to 190°C and lightly grease a baking dish with 1 tsp olive oil. | Step 2: Prepare Bell Peppers | Cut the tops off 4 bell peppers (~150g each), remove seeds and membranes, and set aside. | Step 3: Cook Rice | Rinse 100g rice (e.g., long-grain), cook in 200ml water for 12–15 minutes until tender, then cool slightly. | Step 4: Cook Beef | Heat 1 tsp olive oil in a skillet, add 250g ground beef, and cook for 5–7 minutes until browned, breaking it apart as it cooks. | Step 5: Mix Filling | In a bowl, combine cooked beef, cooked rice, 50g shredded cheddar cheese, 1/2 tsp garlic powder, 1/2 tsp cumin, and 1/4 tsp salt. | Step 6: Stuff Peppers | Spoon the beef-rice mixture evenly into the 4 bell peppers, packing firmly. | Step 7: Bake Peppers | Place stuffed peppers upright in the baking dish, cover with foil, and bake for 25–30 minutes until peppers are tender. | Step 8: Serve | Remove foil, sprinkle 1 tsp chopped parsley if desired, and serve warm as a hearty dinner.",https://res.cloudinary.com/duegxp0u0/image/upload/v1748524579/wbcxzgf42qvcjj7mwpjz.jpg
68395ef0a1f9120d4641a76b,Shahi Mutton Chops with Garlic Naan,dinner,desi,weight_gain,510.0,25.0,40.0,20.0,5.0,1090.0,70.0,1,5,Shahi Mutton Chops with Garlic Naan Shahi Mutton Chops with Garlic Naan Shahi Mutton Chops with Garlic Naan Mutton chops Cream Garlic Spices Garlic naan Yogurt Ginger garlic paste Red chili powder Coriander leaves Whole wheat flour Oil Water desi,"nut_free,egg_free,low_sugar","Mutton chops (500g); Cream (1 tbsp); Garlic (1 tsp); Spices (to taste); Garlic naan (1); Yogurt (1 tbsp); Ginger garlic paste (1 tbsp); Red chili powder (½ tsp); Coriander leaves (1 tbsp, chopped); Whole wheat flour (½ cup (for naan)); Oil (1 tbsp); Water (½ cup (for chops))","Step 1: Gather Ingredients: Collect 500g mutton chops, ¼ cup cream, 1 tbsp garlic paste, 1 tsp red chili powder, 1 tsp garam masala, 1 tsp salt, 1 tbsp oil, 2 cups all-purpose flour, 1 tsp yeast, ½ cup water, 1 tsp minced garlic, and 1 tbsp ghee. | Step 2: Marinate Chops: Mix ¼ cup cream, 1 tbsp garlic paste, 1 tsp red chili powder, 1 tsp garam masala, and 1 tsp salt; coat 500g mutton chops and marinate for 2-3 hours. | Step 3: Preheat Grill: Heat a grill pan with 1 tbsp oil over medium heat. | Step 4: Grill Chops: Grill the marinated chops for 6-8 minutes per side until tender, juicy, and slightly charred. | Step 5: Prepare Naan Dough: Mix 2 cups all-purpose flour with 1 tsp yeast, ½ cup water, and a pinch of salt, knead into a soft dough, and rest for 1 hour. | Step 6: Cook Garlic Naan: Divide dough into 4-6 balls, roll into 6-8 inch ovals, spread 1 tsp minced garlic on top, cook on a tawa for 2-3 minutes per side until puffed, and brush with 1 tbsp ghee. | Step 7: Serve Hot: Plate the shahi mutton chops and serve hot with warm garlic naan.",https://res.cloudinary.com/duegxp0u0/image/upload/v1746813063/qmmeqjfatkhxm7pzbwdi.jpg
68395eeaa1f9120d4641a67d,Mutton Yakhni (Light Broth with Lean Meat),lunch,desi,weight_loss,220.0,28.0,4.0,10.0,1.0,650.0,80.0,2,5,Mutton Yakhni (Light Broth with Lean Meat) Mutton Yakhni (Light Broth with Lean Meat) Mutton Yakhni (Light Broth with Lean Meat) Lean Mutton Water Onion Bay Leaf Cloves Cinnamon Stick Cardamom Pods Black Pepper Salt desi,"gluten_free,nut_free,egg_free,lactose_free,low_sugar","Lean Mutton (500g (cubed)); Water (6 cups (1440ml)); Onion (1 medium (100g, chopped)); Bay Leaf (1 (0.2g)); Cloves (2 (0.2g)); Cinnamon Stick (1 small (1g)); Cardamom Pods (2 (1g)); Black Pepper (1 tsp (2g)); Salt (1 tsp (3g))","Step 1: Prepare the Broth : | In a pot, add 500g lean mutton, 6 cups water, 1 tsp salt, and 1 tsp black pepper. | Step 2: Add Aromatics : | Add 1 chopped onion, 1 tbsp ginger-garlic paste, 1 bay leaf, 2 cloves, 1 cinnamon stick, and 2 cardamom pods. | Step 3: Simmer the Broth : | Cover and let it simmer on low heat for 2 hours until the meat is tender. | Step 4: Strain and Serve : | Strain the broth, separate the meat, and serve hot with fresh coriander. | Step 5: Optional Garnish : | Add a squeeze of lemon juice or a dash of garam masala for extra flavor. | Step 6: Pairing : | Enjoy with a side of brown rice or whole wheat bread for a complete meal. | Step 7: Serving Suggestion : | Serve the broth in deep bowls for a comforting, warming experience. | Step 8: Storage : | Store any leftover broth in an airtight container in the fridge for up to 3 days.",https://res.cloudinary.com/duegxp0u0/image/upload/v1745169115/recipe_uploads/mg3soswdn0hlbhosqygd.jpg
68395ed6a1f9120d4641a552,Creamy Curd Broth,breakfast,mediterranean,weight_loss,130.0,6.0,13.0,5.0,1.0,77.0,15.0,10,1,Creamy Curd Broth Creamy Curd Broth Creamy Curd Broth Yogurt Cucumber Garlic Dill mediterranean,"gluten_free,nut_free,egg_free,low_sodium,low_carb,low_sugar,low_cholesterol",Yogurt (150g); Cucumber (150g); Garlic (1 clove); Dill (5g),"Step 1: Prep Cucumber | Wash 1 medium cucumber (about 150g) and finely chop or grate it. |  | Step 2: Prep Garlic | Peel 1 garlic clove and mince it finely for blending. |  | Step 3: Chop Dill | Wash 5g fresh dill and finely chop the fronds, discarding tough stems. |  | Step 4: Measure Yogurt | Measure 150g plain yogurt and place it in a blender. |  | Step 5: Combine Ingredients | Add chopped cucumber, minced garlic, and dill to the blender with the yogurt. |  | Step 6: Blend Soup | Blend on high for 1 minute until smooth, adding 1-2 tbsp water if too thick. |  | Step 7: Chill Soup | Transfer the mixture to a bowl and refrigerate for at least 5 minutes to cool. |  | Step 8: Serve Cold | Stir, taste for seasoning, and serve chilled in a bowl as a refreshing lunch.",https://res.cloudinary.com/duegxp0u0/image/upload/v1748524192/jtv5je2elgudp5qtknrp.jpg
68395ef0a1f9120d4641a75e,Creamy White Mutton Handi with Roti,dinner,desi,weight_gain,480.0,20.0,40.0,20.0,3.0,1090.0,60.0,50,2,Creamy White Mutton Handi with Roti Creamy White Mutton Handi with Roti Creamy White Mutton Handi with Roti Mutton Cream Yogurt White pepper Butter Roti Ginger garlic paste Onion Green chilies Coriander leaves Whole wheat flour Water desi,"nut_free,egg_free,low_sugar","Mutton (200g); Cream (2 tbsp); Yogurt (2 tbsp); White pepper (1 tsp); Butter (1 tbsp); Roti (1); Ginger garlic paste (1 tbsp); Onion (1 small, chopped); Green chilies (1, chopped); Coriander leaves (1 tbsp, chopped); Whole wheat flour (½ cup (for roti)); Water (½ cup (for handi))","Step 1: Gather Ingredients: Collect 200g mutton (shank or shoulder), 2 tbsp oil, 1 tbsp ginger-garlic paste, 1 tsp salt, 4 cups water, ½ cup cream, ½ cup yogurt, 1 tsp white pepper, 1 tsp garam masala, 2 tbsp coriander (chopped), 2 cups whole wheat flour, ¾ cup water (for dough), and 1 tbsp ghee. | Step 2: Heat Oil: Heat 2 tbsp oil in a handi or pot over medium heat for 1-2 minutes. | Step 3: Cook Aromatics: Add 1 tbsp ginger-garlic paste and sauté for 1-2 minutes until fragrant. | Step 4: Cook Mutton: Add 200g mutton and 1 tsp salt, cooking for 10-15 minutes until browned; add 4 cups water, bring to a boil, then simmer for 1.5-2 hours until tender. | Step 5: Drain Mutton: Remove the mutton from the broth, reserving 1 cup of broth, and set the meat aside. | Step 6: Make Creamy Sauce: In the handi, mix ½ cup cream, ½ cup yogurt, 1 tsp white pepper, and 1 tsp garam masala with the reserved broth; add the cooked mutton and cook on low heat for 10-15 minutes until the sauce thickens and becomes creamy. | Step 7: Prepare Roti Dough: In a bowl, knead 2 cups whole wheat flour with ¾ cup water into a soft dough, rest for 15 minutes, roll into 4-6 circles, and cook on a tawa with ½ tbsp ghee per side for 1-2 minutes until lightly browned. | Step 8: Garnish and Serve: Sprinkle 2 tbsp chopped coriander over the creamy white mutton handi, plate it hot, and serve with warm roti.",https://res.cloudinary.com/duegxp0u0/image/upload/v1746861889/skgpfxjdsm1upblewa6i.jpg
68395ef0a1f9120d4641a728,Chicken Jalfrezi with Garlic Naan,dinner,desi,weight_gain,465.0,20.0,30.0,15.0,3.0,1090.0,40.0,50,2,Chicken Jalfrezi with Garlic Naan Chicken Jalfrezi with Garlic Naan Chicken Jalfrezi with Garlic Naan Chicken boneless Bell peppers Onion Tomato Ginger garlic paste Red chili powder Turmeric Garam masala Tomato ketchup Salt Garlic naan Garlic Butter Oil Water Coriander leaves Cumin seeds desi,"nut_free,egg_free,low_sugar","Chicken boneless (250g); Bell peppers (1, sliced); Onion (1, sliced); Tomato (1, chopped); Ginger garlic paste (1 tsp); Red chili powder (½ tsp); Turmeric (¼ tsp); Garam masala (½ tsp); Tomato ketchup (1 tbsp); Salt (½ tsp); Garlic naan (1); Garlic (1 clove, minced); Butter (1 tsp); Oil (1 tbsp); Water (2 tbsp); Coriander leaves (1 tbsp, chopped); Cumin seeds (½ tsp)","Step 1: Gather Ingredients: Collect 2 tbsp oil, 1 sliced onion, 1 sliced bell pepper, 1 tbsp ginger-garlic paste, 1 tsp red chili powder, ½ tsp turmeric, 1 tsp salt, 2 chopped tomatoes, 250g chicken (cubed), ½ tsp garam masala, 2 tbsp tomato ketchup, 2 cups flour, 1 tsp minced garlic, and 2 tbsp butter (for naan). | Step 2: Sauté Vegetables: Heat 2 tbsp oil in a pan over medium heat, add 1 sliced onion and 1 sliced bell pepper, and sauté for 4-5 minutes until slightly soft. | Step 3: Cook Spices: Stir in 1 tbsp ginger-garlic paste, 1 tsp red chili powder, ½ tsp turmeric, and 1 tsp salt, mixing well for 1-2 minutes until aromatic. | Step 4: Add Tomatoes: Add 2 chopped tomatoes and cook for 5-7 minutes until they soften and form a thick base. | Step 5: Cook Chicken: Add 250g chicken cubes, stir thoroughly, and cook on medium heat for 15-20 minutes until fully cooked and tender. | Step 6: Finish Jalfrezi: Mix in ½ tsp garam masala and 2 tbsp tomato ketchup, stirring for 2-3 minutes to add a tangy kick. | Step 7: Serve with Garlic Naan: Knead 2 cups flour with 1 tsp minced garlic, a pinch of salt, and water into a dough, roll into naans, cook on a tawa with 2 tbsp butter for 1-2 minutes per side, and serve hot with the jalfrezi.",https://res.cloudinary.com/duegxp0u0/image/upload/v1746778283/gqqvf98vjlmcuoxuryot.jpg
68395ebfa1f9120d4641a476,Tender Beef Rib Cuts,dinner,keto,weight_gain,750.0,31.0,3.0,29.0,0.0,600.0,130.0,240,2,Tender Beef Rib Cuts Tender Beef Rib Cuts Tender Beef Rib Cuts Beef short ribs Beef broth Tomato paste Thyme Salt Black pepper Parsley keto,"gluten_free,nut_free,egg_free,low_carb,low_sugar,dairy_free",Beef short ribs (200g); Beef broth (125ml); Tomato paste (½ tbsp); Thyme (½ tsp); Salt (⅛ tsp); Black pepper (pinch); Parsley (½ tsp (optional)),"Step 1: Prep Ribs | Season 200g beef short ribs with ⅛ tsp salt and a pinch of black pepper. | Step 2: Sear Ribs | In a pot, sear ribs over medium-high heat for 3–4 minutes per side, then set aside. | Step 3: Add Broth | Add 125ml beef broth, ½ tbsp tomato paste, and ½ tsp thyme to pot, stir to combine. | Step 4: Slow-Cook Ribs | Return ribs to pot, cover, and cook at 120°C for 3–4 hours until tender. | Step 5: Remove Ribs | Transfer ribs to a plate, keep warm. | Step 6: Reduce Sauce | Simmer remaining liquid for 5–10 minutes until thickened. | Step 7: Serve Dish | Pour sauce over ribs, garnish with ½ tsp chopped parsley. | Step 8: Serve | Serve hot as a rich dinner.",https://res.cloudinary.com/duegxp0u0/image/upload/v1748524089/uhcs87h16d83neszg4k0.jpg
68395eeaa1f9120d4641a5ec,Egg White Omelet with Green Chilies,breakfast,desi,weight_loss,90.0,8.0,4.0,5.0,1.0,200.0,0.0,10,2,Egg White Omelet with Green Chilies Egg White Omelet with Green Chilies Egg White Omelet with Green Chilies Egg Whites Onion (chopped) Fresh Coriander Olive Oil (for cooking) Salt Black Pepper desi,"gluten_free,nut_free,lactose_free,low_sodium,low_sugar,low_cholesterol,dairy_free","Egg Whites (4 (120g, from ~4 large eggs)); Onion (chopped) (1/4 cup (40g)); Fresh Coriander (Handful (10g)); Olive Oil (for cooking) (1 tsp (5g)); Salt (To taste (0.5g, pinch)); Black Pepper (To taste (0.5g, pinch))","Step 1: Separate Egg Whites : | Crack 4 eggs and carefully separate the whites into a mixing bowl, discarding the yolks or saving them for another use. | Step 2: Whisk Until Frothy : | Whisk the egg whites thoroughly until they become light and frothy for a fluffy texture. | Step 3: Chop the Vegetables : | Finely chop 1–2 green chilies, 1/4 cup onions, and a handful of fresh coriander leaves. | Step 4: Heat the Pan : | Lightly spray a non-stick pan with olive oil and place it over medium heat. | Step 5: Pour the Egg Whites : | Pour the whisked egg whites into the pan, spreading them evenly. | Step 6: Add the Filling : | Sprinkle the chopped chilies, onions, and coriander evenly over the setting egg whites. | Step 7: Cook Until Set : | Let the omelet cook undisturbed until fully set and the underside turns golden. | Step 8: Fold and Serve : | Gently fold the omelet in half and serve hot with a side of fresh salad or whole wheat toast.",https://res.cloudinary.com/duegxp0u0/image/upload/v1745168962/recipe_uploads/m1ufsditxpj9fvguuzhz.jpg
68395eeaa1f9120d4641a5ed,Spicy Masala Omelet (With Fresh Coriander & Green Chilies),breakfast,desi,weight_loss,180.0,12.0,4.0,13.0,1.0,200.0,370.0,15,1,Spicy Masala Omelet (With Fresh Coriander & Green Chilies) Spicy Masala Omelet (With Fresh Coriander & Green Chilies) Spicy Masala Omelet (With Fresh Coriander & Green Chilies) Eggs Red Chili Powder Turmeric Powder Cumin Powder Green Chili (chopped) Fresh Coriander Olive Oil Salt desi,"gluten_free,nut_free,lactose_free,low_sodium,low_sugar,dairy_free","Eggs (2 (100g)); Red Chili Powder (1 tsp (2g)); Turmeric Powder (1/2 tsp (1g)); Cumin Powder (1 tsp (2g)); Green Chili (chopped) (1 (5g)); Fresh Coriander (For garnish (5g)); Olive Oil (1 tsp (5g)); Salt (To taste (0.5g, pinch))","Step 1: Prepare the omelet mixture: | In a bowl, beat 2 eggs with 1 tsp red chili powder, 1/2 tsp turmeric powder, 1 tsp cumin powder, and salt to taste. Add 1 chopped green chili and fresh coriander leaves. | Step 2: Heat the pan: | Place a non-stick pan on medium heat and add 1 tsp olive oil. | Step 3: Pour the egg mixture: | Once the oil is heated, pour the prepared egg mixture into the pan, spreading it evenly. | Step 4: Cook on low heat: | Allow the omelet to cook on low heat to ensure it cooks through without burning. | Step 5: Flip the omelet: | Once the edges start to lift and the underside is golden, flip the omelet carefully to cook the other side. | Step 6: Check for doneness: | Ensure both sides of the omelet are golden brown and fully cooked before removing from the pan. | Step 7: Garnish: | Sprinkle fresh coriander leaves on top for added flavor and color. | Step 8: Serve: | Serve the spicy masala omelet hot with a side of chutney or salad.",https://res.cloudinary.com/duegxp0u0/image/upload/v1745168964/recipe_uploads/ilfelmina2yxc70lhowz.jpg
68395eeaa1f9120d4641a603,Lauki Thepla,breakfast,desi,weight_loss,140.0,4.0,26.0,3.0,5.0,160.0,0.0,20,1,Lauki Thepla Lauki Thepla Lauki Thepla Bottle Gourd Whole Wheat Flour Ginger Paste Green Chili Ajwain Turmeric Salt Olive Oil desi,"nut_free,egg_free,lactose_free,low_sodium,low_sugar,low_cholesterol,dairy_free","Bottle Gourd (½ cup (80g, grated)); Whole Wheat Flour (½ cup (60g)); Ginger Paste (½ tsp (2g)); Green Chili (1 (5g, chopped)); Ajwain (¼ tsp (0.5g)); Turmeric (pinch (0.2g)); Salt (to taste (0.5g, pinch)); Olive Oil (1 tsp (5g))","Step 1: Prepare Bottle Gourd: | Peel and grate ½ cup bottle gourd (lauki), then squeeze it lightly to remove excess water. | Step 2: Mix with Flour: | Add the grated bottle gourd to a bowl with ½ cup whole wheat flour. | Step 3: Add Spices: | Mix in ginger paste, green chili, turmeric, ajwain, and salt to the mixture. | Step 4: Knead Dough: | Add 1 tsp olive oil and knead into a soft dough. | Step 5: Rest Dough: | Let the dough rest for 10 minutes. | Step 6: Roll the Theplas: | Roll the dough into thin theplas using a rolling pin and dry flour. | Step 7: Roast on Tawa: | Roast both sides of the theplas on a non-stick tawa until golden and crispy. | Step 8: Serve: | Serve the hot theplas with mint chutney.",https://res.cloudinary.com/duegxp0u0/image/upload/v1745169000/recipe_uploads/q40fjjet02ubqvpmqvvx.jpg
68395eeaa1f9120d4641a697,"Cottage Cheese Bhurji (Scrambled Paneer, No Butter)",breakfast,desi,weight_loss,350.0,16.0,10.0,28.0,2.0,400.0,40.0,15,2,"Cottage Cheese Bhurji (Scrambled Paneer, No Butter) Cottage Cheese Bhurji (Scrambled Paneer, No Butter) Cottage Cheese Bhurji (Scrambled Paneer, No Butter) Cottage Cheese (Paneer) Onion (chopped) Tomato (chopped) Green Chili (chopped) Cumin Powder Turmeric Powder Red Chili Powder Fresh Coriander (for garnish) Salt Oil desi","gluten_free,nut_free,egg_free,low_sodium,low_sugar","Cottage Cheese (Paneer) (1 cup (200g, cubed)); Onion (chopped) (1 (100g)); Tomato (chopped) (1 (150g)); Green Chili (chopped) (1 (5g)); Cumin Powder (1/2 tsp (1g)); Turmeric Powder (1/2 tsp (1g)); Red Chili Powder (1 tsp (2g)); Fresh Coriander (for garnish) (As needed (assumed 1 tbsp, 3g)); Salt (To taste (assumed 1 tsp, 3g)); Oil (1 tbsp (14g))","Step 1: Prepare the Ingredients: | Grate 1 cup of cottage cheese (paneer) and set it aside. Chop 1 onion, 1 tomato, and 1 green chili. | Step 2: Sauté the Vegetables: | Heat 1 tbsp oil in a pan. Add chopped onion and sauté until golden. Add ginger-garlic paste (1 tsp), followed by chopped tomatoes and green chili. Cook until tomatoes soften. | Step 3: Scramble the Paneer: | Add the grated paneer to the pan, along with 1/2 tsp cumin powder, 1/2 tsp turmeric powder, 1 tsp red chili powder, and salt to taste. Stir well and cook for 5-7 minutes until the paneer absorbs the spices. | Step 4: Adjust the Consistency: | If needed, add a splash of water or milk to achieve the desired consistency for the scramble. | Step 5: Taste and Adjust Seasoning: | Taste the scrambled paneer and adjust the seasoning with more salt or spices if required. | Step 6: Garnish: | Garnish the scrambled paneer with fresh coriander leaves. | Step 7: Serve Hot: | Serve the scrambled paneer hot, ideal with roti, paratha, or rice. | Step 8: Enjoy: | Enjoy your flavorful scrambled paneer with a side of chutney or yogurt.",https://res.cloudinary.com/duegxp0u0/image/upload/v1745169186/recipe_uploads/n4sbh7xzmuxplvqttbrg.jpg
68395ebfa1f9120d4641a4a1,Beef Liver Spread,dinner,keto,weight_gain,380.0,35.0,3.0,34.0,0.0,360.0,470.0,40,1,Beef Liver Spread Beef Liver Spread Beef Liver Spread Beef liver Butter Garlic Thyme Salt & pepper keto,"gluten_free,nut_free,egg_free,low_carb,low_sugar",Beef liver (100g); Butter (2 tbsp); Garlic (1 clove); Thyme (½ tsp); Salt & pepper (to taste),"Step 1: Prep Beef liver | Use 100g of beef liver as the base. | Step 2: Prepare Butter | Chop or measure 2 tbsp of butter. | Step 3: Combine Ingredients | Mix the prepared ingredients in a bowl. | Step 4: Add Garlic | Incorporate 1 clove of garlic for flavor. | Step 5: Season | Add salt, pepper, or additional spices as needed. | Step 6: Set Aside | Chill or let the mixture rest for a few minutes if needed. | Step 7: Final Mix | Stir everything together to ensure even coating. | Step 8: Serve | Plate and enjoy your freshly prepared meal.",https://res.cloudinary.com/duegxp0u0/image/upload/v1748523936/bdxlwdr6iaekk1vr8woz.jpg
68395ecea1f9120d4641a52f,Lamb and Rice Stuffed Peppers,dinner,non_vegetarian,weight_gain,580.0,45.0,55.0,28.0,6.0,600.0,100.0,50,2,Lamb and Rice Stuffed Peppers Lamb and Rice Stuffed Peppers Lamb and Rice Stuffed Peppers Ground lamb Rice Bell peppers Tomato sauce Olive oil Cumin Oregano Salt Black pepper Parsley non_vegetarian,"nut_free,egg_free,lactose_free,low_sugar,dairy_free",Ground lamb (250g); Rice (150g); Bell peppers (4 (~150g each)); Tomato sauce (100ml); Olive oil (2 tsp); Cumin (½ tsp); Oregano (½ tsp); Salt (¼ tsp); Black pepper (¼ tsp); Parsley (1 tsp (optional)),"Step 1: Preheat Oven | Preheat the oven to 190°C and lightly grease a baking dish with 1 tsp olive oil. | Step 2: Prepare Peppers | Cut tops off 4 bell peppers (~150g each), remove seeds and membranes, and set aside. | Step 3: Cook Rice | Rinse 150g rice, cook in 300ml water for 10–12 minutes until partially cooked, then drain and set aside. | Step 4: Cook Lamb | Heat 1 tsp olive oil in a skillet over medium heat, add 250g ground lamb, and cook for 4–5 minutes until browned, breaking it apart. | Step 5: Mix Filling | In a bowl, combine lamb, rice, 100ml tomato sauce, ½ tsp cumin, ½ tsp oregano, ¼ tsp salt, and ¼ tsp black pepper, mixing well. | Step 6: Stuff Peppers | Spoon the lamb-rice mixture evenly into the bell peppers, pressing gently to fill. | Step 7: Bake Peppers | Place stuffed peppers upright in the baking dish, cover with foil, and bake for 30–35 minutes until peppers are tender. | Step 8: Serve | Remove foil, spoon any remaining tomato sauce over peppers, garnish with 1 tsp chopped parsley, and serve hot as a hearty dinner.",https://res.cloudinary.com/duegxp0u0/image/upload/v1748524702/zwmvabsfqho1x0rrbxtg.jpg
68395eeaa1f9120d4641a650,"Shami Kabab (Made with Lean Meat, No Frying)",dinner,desi,weight_loss,260.0,24.0,8.0,16.0,2.0,400.0,70.0,30,2,"Shami Kabab (Made with Lean Meat, No Frying) Shami Kabab (Made with Lean Meat, No Frying) Shami Kabab (Made with Lean Meat, No Frying) Lean Minced Beef Split Chickpeas (Chana Dal) Cumin Powder Coriander Powder Black Pepper Red Chili Powder Salt Oil desi","gluten_free,nut_free,egg_free,lactose_free,low_sodium,low_sugar,low_carb,dairy_free","Lean Minced Beef (200g); Split Chickpeas (Chana Dal) (2 tbsp (20g, soaked and ground)); Cumin Powder (1 tsp (2g)); Coriander Powder (1 tsp (2g)); Black Pepper (1/2 tsp (1g)); Red Chili Powder (1/2 tsp (1g)); Salt (To taste (assumed 1/2 tsp, 1.5g)); Oil (As needed (assumed 1 tbsp, 14g, for cooking, not listed but implied))","Step 1: Cook the Lentils and Meat : | In a pot, add 200g lean minced beef, 2 tbsp split chickpeas, 1 tsp ginger-garlic paste, and 1/2 tsp salt. Cook until tender. | Step 2: Add Spices and Blend : | Add 1 tsp cumin powder, 1 tsp coriander powder, 1/2 tsp black pepper, 1/2 tsp red chili powder, and blend into a thick paste. | Step 3: Shape the Kababs : | Shape the mixture into small patties, ensuring they are even in size for uniform cooking. | Step 4: Preheat the Oven or Air-Fryer : | Preheat the oven or air fryer to 180°C. | Step 5: Bake or Air-Fry the Kababs : | Cook the kababs for 12-15 minutes until golden brown and crispy on the outside. | Step 6: Check for Doneness : | Ensure the kababs are fully cooked and browned evenly. | Step 7: Let it Rest : | Allow the kababs to rest for a few minutes before serving. | Step 8: Serve : | Serve hot with mint chutney for a delicious pairing.",https://res.cloudinary.com/duegxp0u0/image/upload/v1745169402/recipe_uploads/tghobwzclb5lcvtehmeh.jpg
68395ec7a1f9120d4641a4b2,Greek Salad with Feta,lunch,vegetarian,weight_loss,290.0,15.0,20.0,18.0,4.0,900.0,35.0,15,2,Greek Salad with Feta Greek Salad with Feta Greek Salad with Feta Cucumber Tomatoes Feta Olives Olive oil Lemon juice Oregano Salt vegetarian,"gluten_free,nut_free,egg_free,low_carb,low_sugar,low_cholesterol",Cucumber (150g); Tomatoes (200g); Feta (80g); Olives (50g); Olive oil (1 tbsp); Lemon juice (1 tbsp); Oregano (1/2 tsp); Salt (1 pinch),"Step 1: Prepare Cucumber | Wash and dice 150g cucumber into bite-sized pieces. | Step 2: Prepare Tomatoes | Wash and chop 200g tomatoes into chunks, removing excess seeds if desired. | Step 3: Slice Olives | Halve 50g olives (e.g., Kalamata) to distribute flavor evenly. | Step 4: Crumble Feta | Crumble 80g feta cheese into small pieces for easy mixing. | Step 5: Combine Ingredients | In a large bowl, combine cucumber, tomatoes, olives, and feta. | Step 6: Prepare Dressing | In a small bowl, whisk 1 tbsp olive oil, 1 tbsp lemon juice, 1/2 tsp oregano, and 1 pinch of salt. | Step 7: Dress Salad | Pour the dressing over the salad and toss gently to coat all ingredients. | Step 8: Serve | Serve immediately as a fresh, light lunch, optionally with pita bread.",https://res.cloudinary.com/duegxp0u0/image/upload/v1748525180/yi6oylbmlynd7nrvbg0p.jpg
68395ef0a1f9120d4641a753,Chana Dal Fry with Buttered Roti,snack,desi,weight_gain,410.0,10.0,45.0,10.0,8.0,1080.0,10.0,35,1,Chana Dal Fry with Buttered Roti Chana Dal Fry with Buttered Roti Chana Dal Fry with Buttered Roti Chana dal Onion Tomato Ginger garlic paste Cumin Butter Roti Red chili powder Turmeric Coriander leaves Whole wheat flour Water desi,"nut_free,egg_free,low_sugar","Chana dal (1 cup); Onion (1); Tomato (1); Ginger garlic paste (1 tbsp); Cumin (1 tsp); Butter (1 tbsp); Roti (1); Red chili powder (½ tsp); Turmeric (¼ tsp); Coriander leaves (1 tbsp, chopped); Whole wheat flour (½ cup (for roti)); Water (2 cups (for dal))","Step 1: Gather Ingredients: Collect 1 cup chana dal (split chickpeas), 4 cups water (for boiling), 1 tsp salt, 2 tbsp oil, 1 chopped onion, 1 tbsp ginger-garlic paste, 1 tomato (chopped), 1 tsp cumin seeds, 1 tsp red chili powder, 1 tsp garam masala, 2 cups whole wheat flour, ¾ cup water (for dough), and 2 tbsp butter. | Step 2: Rinse Dal: Rinse 1 cup chana dal under cold water until the water runs clear. | Step 3: Boil Dal: In a pot, boil 4 cups water, add the chana dal and 1 tsp salt, cook for 30-40 minutes until soft but not mushy, then drain and set aside. | Step 4: Heat Oil: Heat 2 tbsp oil in a pan over medium heat for 1-2 minutes. | Step 5: Fry Base: Add 1 tsp cumin seeds and let them sizzle for 30 seconds, then add 1 chopped onion and 1 tbsp ginger-garlic paste, sautéing for 5-7 minutes until golden. | Step 6: Cook Tomato and Spices: Stir in 1 chopped tomato, 1 tsp red chili powder, and 1 tsp garam masala, cooking for 5 minutes until the tomato softens and blends with the spices. | Step 7: Fry Dal: Add the boiled chana dal to the pan, stir well, and fry for 5-10 minutes until the flavors meld and the dal is lightly roasted. | Step 8: Prepare Roti and Serve: Knead 2 cups whole wheat flour with ¾ cup water into a soft dough, rest for 15 minutes, roll into 4-6 circles, cook on a tawa for 1-2 minutes per side, brush with 2 tbsp butter, and serve hot with the chana dal fry.",https://res.cloudinary.com/duegxp0u0/image/upload/v1746772235/qffydxr2hc4zrrrte4lm.jpg
68395ed6a1f9120d4641a565,Fig and Walnut Bread,dinner,mediterranean,weight_gain,590.0,33.0,223.0,36.0,24.0,17.0,0.0,55,1,Fig and Walnut Bread Fig and Walnut Bread Fig and Walnut Bread Figs Walnuts Flour Yeast mediterranean,"egg_free,lactose_free,low_sodium,low_sugar,low_cholesterol,dairy_free",Figs (100g); Walnuts (50g); Flour (200g); Yeast (5g),"Step 1: Activate Yeast | Dissolve 5g yeast in 120ml warm water and let sit for 5 minutes until foamy. |  | Step 2: Prep Figs | Chop 100g dried figs into small pieces and set aside. |  | Step 3: Prep Walnuts | Roughly chop 50g walnuts into small chunks. |  | Step 4: Mix Dough | Combine 200g flour and a pinch of salt in a large mixing bowl. |  | Step 5: Knead Dough | Add yeast mixture and knead for 8 minutes until smooth, then mix in figs and walnuts. |  | Step 6: Let Dough Rise | Cover the dough and let it rise in a warm place for 30 minutes. |  | Step 7: Shape and Bake | Shape dough into a small loaf, place on a baking sheet, and bake at 190°C for 40 minutes. |  | Step 8: Cool and Serve | Let the bread cool for 10 minutes, then slice and serve as a snack.",https://res.cloudinary.com/duegxp0u0/image/upload/v1748524192/nllhkdjjm3s0qiapewc4.jpg
68395eeaa1f9120d4641a690,Grilled Shashlik Chicken Sticks,lunch,desi,weight_loss,200.0,28.0,2.0,8.0,0.0,400.0,80.0,30,5,Grilled Shashlik Chicken Sticks Grilled Shashlik Chicken Sticks Grilled Shashlik Chicken Sticks Chicken (cubed) Yogurt Lemon Juice Red Chili Powder Cumin Powder Turmeric Powder Salt desi,"gluten_free,nut_free,egg_free,low_sodium,low_sugar","Chicken (cubed) (500g (boneless)); Yogurt (2 tbsp (30g)); Lemon Juice (1 tbsp (15ml)); Red Chili Powder (1 tsp (2g)); Cumin Powder (1/2 tsp (1g)); Turmeric Powder (1/2 tsp (1g)); Salt (To taste (assumed 1 tsp, 3g))","Step 1: Marinate the Chicken: | Mix 2 tbsp yogurt, 1 tbsp lemon juice, 1 tsp red chili powder, 1/2 tsp cumin powder, 1/2 tsp turmeric powder, and salt. Coat 500g chicken (cubed) and let it marinate for 2 hours. | Step 2: Skewer the Chicken: | Thread the marinated chicken pieces onto skewers. | Step 3: Preheat the Grill: | Preheat the grill to medium-high heat. | Step 4: Grill the Chicken: | Grill the chicken for 15-20 minutes, turning occasionally until fully cooked and golden brown. | Step 5: Check for Doneness: | Ensure the chicken is fully cooked by checking if it’s no longer pink inside. | Step 6: Prepare the Sides: | Prepare naan or rice and a fresh salad while the chicken is grilling. | Step 7: Garnish: | Garnish the grilled chicken with fresh coriander or a squeeze of lemon. | Step 8: Serve: | Serve with a side of naan or rice and a fresh salad.",https://res.cloudinary.com/duegxp0u0/image/upload/v1745169169/recipe_uploads/l45adzdo4bfpaussbttu.jpg
68395ef0a1f9120d4641a78c,Custard with Fruit Chunks & Nuts,snack,desi,weight_gain,350.0,8.0,50.0,14.0,3.0,120.0,20.0,20,2,"Custard with Fruit Chunks & Nuts Custard with Fruit Chunks & Nuts Custard with Fruit Chunks & Nuts Custard powder Milk Sugar Mixed fruits (e.g., banana, apple, mango) Almonds Pistachios Cardamom Vanilla essence desi","egg_free,low_sodium","Custard powder (2 tbsp); Milk (2 cups); Sugar (2 tbsp); Mixed fruits (e.g., banana, apple, mango) (1 cup); Almonds (½ tbsp); Pistachios (½ tbsp); Cardamom (1 pod); Vanilla essence (¼ tsp)",".Step 1: Gather Ingredients: Collect 2 cups full-fat milk, 2 tbsp custard powder, ¼ cup sugar, ¼ cup cold milk, ½ cup mixed fruits (e.g., banana, apple, mango, chopped), 2 tbsp mixed nuts (e.g., almonds, pistachios, chopped), and ½ tsp vanilla essence (optional). | Step 2: Prepare Custard Slurry: Mix 2 tbsp custard powder with ¼ cup cold milk in a small bowl, stirring until smooth to avoid lumps. | Step 3: Boil Milk: Pour 2 cups full-fat milk into a saucepan and bring to a boil over medium heat, stirring occasionally to prevent sticking. | Step 4: Thicken Custard: Lower heat, gradually add the custard slurry to the boiling milk, stirring constantly for 3-5 minutes until the mixture thickens to a creamy consistency. | Step 5: Sweeten and Flavor: Stir in ¼ cup sugar and ½ tsp vanilla essence (if using), cooking for 1-2 minutes until fully dissolved, then remove from heat. | Step 6: Cool and Mix: Let the custard cool to room temperature, then gently fold in ½ cup chopped mixed fruits and 1 tbsp chopped nuts, reserving some nuts for garnish. | Step 7: Chill and Serve: Refrigerate the custard for 1-2 hours, then serve chilled in bowls, sprinkled with the remaining 1 tbsp chopped nuts.",https://res.cloudinary.com/duegxp0u0/image/upload/v1746813064/gih5xguwfkkarq9hk1sj.jpg
68395eeaa1f9120d4641a61b,Beetroot Paratha (Dry Cooked),breakfast,desi,weight_loss,140.0,5.0,28.0,1.0,4.0,160.0,0.0,25,1,Beetroot Paratha (Dry Cooked) Beetroot Paratha (Dry Cooked) Beetroot Paratha (Dry Cooked) Beetroot Wheat Flour Salt Red Chili Powder Water desi,"nut_free,egg_free,lactose_free,low_sodium,low_sugar,low_cholesterol,dairy_free","Beetroot (1/2 (75g, grated)); Wheat Flour (1/2 cup (60g)); Salt (to taste (0.5g, pinch)); Red Chili Powder (to taste (assumed ¼ tsp, 0.5g)); Water (as needed (assumed ¼ cup, 60ml))","Step 1: Prepare Beetroot Purée : | Grate 1/2 beetroot and blend it into a smooth purée. | Step 2: Prepare Flour : | In a mixing bowl, add 1/2 cup wheat flour. | Step 3: Add Beetroot Purée : | Add the beetroot purée to the flour and mix until combined. | Step 4: Add Spices : | Add salt, red chili powder, and any other preferred spices to the mixture. | Step 5: Knead the Dough : | Gradually add water and knead into a soft, smooth dough. | Step 6: Divide Dough : | Divide the dough into small portions and roll each portion into a ball. | Step 7: Roll into Flatbread : | Roll each dough ball into a flat round shape using a rolling pin. | Step 8: Cook on Tawa : | Heat a tawa (griddle), place the rolled dough, and cook both sides dry or with a light drizzle of oil until golden brown.",https://res.cloudinary.com/duegxp0u0/image/upload/v1745169052/recipe_uploads/cuegp9fmuk48kqral7u2.jpg
68395ef0a1f9120d4641a723,Sizzling Beef Fajitas,breakfast,desi,weight_gain,435.0,20.0,25.0,15.0,3.0,1090.0,40.0,45,2,Sizzling Beef Fajitas Sizzling Beef Fajitas Sizzling Beef Fajitas Beef strips Bell peppers Onion Garlic paste Black pepper Salt Whole wheat tortilla Red chili powder Cumin powder Oil Whole wheat flour Water Ginger paste Coriander leaves Lemon juice desi,"nut_free,egg_free,low_sugar","Beef strips (200g); Bell peppers (½ cup, sliced); Onion (1, sliced); Garlic paste (1 tsp); Black pepper (½ tsp); Salt (½ tsp); Whole wheat tortilla (1); Red chili powder (¼ tsp); Cumin powder (½ tsp); Oil (1 tbsp); Whole wheat flour (¼ cup); Water (2 tbsp); Ginger paste (½ tsp); Coriander leaves (1 tbsp, chopped); Lemon juice (1 tsp)","Step 1: Gather Ingredients: Collect 2 tbsp oil, 1 tsp garlic paste, 1 sliced onion, 1 sliced bell pepper, 200g beef strips, ½ tsp black pepper, 1 tsp salt, 4 whole wheat tortillas, and optional desi spices (e.g., ½ tsp cumin powder). | Step 2: Heat Oil: Pour 2 tbsp oil into a sizzling pan or skillet and heat over medium-high heat for 1-2 minutes. | Step 3: Sauté Base: Add 1 tsp garlic paste, 1 sliced onion, and 1 sliced bell pepper, sautéing for 4-5 minutes until softened. | Step 4: Cook Beef: Stir in 200g beef strips, ½ tsp black pepper, 1 tsp salt, and optional ½ tsp cumin powder, cooking for 8-10 minutes until tender. | Step 5: Sizzle It: Increase heat to high for 1-2 minutes, stirring to get a sizzling effect, until beef is slightly charred. | Step 6: Warm Tortillas: Heat 4 whole wheat tortillas on a tawa or pan for 30 seconds per side until soft. | Step 7: Serve Hot: Spoon the sizzling beef mixture onto tortillas, wrap tightly, and serve immediately.",https://res.cloudinary.com/duegxp0u0/image/upload/v1746778283/h1vs4b0fuv4gvbmdkg9o.jpg
68395ecea1f9120d4641a50b,Tuna & Cucumber Bites,snack,non_vegetarian,weight_loss,220.0,25.0,8.0,10.0,2.0,450.0,30.0,10,1,Tuna & Cucumber Bites Tuna & Cucumber Bites Tuna & Cucumber Bites Tuna Greek yogurt Cucumber Lemon juice Black pepper Salt Dill non_vegetarian,"gluten_free,nut_free,egg_free,low_carb,low_sodium,low_sugar,low_cholesterol",Tuna (100g); Greek yogurt (2 tbsp); Cucumber (1 (~150g)); Lemon juice (1 tsp); Black pepper (¼ tsp); Salt (1 pinch); Dill (1 tsp (optional)),"Step 1: Prepare Tuna | Drain 100g canned tuna (in water or oil) and place in a small mixing bowl. | Step 2: Add Yogurt | Add 2 tbsp Greek yogurt to the tuna, stirring to combine evenly. | Step 3: Season Mixture | Mix in 1 tsp lemon juice, ¼ tsp black pepper, and a pinch of salt for flavor. | Step 4: Prepare Cucumber | Wash 1 cucumber (about 150g), trim ends, and slice into ¼-inch thick rounds. | Step 5: Pat Dry | Pat cucumber slices dry with a paper towel to prevent slipping of the topping. | Step 6: Assemble Bites | Spoon about 1 tsp of the tuna-yogurt mixture onto each cucumber slice. | Step 7: Garnish | Sprinkle 1 tsp chopped dill or parsley over the bites for a fresh touch, if desired. | Step 8: Serve | Arrange bites on a platter and serve chilled as a light, refreshing snack",https://res.cloudinary.com/duegxp0u0/image/upload/v1748524757/qbdnc4rvwbyuz0gebgj5.jpg
68395ed6a1f9120d4641a57a,Herbed Cheese Bread,snack,mediterranean,weight_loss,470.0,38.0,118.0,35.0,6.0,500.0,80.0,45,1,Herbed Cheese Bread Herbed Cheese Bread Herbed Cheese Bread Flour Mixed herbs Cheese Yeast Olive oil mediterranean,"nut_free,egg_free,low_sodium,low_sugar,low_cholesterol",Flour (150g); Mixed herbs (10g); Cheese (80g); Yeast (5g); Olive oil (7ml),"Step 1: Activate Yeast | Dissolve 5g yeast in 100ml warm water with a pinch of sugar and let sit for 5 minutes until foamy. |  | Step 2: Mix Dough | Combine 150g flour with the yeast mixture and 7ml olive oil, kneading until smooth. |  | Step 3: Add Herbs | Finely chop 10g mixed herbs (e.g., rosemary, thyme) and knead into the dough. |  | Step 4: Incorporate Cheese | Grate 80g cheese (e.g., cheddar or feta) and knead into the dough until evenly distributed. |  | Step 5: Let Dough Rise | Cover the dough and let it rise in a warm place for 20 minutes until doubled in size. |  | Step 6: Shape Loaf | Punch down the dough, shape into a loaf, and place in a greased loaf pan. |  | Step 7: Bake Bread | Bake at 190°C for 35 minutes until golden and hollow-sounding when tapped. |  | Step 8: Serve Slice | Cool slightly, cut a thick slice, and serve warm as a snack.",https://res.cloudinary.com/duegxp0u0/image/upload/v1748524316/kp6iyia92mhdvpt3tewj.jpg
68395ecea1f9120d4641a4fd,Chicken & Hummus Plate,breakfast,non_vegetarian,weight_loss,390.0,42.0,30.0,15.0,6.0,550.0,85.0,20,2,Chicken & Hummus Plate Chicken & Hummus Plate Chicken & Hummus Plate Chicken breast Hummus Cucumber Whole-wheat pita Olive oil Paprika Salt Black pepper Parsley non_vegetarian,"nut_free,egg_free,low_sugar",Chicken breast (180g); Hummus (100g); Cucumber (50g); Whole-wheat pita (1); Olive oil (1 tsp); Paprika (½ tsp); Salt (¼ tsp); Black pepper (¼ tsp); Parsley (1 tsp (optional)),"Step 1: Prepare Chicken | Pat 180g chicken breast dry with a paper towel for even grilling. | Step 2: Season Chicken | Rub chicken with 1 tsp olive oil, ½ tsp paprika, ¼ tsp salt, and ¼ tsp black pepper. | Step 3: Preheat Grill | Heat a grill pan or skillet over medium-high heat and lightly oil the surface. | Step 4: Grill Chicken | Grill chicken for 5–6 minutes per side until cooked through (internal temp 165°F/74°C), then let rest for 2 minutes before slicing. | Step 5: Prepare Cucumber | Wash and thinly slice 50g cucumber into rounds or sticks for freshness. | Step 6: Warm Pita | Heat 1 whole-wheat pita in a dry skillet or oven for 1–2 minutes until soft and warm. | Step 7: Assemble Plate | Arrange sliced chicken, 100g hummus, cucumber slices, and pita (cut into wedges) on a plate. | Step 8: Serve | Garnish with a sprinkle of parsley if desired, and serve immediately as a balanced lunch, dipping pita or cucumber in hummus.",https://res.cloudinary.com/duegxp0u0/image/upload/v1748524579/d6hypst75yxvwadgdjq3.jpg
68395ed6a1f9120d4641a582,Herbed Zucchini Chips,snack,mediterranean,weight_loss,95.0,3.0,9.0,6.0,4.0,20.0,0.0,30,2,Herbed Zucchini Chips Herbed Zucchini Chips Herbed Zucchini Chips Zucchini Mixed herbs Olive oil mediterranean,"gluten_free,nut_free,egg_free,lactose_free,low_sodium,low_carb,low_sugar,low_cholesterol,dairy_free",Zucchini (250g); Mixed herbs (5g); Olive oil (5ml),"Step 1: Preheat Oven | Set the oven to 110°C to preheat for low-temperature baking. |  | Step 2: Wash Zucchini | Rinse 250g zucchini under cold water and pat dry. |  | Step 3: Slice Zucchini | Use a mandoline or sharp knife to slice the zucchini into 2mm thick rounds. |  | Step 4: Prep Herbs | Finely chop 5g mixed fresh herbs (e.g., rosemary, thyme, or oregano). |  | Step 5: Season Chips | Place zucchini slices on a baking sheet, drizzle with 5ml olive oil, and sprinkle herbs evenly. |  | Step 6: Arrange Slices | Spread the slices in a single layer, ensuring they don’t overlap. |  | Step 7: Bake Chips | Bake for 25 minutes, flipping halfway, until crisp and lightly golden. |  | Step 8: Serve Crispy | Cool slightly, then serve the zucchini chips as a crunchy snack.",https://res.cloudinary.com/duegxp0u0/image/upload/v1748524394/pdsroxbzmqq7zhcjpanz.jpg
68395eeaa1f9120d4641a6c8,Grilled Paneer Skewers with Mint Yogurt Dip,snack,desi,weight_loss,160.0,10.0,3.0,12.0,0.0,200.0,20.0,20,1,Grilled Paneer Skewers with Mint Yogurt Dip Grilled Paneer Skewers with Mint Yogurt Dip Grilled Paneer Skewers with Mint Yogurt Dip Paneer Yogurt Mint Salt Oil Spices desi,"gluten_free,nut_free,egg_free,low_sodium,low_sugar,low_carb","Paneer (1/2 cup (100g, cubed)); Yogurt (1/4 cup (60g)); Mint (1 tbsp (3g, chopped)); Salt (To taste (assumed 1/4 tsp, 0.75g, not listed but implied)); Oil (As needed (assumed 1 tsp, 5g, for grilling, not listed but implied)); Spices (As needed (assumed 1/4 tsp cumin powder, 0.5g, not listed but implied for flavor))","Step 1: Cube the Paneer : | Cut paneer (Indian cottage cheese) into cubes and place them in a bowl. | Step 2: Marinate the Paneer : | Marinate the paneer cubes with turmeric, cumin powder, coriander powder, and lemon juice. Let them sit for 15-20 minutes to absorb the flavors. | Step 3: Prepare Skewers : | Skewer the marinated paneer cubes onto grilling skewers. | Step 4: Preheat the Grill : | Preheat the grill or grill pan to medium-high heat. | Step 5: Grill the Paneer : | Place the skewered paneer on the grill and cook for 8-10 minutes, turning occasionally, until golden and slightly crispy on the edges. | Step 6: Prepare the Mint Yogurt Dip : | In a separate bowl, mix yogurt, finely chopped mint leaves, and cumin powder to create a refreshing dip. | Step 7: Serve the Paneer : | Remove the grilled paneer from the skewers and plate them. | Step 8: Serve with Dip : | Serve the grilled paneer cubes with the mint yogurt dip for a flavorful, refreshing treat.",https://res.cloudinary.com/duegxp0u0/image/upload/v1745169497/recipe_uploads/rwsu9h3hsj7cudx1s6oc.jpg
68395eeaa1f9120d4641a633,Lemon & Garlic Marinated Grilled Chicken Breast,dinner,desi,weight_loss,200.0,24.0,2.0,10.0,0.0,400.0,70.0,15,2,Lemon & Garlic Marinated Grilled Chicken Breast Lemon & Garlic Marinated Grilled Chicken Breast Lemon & Garlic Marinated Grilled Chicken Breast Chicken Breast Lemon Juice Garlic Olive Oil Salt Pepper desi,"gluten_free,nut_free,egg_free,lactose_free,low_sodium,low_sugar,low_carb,low_cholesterol,dairy_free","Chicken Breast (200g (boneless, skinless)); Lemon Juice (2 tbsp (30ml)); Garlic (2 cloves (6g, minced)); Olive Oil (1 tbsp (14g)); Salt (To taste (assumed 1/2 tsp, 1.5g)); Pepper (To taste (assumed 1/4 tsp, 0.5g))","Step 1: Marinate the chicken: | Marinate chicken breast with lemon juice, garlic, olive oil, and spices for at least 1 hour. | Step 2: Preheat the grill: | Preheat the grill to medium-high heat. | Step 3: Grill the chicken: | Grill chicken for 5-7 minutes per side, or until fully cooked and juices run clear. | Step 4: Check the internal temperature: | Ensure the internal temperature of the chicken reaches 165°F (75°C). | Step 5: Rest the chicken: | Let the chicken rest for a few minutes before slicing to retain moisture. | Step 6: Prepare side vegetables: | Prepare a side of fresh vegetables such as steamed broccoli, carrots, or a salad. | Step 7: Plate the dish: | Arrange the grilled chicken and vegetables on a serving plate. | Step 8: Serve and enjoy: | Serve immediately and enjoy your healthy, flavorful meal.",https://res.cloudinary.com/duegxp0u0/image/upload/v1745169324/recipe_uploads/e6tax234zftid84ka4bc.jpg
68395ecea1f9120d4641a4f7,Turkey & Avocado Sandwich,lunch,non_vegetarian,weight_loss,400.0,35.0,35.0,15.0,8.0,600.0,45.0,15,1,Turkey & Avocado Sandwich Turkey & Avocado Sandwich Turkey & Avocado Sandwich Turkey slices Avocado Whole-grain bread Spinach Lemon juice Black pepper Parsley non_vegetarian,"nut_free,egg_free,lactose_free,low_sugar,dairy_free",Turkey slices (100g); Avocado (½ (~70g)); Whole-grain bread (2 slices); Spinach (20g); Lemon juice (1 tsp); Black pepper (1 pinch); Parsley (1 pinch (optional)),"Step 1: Prepare Avocado | Cut ½ avocado (~70g) in half, remove the pit, scoop out the flesh, and mash lightly with a fork. | Step 2: Season Avocado | Mix mashed avocado with 1 tsp lemon juice and a pinch of black pepper for flavor. | Step 3: Prepare Spinach | Wash 20g spinach leaves thoroughly and pat dry with a paper towel. | Step 4: Slice Turkey | Ensure 100g turkey slices (deli or roasted) are ready for layering. | Step 5: Assemble Sandwich | Spread the mashed avocado on one slice of whole-grain bread, then layer turkey slices and spinach evenly. | Step 6: Top Sandwich | Place the second slice of whole-grain bread on top, pressing gently to hold the filling. | Step 7: Toast Sandwich | Lightly toast the assembled sandwich in a dry skillet or toaster oven for 2–3 minutes until the bread is golden and crisp. | Step 8: Serve | Cut the sandwich diagonally, garnish with a pinch of chopped parsley if desired, and serve immediately as a light lunch.",https://res.cloudinary.com/duegxp0u0/image/upload/v1748524790/y6zudnmf7z5yaveodpxf.jpg
68395ef0a1f9120d4641a6fc,Mutton Nihari with Khameeri Roti,lunch,desi,weight_gain,638.0,20.0,35.0,20.0,3.0,1090.0,40.0,2,3,Mutton Nihari with Khameeri Roti Mutton Nihari with Khameeri Roti Mutton Nihari with Khameeri Roti Mutton Onions Wheat flour Red chili powder Nihari masala Salt Cooking oil Khameeri roti Water Coriander leaves Green chilies Whole wheat flour Yeast Butter Turmeric powder Coriander powder Ginger desi,"nut_free,egg_free,low_sugar","Mutton (300g); Onions (1 large, sliced); Wheat flour (1 tbsp); Red chili powder (1 tsp); Nihari masala (1 tbsp); Salt (1 tsp); Cooking oil (3 tbsp); Khameeri roti (4 pieces); Water (4 cups); Coriander leaves (2 tbsp, chopped); Green chilies (1, sliced); Whole wheat flour (1.5 cups); Yeast (½ tsp); Butter (1 tbsp); Turmeric powder (¼ tsp); Coriander powder (½ tsp); Ginger (1 tsp, julienned)","Step 1: Gather the Ingredients: Collect 4 tbsp oil, 2 sliced onions, 2 tbsp ginger-garlic paste, 300g mutton (shank or leg), 1 tsp red chili powder, 1 tsp turmeric, 1 tbsp nihari masala, 1 tsp salt, 2 tbsp wheat flour, 4 cups water, and khameeri roti for serving. | Step 2: Heat the Oil: Pour 4 tbsp oil into a large pot and heat over medium heat for 1-2 minutes until hot. | Step 3: Fry the Onions: Add 2 sliced onions and fry for 8-10 minutes, stirring occasionally, until they turn golden brown. | Step 4: Cook the Mutton Base: Stir in 2 tbsp ginger-garlic paste, 1 kg mutton, 1 tsp red chili powder, 1 tsp turmeric, 1 tbsp nihari masala, and 1 tsp salt, cooking for 5-7 minutes until the mutton is seared. | Step 5: Simmer the Curry: Add 4 cups water, bring to a boil, then reduce to low heat, cover, and cook for 2 hours, stirring occasionally, until the mutton is tender. | Step 6: Prepare the Thickener: In a small bowl, mix 2 tbsp wheat flour with ¼ cup water to form a smooth slurry, ensuring no lumps remain. | Step 7: Thicken the Nihari: Slowly stir the wheat flour slurry into the curry, cooking for an additional 10-15 minutes on low heat until the gravy thickens. | Step 8: Serve with Khameeri Roti: Ladle the hot mutton nihari into bowls, garnish with fresh coriander or ginger slices if desired, and serve with soft khameeri roti.",https://res.cloudinary.com/duegxp0u0/image/upload/v1746775920/aw1sfrs8pblcijpqtb2b.jpg
68395eeaa1f9120d4641a63f,Beef & Spinach Stir-Fry with Lemon Juice,dinner,desi,weight_loss,240.0,24.0,6.0,14.0,2.0,400.0,70.0,30,2,Beef & Spinach Stir-Fry with Lemon Juice Beef & Spinach Stir-Fry with Lemon Juice Beef & Spinach Stir-Fry with Lemon Juice Lean Beef Spinach Onion Garlic Ginger Lemon Juice Salt Oil desi,"gluten_free,nut_free,egg_free,lactose_free,low_sodium,low_sugar,low_carb,dairy_free","Lean Beef (200g (thinly sliced, corrected from ""مٹن"" to beef as per context)); Spinach (100g (chopped)); Onion (1 small (70g, chopped)); Garlic (1 tbsp (15g, minced)); Ginger (1 tbsp (10g, grated)); Lemon Juice (1 tbsp (15ml)); Salt (To taste (assumed 1/2 tsp, 1.5g, not listed but implied)); Oil (As needed (assumed 1 tbsp, 14g, for cooking, not listed but implied))","Step 1: Heat the pan: | Heat a pan over medium heat and add a little oil. Once the oil is hot, sauté onions, garlic, and ginger until they become fragrant and golden brown. | Step 2: Cook the beef: | Add thinly sliced lean beef to the pan. Cook the beef, stirring occasionally, until it turns brown and is cooked through. | Step 3: Add the spinach: | Add spinach to the pan along with lemon juice, cumin, and chili powder. Stir everything well to combine the ingredients. | Step 4: Stir-fry the mixture: | Continue stir-frying the mixture until the spinach wilts and the beef is fully cooked, absorbing the flavors from the spices. | Step 5: Adjust seasoning: | Taste the dish and add salt or extra chili powder to your preference if needed. | Step 6: Prepare the side: | While the beef and spinach are cooking, prepare a side of brown rice or roti to accompany the dish. | Step 7: Serve the dish: | Once the stir-fry is ready, remove it from the heat and serve it hot alongside your prepared side of brown rice or roti. | Step 8: Enjoy the meal: | Enjoy your flavorful and nutritious beef and spinach stir-fry with a satisfying side of brown rice or roti.",https://res.cloudinary.com/duegxp0u0/image/upload/v1745169347/recipe_uploads/uk7ztm8ziufgc4dzl6ra.jpg
68395ec7a1f9120d4641a4e0,Shakshuka with Desi Roti,lunch,vegetarian,weight_gain,375.0,10.0,25.0,15.0,3.0,1080.0,160.0,30,1,Shakshuka with Desi Roti Shakshuka with Desi Roti Shakshuka with Desi Roti Eggs Tomato Onion Garlic Cumin powder Red chili flakes Salt Olive oil Whole wheat roti Whole wheat flour Water Fresh coriander Paprika vegetarian,"nut_free,low_sugar","Eggs (2); Tomato (2, chopped); Onion (1, chopped); Garlic (1 clove, minced); Cumin powder (½ tsp); Red chili flakes (¼ tsp); Salt (½ tsp); Olive oil (1 tbsp); Whole wheat roti (1); Whole wheat flour (¼ cup); Water (2 tbsp); Fresh coriander (1 tbsp, chopped); Paprika (¼ tsp)","Step 1: Gather the Ingredients: | Collect 2 tbsp olive oil, 1 chopped onion, 2 garlic cloves (minced), 4 chopped tomatoes, 1 tsp cumin powder, 1 tsp red chili flakes, 1 tsp salt, 2 eggs, 2 cups whole wheat flour, water for dough, and fresh coriander for garnish. | Step 2: Heat the Olive Oil: | Pour 2 tbsp olive oil into a wide pan and heat over medium heat for 1-2 minutes until warm. | Step 3: Sauté the Onions and Garlic: | Add 1 chopped onion and 2 minced garlic cloves, sautéing for 4-5 minutes until fragrant and the onions soften. | Step 4: Cook the Tomato Base: | Stir in 4 chopped tomatoes, 1 tsp cumin powder, 1 tsp red chili flakes, and 1 tsp salt, cooking for 10 minutes until the tomatoes break down into a thick sauce. | Step 5: Create Wells for Eggs: | Use a spoon to make 4 small wells in the tomato mixture, spacing them evenly across the pan. | Step 6: Add the Eggs: | Crack 2 eggs carefully into the wells, cover the pan, and cook on low heat for 5-7 minutes until the eggs are set to your liking. | Step 7: Prepare Desi Roti: | Knead 2 cups whole wheat flour with water into a soft dough, roll into rotis, and cook on a tawa for 1-2 minutes per side until lightly browned. | Step 8: Serve Hot: | Garnish the shakshuka with fresh coriander, plate it hot, and serve with warm desi roti for a hearty meal.",https://res.cloudinary.com/duegxp0u0/image/upload/v1748525342/knbgjgzjzf0ijpr7sevy.jpg
68395ef0a1f9120d4641a6fe,Kashmiri Rogan Josh with Rice,dinner,desi,weight_gain,561.0,20.0,50.0,15.0,2.0,1090.0,40.0,2,3,"Kashmiri Rogan Josh with Rice Kashmiri Rogan Josh with Rice Kashmiri Rogan Josh with Rice Mutton Yogurt Onions Kashmiri red chili powder Rogan josh masala Salt Cooking oil Basmati rice Water Saffron Coriander leaves Whole spices (cloves, cardamom) Water Fennel powder Dry ginger powder desi","nut_free,egg_free,low_sugar","Mutton (300g); Yogurt (½ cup); Onions (1 large, sliced); Kashmiri red chili powder (1 tsp); Rogan josh masala (1 tbsp); Salt (1 tsp); Cooking oil (2 tbsp); Basmati rice (1 cup); Water (2 cups); Saffron (pinch); Coriander leaves (2 tbsp, chopped); Whole spices (cloves, cardamom) (½ tsp); Water (1 cup); Fennel powder (½ tsp); Dry ginger powder (¼ tsp)","Step 1: Gather the Ingredients: Collect 4 tbsp oil, 2 sliced onions, 1 tbsp ginger-garlic paste, ½ cup yogurt, 1 tsp red chili powder, 1 tsp fennel powder, ½ tsp turmeric, 1 tsp garam masala, 1 tsp salt, 300g mutton, 2 cups basmati rice, and 4 cups water. | Step 2: Heat the Oil: Pour 4 tbsp oil into a heavy-bottomed pan and heat over medium heat for 1-2 minutes until hot. | Step 3: Fry the Onions: Add 2 sliced onions and fry for 8-10 minutes, stirring occasionally, until they turn golden brown. | Step 4: Cook the Base: Stir in 1 tbsp ginger-garlic paste, ½ cup yogurt, 1 tsp red chili powder, 1 tsp fennel powder, ½ tsp turmeric, 1 tsp garam masala, and 1 tsp salt, cooking for 5 minutes until the mixture thickens. | Step 5: Add the Mutton: Mix in 1 kg mutton pieces, searing them for 5-7 minutes until lightly browned and coated with the spices. | Step 6: Simmer the Curry: Add 2 cups water, bring to a boil, then reduce to low heat, cover, and cook for 2 hours, stirring occasionally, until the mutton is tender and the gravy is rich. | Step 7: Cook the Rice: In a separate pot, bring 4 cups water to a boil, add 1 cup basmati rice, and cook for 10-12 minutes until fluffy, then drain excess water. | Step 8: Serve Hot: Ladle the aromatic rogan josh into a bowl and serve with a side of hot steamed basmati rice for a flavorful Kashmiri meal.",https://res.cloudinary.com/duegxp0u0/image/upload/v1746775919/ulvaiompgkoufmgb2ivy.jpg
68395ecea1f9120d4641a521,Egg & Beef Bibimbap,dinner,non_vegetarian,weight_loss,510.0,40.0,55.0,18.0,5.0,700.0,230.0,30,2,Egg & Beef Bibimbap Egg & Beef Bibimbap Egg & Beef Bibimbap Ground beef Rice Eggs Mixed vegetables Sesame oil Soy sauce Garlic Sugar Olive oil Gochujang Sesame seeds Salt non_vegetarian,"nut_free,lactose_free,low_sugar,dairy_free",Ground beef (200g); Rice (150g); Eggs (2); Mixed vegetables (200g); Sesame oil (2 tsp); Soy sauce (1 tbsp); Garlic (½ tsp (minced)); Sugar (½ tsp); Olive oil (1 tsp); Gochujang (½ tsp); Sesame seeds (1 tsp); Salt (1 pinch),"Step 1: Cook Rice | Rinse 150g rice, cook in 300ml water for 10–12 minutes until tender, then set aside, covered. | Step 2: Prepare Vegetables | Chop 200g mixed vegetables (e.g., carrots, zucchini, spinach) into thin strips or small pieces. | Step 3: Sauté Beef | Heat 1 tsp sesame oil in a skillet over medium heat, add 200g ground beef, and sauté for 4–5 minutes until browned, breaking it apart. | Step 4: Season Beef | Add 1 tbsp soy sauce, ½ tsp minced garlic, and ½ tsp sugar to the beef, stirring for 1 minute, then remove and set aside. | Step 5: Cook Vegetables | In the same skillet, add 1 tsp sesame oil, sauté vegetables for 3–4 minutes until tender, seasoning with a pinch of salt. | Step 6: Fry Eggs | In a separate non-stick skillet, heat 1 tsp olive oil, fry 2 eggs sunny-side up for 2–3 minutes until whites are set but yolks are runny. | Step 7: Assemble Bowls | Divide rice between two bowls, top with beef, vegetables, and a fried egg in each. | Step 8: Serve | Drizzle ½ tsp gochujang (or hot sauce) over each bowl, sprinkle with 1 tsp sesame seeds, and serve hot as a vibrant lunch.",https://res.cloudinary.com/duegxp0u0/image/upload/v1748524630/xkr3x8hqyzu8vm7bxmec.jpg
68395ec7a1f9120d4641a4b1,Quinoa & Black Bean Casserole,lunch,vegetarian,weight_gain,540.0,32.0,60.0,25.0,12.0,700.0,50.0,40,2,Quinoa & Black Bean Casserole Quinoa & Black Bean Casserole Quinoa & Black Bean Casserole Quinoa Black beans Cheddar Olive oil Onion Cumin Salt Cilantro vegetarian,"gluten_free,nut_free,egg_free,low_sugar",Quinoa (200g); Black beans (200g); Cheddar (100g); Olive oil (1 tsp); Onion (100g); Cumin (1 tsp); Salt (1/2 tsp); Cilantro (1 tsp (optional)),"Step 1: Preheat Oven | Preheat the oven to 180°C and lightly grease a baking dish with 1 tsp olive oil. | Step 2: Prepare Quinoa | Ensure 200g cooked quinoa is ready and cooled slightly, then place in a large mixing bowl. | Step 3: Prepare Black Beans | Rinse and drain 200g cooked black beans, then add to the quinoa. | Step 4: Add Vegetables | Chop 100g onion and mix into the bowl for added flavor and texture. | Step 5: Mix Ingredients | Add 100g shredded cheddar cheese, 1 tsp cumin, and 1/2 tsp salt to the quinoa and beans, stirring to combine. | Step 6: Transfer to Dish | Spoon the mixture into the greased baking dish, spreading it evenly. | Step 7: Bake Casserole | Bake for 25 minutes until the cheese is melted and the top is lightly golden. | Step 8: Serve | Let cool for 5 minutes, garnish with 1 tsp chopped cilantro if desired, and serve warm.",https://res.cloudinary.com/duegxp0u0/image/upload/v1748525306/kfgqothhzes4kpa11wrx.jpg
68395eeaa1f9120d4641a6ea,Kala Chana Chaat (Black Chickpea Salad with Lemon),snack,desi,weight_loss,110.0,6.0,18.0,2.0,6.0,400.0,0.0,20,2,Kala Chana Chaat (Black Chickpea Salad with Lemon) Kala Chana Chaat (Black Chickpea Salad with Lemon) Kala Chana Chaat (Black Chickpea Salad with Lemon) Black Chickpeas (Kala Chana) Onions Tomatoes Cucumber Green Chili Fresh Coriander Mint Leaves Lemon Juice Roasted Cumin Powder Black Salt (Kala Namak) Black Pepper Chaat Masala Red Chili Powder Radish Pomegranate Seeds Salt desi,"gluten_free,nut_free,egg_free,lactose_free,low_sodium,low_sugar,low_fat,dairy_free","Black Chickpeas (Kala Chana) (1 cup (200g, cooked or canned, drained)); Onions (1/2 cup (75g, chopped)); Tomatoes (1/2 cup (75g, chopped)); Cucumber (1/4 cup (40g, chopped)); Green Chili (1 (5g, finely chopped)); Fresh Coriander (2 tbsp (6g, chopped)); Mint Leaves (1 tbsp (3g, chopped)); Lemon Juice (2 tbsp (30ml)); Roasted Cumin Powder (1/2 tsp (1g)); Black Salt (Kala Namak) (1/2 tsp (1.5g)); Black Pepper (1/4 tsp (0.5g)); Chaat Masala (1/2 tsp (1g)); Red Chili Powder (1/4 tsp (0.5g)); Radish (1/4 cup (40g, grated, optional)); Pomegranate Seeds (1 tbsp (10g, optional)); Salt (To taste (assumed 1/2 tsp, 1.5g))","Step 1: Prepare the Black Chickpeas: | Wash 1 cup black chickpeas (kala chana) thoroughly and soak in water overnight or for at least 8 hours. Drain the water and rinse the chickpeas. In a pressure cooker, add the soaked chickpeas with 3 cups of water and a pinch of salt. Pressure cook for 2-3 whistles, then lower the heat and cook for another 5 minutes. The chickpeas should be cooked but firm, not mushy. Let the pressure release naturally, then drain and cool completely. | Step 2: Prepare the Vegetables: | Finely chop 1/2 cup onions, 1/2 cup tomatoes, 1/4 cup cucumber, and 1 green chili. Finely chop 2 tbsp fresh coriander and 1 tbsp mint leaves. | Step 3: Prepare the Dressing: | In a small bowl, mix 2 tbsp lemon juice, 1/2 tsp roasted cumin powder, 1/2 tsp black salt (kala namak), 1/4 tsp black pepper, 1/2 tsp chaat masala, and 1/4 tsp red chili powder. Whisk well to combine all the ingredients. | Step 4: Assemble the Chaat: | In a large bowl, add the cooked and cooled black chickpeas. Add all the chopped vegetables, coriander, and mint leaves. Pour the dressing over the chickpeas and vegetables. Mix gently to ensure everything is well combined. | Step 5: Enhance the Flavors (Optional): | For added flavor, you can add 1/4 cup grated radish and 1 tbsp pomegranate seeds if in season. | Step 6: Serve: | Let the chaat sit for 5-10 minutes to allow the flavors to meld. Serve at room temperature for a refreshing, protein-rich snack or light meal. | Step 7: Adjust the Spice Level: | If you prefer more heat, add extra green chilies or red chili powder to your taste. | Step 8: Enjoy: | Serve immediately or store in the refrigerator for up to 1 day. Enjoy the fresh, flavorful black chickpea chaat!",https://res.cloudinary.com/duegxp0u0/image/upload/v1745169584/recipe_uploads/lxteh5wzvj4o9z9d3slx.jpg
68395ef0a1f9120d4641a70c,Tandoori Pomfret with Lemon Butter Sauce,dinner,desi,weight_gain,270.0,20.0,5.0,15.0,0.0,1080.0,50.0,40,1,Tandoori Pomfret with Lemon Butter Sauce Tandoori Pomfret with Lemon Butter Sauce Tandoori Pomfret with Lemon Butter Sauce Pomfret fish Yogurt Lemon juice Garlic paste Red chili powder Salt Butter Turmeric powder Garam masala Oil Ginger paste Fresh coriander desi,"nut_free,egg_free,low_sugar,low_carb","Pomfret fish (1 whole); Yogurt (¼ cup); Lemon juice (2 tbsp); Garlic paste (1 tsp); Red chili powder (½ tsp); Salt (½ tsp); Butter (1 tbsp); Turmeric powder (¼ tsp); Garam masala (¼ tsp); Oil (1 tsp); Ginger paste (½ tsp); Fresh coriander (1 tbsp, chopped)","Step 1: Gather the Ingredients: Collect 1 whole pomfret fish (cleaned), ½ cup yogurt, 1 tbsp lemon juice, 1 tsp garlic paste, 1 tsp red chili powder, 1 tsp salt, 2 tbsp oil, 3 tbsp butter, 1 tbsp extra lemon juice for sauce, and fresh coriander for garnish. | Step 2: Prepare the Marinade: In a bowl, mix ½ cup yogurt, 1 tbsp lemon juice, 1 tsp garlic paste, 1 tsp red chili powder, and 1 tsp salt until smooth. | Step 3: Marinate the Pomfret: Slash  pomfret fish on both sides, coat them with the marinade, ensuring it gets into the cuts, and refrigerate for 30 minutes. | Step 4: Preheat the Grill: Heat a grill or grill pan over medium-high heat for 5-7 minutes until ready for cooking. | Step 5: Grill the Fish: Brush the grill with 2 tbsp oil, place the marinated pomfret on it, and cook for 5-7 minutes per side until charred and cooked through. | Step 6: Prepare the Lemon Butter Sauce: Melt 3 tbsp butter in a small pan over low heat, stir in 1 tbsp lemon juice, and mix for 1 minute until combined. | Step 7: Check the Fish: Ensure the pomfret is flaky and fully cooked by testing with a fork; remove from the grill when done. | Step 8: Serve with Sauce: Plate the hot tandoori pomfret, drizzle with lemon butter sauce, garnish with coriander, and serve immediately.",https://res.cloudinary.com/duegxp0u0/image/upload/v1746775920/vv3s8jqiulrxub2artfn.jpg
68395ecea1f9120d4641a526,Lamb & Eggplant Moussaka,dinner,non_vegetarian,weight_gain,710.0,52.0,40.0,45.0,8.0,800.0,150.0,75,3,Lamb & Eggplant Moussaka Lamb & Eggplant Moussaka Lamb & Eggplant Moussaka Ground lamb Eggplant Béchamel sauce Potatoes Olive oil Onion Garlic Tomato puree Cinnamon Oregano Salt Parsley non_vegetarian,"nut_free,egg_free,low_sugar",Ground lamb (350g); Eggplant (300g); Béchamel sauce (200ml); Potatoes (200g); Olive oil (2 tsp); Onion (50g); Garlic (1 clove); Tomato puree (100ml); Cinnamon (½ tsp); Oregano (½ tsp); Salt (¼ tsp); Parsley (1 tsp (optional)),"Step 1: Preheat Oven | Preheat the oven to 180°C and lightly grease a deep baking dish with 1 tsp olive oil. | Step 2: Prepare Eggplant | Slice 300g eggplant into ¼-inch rounds, sprinkle with ¼ tsp salt, and let sit for 15 minutes to release moisture, then pat dry. | Step 3: Cook Eggplant | Heat 1 tbsp olive oil in a skillet over medium heat, cook eggplant slices for 2–3 minutes per side until golden, then set aside. | Step 4: Cook Lamb | In the same skillet, add 350g ground lamb and 50g chopped onion, cooking for 5–6 minutes until lamb is browned, breaking it apart. | Step 5: Season Lamb | Add 1 minced garlic clove, ½ tsp cinnamon, ½ tsp oregano, and 100ml tomato puree to the lamb, simmering for 5 minutes, then set aside. | Step 6: Prepare Potatoes | Peel and slice 200g potatoes into ¼-inch rounds, boil for 5 minutes until slightly tender, then drain. | Step 7: Assemble Moussaka | Layer potatoes in the baking dish, followed by half the eggplant, all the lamb mixture, remaining eggplant, and top with 200ml béchamel sauce. | Step 8: Bake and Serve | Bake for 40–45 minutes until golden and bubbly, let rest for 10 minutes, garnish with 1 tsp chopped parsley, and serve warm as a rich dinner.",https://res.cloudinary.com/duegxp0u0/image/upload/v1748524702/jd2o698oaevxwy8upkbn.jpg
68395ef0a1f9120d4641a755,Fish Karahi with Taftan Roti,lunch,desi,weight_gain,410.0,15.0,40.0,15.0,3.0,1080.0,30.0,40,1,Fish Karahi with Taftan Roti Fish Karahi with Taftan Roti Fish Karahi with Taftan Roti Boneless fish Tomato Green chilies Ginger garlic paste Oil Spices Taftan Red chili powder Turmeric Coriander leaves Whole wheat flour Milk Water desi,"nut_free,egg_free,low_sugar","Boneless fish (1 cup); Tomato (2); Green chilies (2); Ginger garlic paste (1 tbsp); Oil (2 tbsp); Spices (to taste); Taftan (1); Red chili powder (½ tsp); Turmeric (¼ tsp); Coriander leaves (1 tbsp, chopped); Whole wheat flour (½ cup (for taftan)); Milk (1 tbsp (for taftan)); Water (½ cup (for karahi))","Step 1: Gather Ingredients: Collect 500g fish fillets (e.g., cod or tilapia), 3 tbsp oil, 1 tbsp ginger-garlic paste, 2 tomatoes (chopped), 2 green chilies (chopped), 1 tsp red chili powder, 1 tsp garam masala, 1 tsp salt, 2 cups all-purpose flour, 1 tsp yeast, ½ cup milk, 1 tsp sugar, and 1 tbsp ghee. | Step 2: Prepare Fish: Rinse 500g fish fillets, pat dry, and cut into bite-sized pieces. | Step 3: Heat Oil: Heat 3 tbsp oil in a karahi or pan over medium heat for 1-2 minutes. | Step 4: Sauté Fish: Add 1 tbsp ginger-garlic paste and sauté for 1-2 minutes until fragrant, then add the fish pieces, cooking for 3-5 minutes until lightly browned on all sides. | Step 5: Add Tomatoes: Stir in 2 chopped tomatoes, cooking for 5-7 minutes until they break down into a thick paste. | Step 6: Cook with Spices: Add 2 chopped green chilies, 1 tsp red chili powder, 1 tsp garam masala, and 1 tsp salt, simmering for 5-10 minutes until the sauce thickens and coats the fish. | Step 7: Prepare Taftan Dough: In a bowl, mix 2 cups all-purpose flour with 1 tsp yeast, ½ cup milk, 1 tsp sugar, and a pinch of salt, knead into a soft dough, rest for 1 hour, roll into 4-6 ovals, and cook on a tawa or oven (250°C) for 2-3 minutes per side, brushing with 1 tbsp ghee. | Step 8: Serve Hot: Plate the hot fish karahi and serve with warm taftan roti.",https://res.cloudinary.com/duegxp0u0/image/upload/v1746772235/qw1ohhyv07dyh9cgkqxn.jpg
68395ef0a1f9120d4641a71f,Shahi Chicken Kofta with Butter Roti,lunch,desi,weight_gain,450.0,20.0,25.0,15.0,2.0,1090.0,40.0,55,2,Shahi Chicken Kofta with Butter Roti Shahi Chicken Kofta with Butter Roti Shahi Chicken Kofta with Butter Roti Minced chicken Onion Garlic paste Red chili powder Cumin powder Salt Butter roti Tomato Yogurt Garam masala Whole wheat flour Butter Oil Water Ginger paste Coriander leaves Bread crumbs Fresh cream desi,"nut_free,egg_free,low_sugar","Minced chicken (200g); Onion (1, chopped); Garlic paste (1 tsp); Red chili powder (½ tsp); Cumin powder (½ tsp); Salt (½ tsp); Butter roti (1); Tomato (1, chopped); Yogurt (¼ cup); Garam masala (¼ tsp); Whole wheat flour (¼ cup); Butter (1 tsp); Oil (1 tsp); Water (¼ cup); Ginger paste (½ tsp); Coriander leaves (1 tbsp, chopped); Bread crumbs (2 tbsp (for kofta binding)); Fresh cream (1 tbsp)","Step 1: Gather Ingredients: Collect 200g minced chicken, 1 chopped onion, 1 tsp garlic paste, 1 tsp red chili powder, 1 tsp cumin powder, 1 tsp salt, 2 tbsp oil, 1 cup tomato puree, 2 tbsp cream, 2 cups whole wheat flour, and 2 tbsp butter. | Step 2: Mix Kofta Mixture: Combine 200g minced chicken, 1 chopped onion, 1 tsp garlic paste, ½ tsp red chili powder, ½ tsp cumin powder, and ½ tsp salt in a bowl. | Step 3: Shape Koftas: Form the mixture into small, round koftas, pressing firmly to hold shape. | Step 4: Fry Koftas: Heat 2 tbsp oil in a pan over medium heat, fry koftas for 4-5 minutes until golden, then set aside. | Step 5: Cook Gravy: In the same pan, add 1 cup tomato puree, remaining ½ tsp red chili powder, ½ tsp cumin powder, and ½ tsp salt, cooking for 5 minutes, then stir in 2 tbsp cream and koftas, simmering for 10 minutes. | Step 6: Make Butter Roti: Knead 2 cups flour with water into dough, roll into rotis, and cook on a tawa with butter for 1-2 minutes per side. | Step 7: Serve Hot: Plate the shahi chicken kofta and serve with hot butter roti.",https://res.cloudinary.com/duegxp0u0/image/upload/v1746778283/wivfq7rlw3ytztgshxxx.jpg
68395ecea1f9120d4641a543,Egg & Beef Shakshuka,breakfast,non_vegetarian,weight_loss,450.0,38.0,20.0,28.0,4.0,600.0,260.0,35,2,Egg & Beef Shakshuka Egg & Beef Shakshuka Egg & Beef Shakshuka Ground beef Eggs Canned tomatoes Paprika Olive oil Onion Cumin Salt Black pepper Cilantro or parsley non_vegetarian,"gluten_free,nut_free,lactose_free,low_carb,low_sugar,dairy_free",Ground beef (200g); Eggs (4); Canned tomatoes (400g); Paprika (1 tbsp); Olive oil (1 tbsp); Onion (50g); Cumin (½ tsp); Salt (¼ tsp); Black pepper (¼ tsp); Cilantro or parsley (1 tsp (optional)),"Step 1: Prepare Aromatics | Heat 1 tbsp olive oil in a large skillet over medium heat, add 50g chopped onion, and sauté for 3–4 minutes until softened. | Step 2: Cook Beef | Add 200g ground beef to the skillet, breaking it apart, and cook for 5–6 minutes until browned. | Step 3: Add Spices | Stir in 1 tbsp paprika, ½ tsp cumin, ¼ tsp salt, and ¼ tsp black pepper, cooking for 1 minute until fragrant. | Step 4: Add Tomatoes | Pour in 400g canned tomatoes (with juice), stir, and simmer for 8–10 minutes until thickened slightly. | Step 5: Create Wells | Using a spoon, make 4 wells in the tomato-beef mixture. | Step 6: Add Eggs | Crack 4 eggs into the wells, cover the skillet, and cook for 5–7 minutes until eggs are set but yolks are still soft. | Step 7: Garnish | Sprinkle with 1 tsp chopped cilantro or parsley for freshness. | Step 8: Serve | Spoon shakshuka into bowls, serve with crusty bread or pita, and enjoy as a flavorful breakfast.",https://res.cloudinary.com/duegxp0u0/image/upload/v1748524634/qp5qps3fayrlwj0oju3z.jpg
68395ef0a1f9120d4641a72d,Spicy Keema Biryani with Cucumber Raita,dinner,desi,weight_gain,670.0,30.0,60.0,25.0,2.0,1090.0,80.0,60,5,Spicy Keema Biryani with Cucumber Raita Spicy Keema Biryani with Cucumber Raita Spicy Keema Biryani with Cucumber Raita Minced beef Basmati rice Onion Tomato Ginger garlic paste Red chili powder Garam masala Salt Oil Cucumber raita Yogurt Cucumber Water Coriander leaves Green chilies Cumin seeds Water desi,"nut_free,egg_free,low_sugar","Minced beef (500g); Basmati rice (2 cups); Onion (1, sliced); Tomato (1, chopped); Ginger garlic paste (2 tbsp); Red chili powder (1 tsp); Garam masala (½ tsp); Salt (1 tsp); Oil (½ cup); Cucumber raita (½ cup); Yogurt (½ cup); Cucumber (¼ cup, grated); Water (as needed); Coriander leaves (2 tbsp, chopped); Green chilies (2, chopped); Cumin seeds (½ tsp); Water (4 cups (for rice))","Step 1: Gather Ingredients: Collect 2 tbsp oil, 1 sliced onion, 1 tbsp ginger-garlic paste, 500g minced beef, 1 tsp salt, 1 tsp red chili powder, 1 tsp garam masala, 2 chopped tomatoes, 2 cups basmati rice, 4 cups water, 1 cup yogurt, ½ cucumber (grated), and 1 tsp cumin powder. | Step 2: Fry Onions: Heat 2 tbsp oil in a pot over medium heat, add 1 sliced onion, and fry for 5-7 minutes until golden. | Step 3: Cook Keema: Stir in 1 tbsp ginger-garlic paste, 500g minced beef, 1 tsp salt, 1 tsp red chili powder, and 1 tsp garam masala, cooking for 10-15 minutes until browned. | Step 4: Add Tomatoes: Mix in 2 chopped tomatoes and cook for 5-7 minutes until soft and oil separates. | Step 5: Cook Biryani: Add 2 cups basmati rice and 4 cups water, bring to a boil, then reduce heat, cover, and cook for 12-15 minutes until rice is done. | Step 6: Serve with Raita: Mix 1 cup yogurt with ½ grated cucumber, 1 tsp cumin powder, and a pinch of salt, fluff the biryani, and serve hot with cucumber raita.",https://res.cloudinary.com/duegxp0u0/image/upload/v1746744854/iufbajgssjfilk4rjrxi.jpg
68395ebfa1f9120d4641a478,Cheese-Stuffed Meatballs,dinner,keto,weight_gain,680.0,28.0,2.0,28.0,1.0,450.0,110.0,40,2,Cheese-Stuffed Meatballs Cheese-Stuffed Meatballs Cheese-Stuffed Meatballs Ground beef Mozzarella Egg Almond flour Salt Black pepper Parsley keto,"gluten_free,low_carb,low_sugar",Ground beef (200g); Mozzarella (50g); Egg (½); Almond flour (1 tbsp); Salt (⅛ tsp); Black pepper (pinch); Parsley (½ tsp (optional)),"Step 1: Prep Beef | In a bowl, mix 200g ground beef with 1 tbsp almond flour, ½ egg, ⅛ tsp salt, and a pinch of black pepper. | Step 2: Stuff Meatballs | Divide mixture into 4 portions, flatten, place 25g mozzarella in each, and form into balls. | Step 3: Preheat Oven | Preheat oven to 190°C. | Step 4: Arrange Meatballs | Place meatballs on a baking sheet lined with parchment. | Step 5: Bake Meatballs | Bake for 20–25 minutes until cooked through (internal temp 70°C). | Step 6: Check Doneness | Ensure mozzarella is melted inside. | Step 7: Garnish | Sprinkle with ½ tsp chopped parsley. | Step 8: Serve | Serve hot as a rich dinner.",https://res.cloudinary.com/duegxp0u0/image/upload/v1748523937/u1kinm6bybsvthw87ov0.jpg
68395ef0a1f9120d4641a725,Chapli Kabab Pulao with Yogurt Raita,lunch,desi,weight_gain,510.0,15.0,50.0,15.0,2.0,1090.0,40.0,60,2,Chapli Kabab Pulao with Yogurt Raita Chapli Kabab Pulao with Yogurt Raita Chapli Kabab Pulao with Yogurt Raita Beef mince Onion Green chilies Gram flour Cumin seeds Red chili powder Salt Basmati rice Yogurt Tomato Coriander leaves Oil Cucumber Water Garam masala Cumin powder desi,"nut_free,egg_free,low_sugar","Beef mince (200g); Onion (1, chopped); Green chilies (1, chopped); Gram flour (1 tbsp); Cumin seeds (½ tsp); Red chili powder (½ tsp); Salt (½ tsp); Basmati rice (1 cup); Yogurt (½ cup); Tomato (1, chopped); Coriander leaves (1 tbsp, chopped); Oil (1 tbsp); Cucumber (¼ cup, grated); Water (2 cups); Garam masala (¼ tsp); Cumin powder (¼ tsp (for raita))","Step 1: Gather Ingredients: Collect 200g beef mince, 2 tbsp gram flour, 1 tsp cumin seeds, 1 tsp red chili powder, 1 tsp salt, 2 tbsp oil, 2 cups basmati rice, 4 cups water, 1 cup yogurt, 1 tsp cumin powder, and 1 tbsp chopped mint. | Step 2: Mix Kabab Mixture: Combine 200g beef mince, 2 tbsp gram flour, 1 tsp cumin seeds, 1 tsp red chili powder, and 1 tsp salt in a bowl. | Step 3: Shape Patties: Form the mixture into flat, round chapli kabab patties. | Step 4: Fry Kababs: Heat 2 tbsp oil in a pan over medium heat, fry patties for 4-5 minutes per side until golden, then set aside. | Step 5: Cook Pulao: Boil 4 cups water in a pot, add 2 cups basmati rice, cook for 10-12 minutes until fluffy, then drain. | Step 6: Make Raita: Mix 1 cup yogurt with 1 tsp cumin powder, 1 tbsp chopped mint, and a pinch of salt in a bowl. | Step 7: Serve Hot: Plate the pulao, top with chapli kababs, and serve with yogurt raita on the side.",https://res.cloudinary.com/duegxp0u0/image/upload/v1746778282/fq62j67h6vfpycmtqnr5.jpg
68395ebfa1f9120d4641a49d,Cheese-Stuffed Meatloaf,dinner,keto,weight_gain,570.0,48.0,4.0,45.0,1.0,420.0,155.0,60,1,Cheese-Stuffed Meatloaf Cheese-Stuffed Meatloaf Cheese-Stuffed Meatloaf Ground beef Mozzarella cheese Egg Almond flour Salt & pepper keto,"gluten_free,nut_free,low_carb,low_sugar",Ground beef (150g); Mozzarella cheese (50g); Egg (1 small); Almond flour (1 tbsp); Salt & pepper (to taste),"Step 1: Prep Ground beef | Use 150g of ground beef as the base. | Step 2: Prepare Mozzarella cheese | Chop or measure 50g of mozzarella cheese. | Step 3: Combine Ingredients | Mix the prepared ingredients in a bowl. | Step 4: Add Egg | Incorporate 1 small of egg for flavor. | Step 5: Season | Add salt, pepper, or additional spices as needed. | Step 6: Set Aside | Chill or let the mixture rest for a few minutes if needed. | Step 7: Final Mix | Stir everything together to ensure even coating. | Step 8: Serve | Plate and enjoy your freshly prepared meal.",https://res.cloudinary.com/duegxp0u0/image/upload/v1748523936/j65pvqpgji9tltqqr3r8.jpg
68395eeaa1f9120d4641a6e4,Low-Oil Moong Dal Halwa (With Jaggery & Nuts),snack,desi,weight_loss,110.0,4.0,16.0,4.0,2.0,5.0,5.0,40,1,"Low-Oil Moong Dal Halwa (With Jaggery & Nuts) Low-Oil Moong Dal Halwa (With Jaggery & Nuts) Low-Oil Moong Dal Halwa (With Jaggery & Nuts) Moong Dal Jaggery Almonds, Cashews Water Cardamom Powder desi","gluten_free,egg_free,low_sodium,low_sugar","Moong Dal (1/4 cup (50g, dry)); Jaggery (2 tbsp (24g)); Almonds, Cashews (1 tbsp (10g, mixed, chopped, assumed equal parts)); Water (As needed (assumed 1/2 cup, 120ml, for cooking)); Cardamom Powder (As needed (assumed 1/4 tsp, 0.5g, not listed but implied for flavor))","Step 1: Gather Ingredients: | Collect moong dal, jaggery, water, oil, and chopped nuts for garnish. | Step 2: Soak the Moong Dal: | Soak the moong dal in water overnight to allow it to soften and absorb moisture. | Step 3: Cook the Moong Dal: | Drain the soaked moong dal and cook it in water over medium heat until it becomes soft and tender. | Step 4: Sauté the Moong Dal: | Once cooked, heat a small amount of oil in a pan and sauté the moong dal for a few minutes to enhance its flavor. | Step 5: Add Jaggery: | Stir in jaggery to the sautéed moong dal, mixing well until it dissolves and the mixture thickens slightly. | Step 6: Adjust Sweetness: | Taste and adjust the amount of jaggery as needed, depending on your desired sweetness. | Step 7: Garnish with Nuts: | Top the mixture with chopped nuts such as almonds, cashews, or pistachios for added texture and flavor. | Step 8: Serve: | Serve the moong dal dish warm as a sweet snack or dessert.",https://res.cloudinary.com/duegxp0u0/image/upload/v1745169571/recipe_uploads/puiqrjllwxol5l9mfr0v.jpg
68395ef0a1f9120d4641a749,Methi Paratha with Ghee & Pickle,breakfast,desi,weight_gain,380.0,5.0,40.0,15.0,5.0,1080.0,0.0,30,2,Methi Paratha with Ghee & Pickle Methi Paratha with Ghee & Pickle Methi Paratha with Ghee & Pickle Whole wheat flour Fresh methi leaves Green chili Cumin seeds Salt Ghee Pickle Water Red chili powder Water desi,"nut_free,egg_free,low_sugar",Whole wheat flour (1 cup); Fresh methi leaves (½ cup); Green chili (1); Cumin seeds (½ tsp); Salt (1 tsp); Ghee (1 tbsp); Pickle (1 tbsp); Water (as needed); Red chili powder (¼ tsp); Water (¼ cup (for dough)),"Step 1: Gather Ingredients: Collect 2 cups whole wheat flour, 1 cup fresh methi (fenugreek) leaves (chopped), 1 green chili (chopped), 1 tsp cumin seeds, 1 tsp salt, ¾ cup water (for dough), 2 tbsp ghee (for cooking), and mixed pickle. | Step 2: Prepare Methi: Rinse 1 cup fresh methi leaves thoroughly, chop finely, and set aside. | Step 3: Mix Dry Ingredients: In a large bowl, combine 2 cups whole wheat flour, chopped methi, 1 chopped green chili, 1 tsp cumin seeds, and 1 tsp salt. | Step 4: Knead Dough: Gradually add ¾ cup water to the flour mixture, kneading for 5-7 minutes until a soft, pliable dough forms, then cover and rest for 15 minutes. | Step 5: Divide Dough: Divide the rested dough into 4-6 equal balls. | Step 6: Roll Paratha: Roll each dough ball into a 6-7 inch circle using a rolling pin and a dusting of flour. | Step 7: Cook Paratha: Heat a tawa over medium heat, place the paratha on it, cook with ½ tbsp ghee per side for 1-2 minutes until golden and crisp. | Step 8: Serve Hot: Plate the hot methi paratha with a drizzle of ghee on top and serve with a spoonful of mixed pickle on the side.",https://res.cloudinary.com/duegxp0u0/image/upload/v1746770523/ux9tvfaczdevksmozohw.jpg
68395eeaa1f9120d4641a656,Brown Rice & Masoor Dal Khichdi (Lentil Porridge),breakfast,desi,weight_loss,300.0,12.0,46.0,8.0,8.0,400.0,0.0,15,1,Brown Rice & Masoor Dal Khichdi (Lentil Porridge) Brown Rice & Masoor Dal Khichdi (Lentil Porridge) Brown Rice & Masoor Dal Khichdi (Lentil Porridge) Brown Rice Red Lentils (Masoor Dal) Water Cumin Seeds Onion Turmeric Powder Salt Oil Fresh Coriander desi,"gluten_free,nut_free,egg_free,lactose_free,low_sodium,low_sugar,dairy_free","Brown Rice (1/2 cup (100g, dry)); Red Lentils (Masoor Dal) (1/2 cup (100g, dry)); Water (3 cups (720ml)); Cumin Seeds (1/2 tsp (1g)); Onion (1 (100g, chopped)); Turmeric Powder (1/2 tsp (1g)); Salt (To taste (assumed 1 tsp, 3g)); Oil (1 tbsp (14g)); Fresh Coriander (For garnish (assumed 1 tbsp, 3g, chopped))","Step 1: Wash the Rice and Lentils : | Wash 1/2 cup brown rice and 1/2 cup red lentils (masoor dal) thoroughly. | Step 2: Heat Oil and Sauté the Onions : | In a pot, heat 1 tbsp oil, add 1/2 tsp cumin seeds, 1 chopped onion, and sauté until the onions turn golden. | Step 3: Add Rice, Lentils, and Spices : | Add the washed rice, lentils, 3 cups water, 1/2 tsp turmeric, and salt to the pot. | Step 4: Cook Until Soft : | Cover the pot and cook the mixture until the rice and lentils are soft and fully cooked. | Step 5: Stir Occasionally : | Stir the mixture occasionally to prevent it from sticking to the bottom of the pot. | Step 6: Check the Consistency : | If needed, add a little more water and cook until the rice and lentils are tender and fully cooked. | Step 7: Garnish : | Garnish the dish with freshly chopped coriander leaves for added flavor and color. | Step 8: Serve : | Serve the warm rice and lentil dish with a side of your favorite vegetables or flatbread.",https://res.cloudinary.com/duegxp0u0/image/upload/v1745169417/recipe_uploads/ptw2hkfe91hvf0oodulm.jpg
68395ebfa1f9120d4641a481,Keto Beef Feast,dinner,keto,weight_gain,700.0,31.0,4.0,33.0,2.0,600.0,140.0,75,2,Keto Beef Feast Keto Beef Feast Keto Beef Feast Beef tenderloin Mushrooms Almond flour Prosciutto Egg Butter Thyme Salt Black pepper Parsley keto,"gluten_free,low_carb,low_sugar",Beef tenderloin (200g); Mushrooms (75g); Almond flour (25g); Prosciutto (40g); Egg (¼); Butter (½ tbsp); Thyme (¼ tsp); Salt (⅛ tsp); Black pepper (pinch); Parsley (½ tsp (optional)),"Step 1: Prep Beef | Season 200g beef tenderloin with ⅛ tsp salt and a pinch of black pepper, sear in a skillet for 2–3 minutes per side, cool. | Step 2: Make Duxelles | Blend 75g mushrooms with ½ tsp thyme, sauté until dry, cool. | Step 3: Prep Pastry | Mix 25g almond flour, ½ egg, and 1 tbsp butter to form a keto dough, roll thin. | Step 4: Wrap Beef | Layer 40g prosciutto on dough, spread duxelles, place beef on top, wrap tightly. | Step 5: Preheat Oven | Preheat oven to 200°C. | Step 6: Bake Wellington | Bake for 25–30 minutes until beef reaches 55°C (medium-rare). | Step 7: Rest Beef | Rest for 5 minutes, slice. | Step 8: Serve | Garnish with ½ tsp chopped parsley and serve hot as a rich dinner.",https://res.cloudinary.com/duegxp0u0/image/upload/v1748524024/vihbm377helyx81qejbu.jpg
68395ebfa1f9120d4641a46a,Lamb Kofta Kebabs,dinner,keto,weight_gain,340.0,24.0,2.0,28.0,1.0,300.0,90.0,30,2,Lamb Kofta Kebabs Lamb Kofta Kebabs Lamb Kofta Kebabs Ground lamb Cumin Parsley Olive oil Salt Smoked paprika keto,"gluten_free,nut_free,egg_free,low_carb,low_sugar,dairy_free",Ground lamb (175g); Cumin (½ tsp); Parsley (5g); Olive oil (½ tbsp); Salt (⅛ tsp); Smoked paprika (pinch (optional)),"Step 1: Prep Lamb | In a bowl, mix 175g ground lamb with ½ tsp cumin, 5g chopped parsley, and ⅛ tsp salt. | Step 2: Shape Koftas | Form mixture into 2–3 small patties or around skewers. | Step 3: Preheat Grill | Heat a grill pan or outdoor grill to medium-high. | Step 4: Brush Oil | Brush koftas with ½ tbsp olive oil to prevent sticking. | Step 5: Grill Koftas | Grill for 3–4 minutes per side until cooked through. | Step 6: Check Doneness | Ensure koftas reach an internal temperature of 70°C. | Step 7: Garnish | Sprinkle with a pinch of smoked paprika for flavor. | Step 8: Serve | Serve hot as a rich dinner.",https://res.cloudinary.com/duegxp0u0/image/upload/v1748524089/v9nvsralfbjr1icubbg0.jpg
68395eeaa1f9120d4641a6bd,Chia Seed Pudding with Jaggery & Nuts,breakfast,desi,weight_loss,150.0,4.0,16.0,8.0,5.0,30.0,0.0,10,1,Chia Seed Pudding with Jaggery & Nuts Chia Seed Pudding with Jaggery & Nuts Chia Seed Pudding with Jaggery & Nuts Chia Seeds Jaggery Mixed Nuts desi,"gluten_free,egg_free,low_sodium","Chia Seeds (2 tbsp (24g)); Jaggery (1 tbsp (12g)); Mixed Nuts (As needed (assumed 1 tbsp, 10g, chopped, not listed but implied from title))","Step 1: Mix Chia Seeds with Milk and Jaggery : | In a bowl, combine chia seeds with milk and jaggery, stirring well to dissolve the jaggery into the mixture. | Step 2: Let it Sit : | Allow the mixture to sit for 5-10 minutes, stirring occasionally to ensure the chia seeds are evenly distributed. | Step 3: Stir the Mixture : | Stir the mixture every few minutes to prevent the chia seeds from clumping together. | Step 4: Add Nuts : | Once the chia seeds have absorbed some liquid, top the mixture with chopped nuts like almonds and walnuts for added texture. | Step 5: Stir Again : | Gently mix the nuts into the chia pudding to distribute them evenly throughout the mixture. | Step 6: Refrigerate the Pudding : | Place the pudding in the refrigerator and allow it to chill for 2-3 hours to thicken. | Step 7: Check Consistency : | After refrigerating, check the consistency. If it's too thin, let it sit for a little longer, and it will thicken further. | Step 8: Serve and Enjoy : | Once thickened, serve the chia pudding chilled and enjoy as a healthy, satisfying snack or dessert.",https://res.cloudinary.com/duegxp0u0/image/upload/v1745169475/recipe_uploads/rdqzedz0nxigksd9zk0s.jpg
68395ed6a1f9120d4641a56e,Cucumber Boats,dinner,mediterranean,weight_loss,100.0,3.0,7.0,6.0,1.0,36.0,10.0,10,1,Cucumber Boats Cucumber Boats Cucumber Boats Cucumber Yogurt Dill Olive oil mediterranean,"gluten_free,nut_free,egg_free,low_sodium,low_carb,low_sugar,low_cholesterol",Cucumber (150g); Yogurt (50g); Dill (5g); Olive oil (4ml),"Step 1: Wash Cucumber | Rinse 1 cucumber (about 150g) under cold water to clean thoroughly. |  | Step 2: Trim Cucumber | Trim both ends of the cucumber and cut it in half lengthwise. |  | Step 3: Hollow Cucumber | Scoop out the seeds from each cucumber half using a spoon to create a hollow center. |  | Step 4: Prep Dill | Wash 5g fresh dill, pat dry, and finely chop the fronds. |  | Step 5: Measure Yogurt | Spoon 50g plain yogurt into a small mixing bowl. |  | Step 6: Mix Filling | Add chopped dill and 4ml olive oil to the yogurt, stirring until well combined. |  | Step 7: Fill Boats | Spoon the yogurt-dill mixture evenly into the hollowed cucumber halves. |  | Step 8: Serve Chilled | Place cucumber boats on a plate and serve immediately as a snack, optionally chilled.",https://res.cloudinary.com/duegxp0u0/image/upload/v1748524192/hnuttbrn8bs0hhhlixzw.jpg
68395eeaa1f9120d4641a6bc,Ragi & Date Energy Bars,snack,desi,weight_loss,140.0,4.0,20.0,6.0,3.0,5.0,0.0,15,1,Ragi & Date Energy Bars Ragi & Date Energy Bars Ragi & Date Energy Bars Ragi Flour Mixed Nuts Water Oil desi,"gluten_free,egg_free,lactose_free,low_sodium,dairy_free","Ragi Flour (1/2 cup (60g)); Mixed Nuts (2 tbsp (20g, assumed almonds and walnuts, chopped)); Water (As needed (assumed 2 tbsp, 30ml, for binding, not listed but implied)); Oil (As needed (assumed 1 tsp, 5g, for roasting, not listed but implied))","Step 1: Grind the Ragi Flour : | Grind ragi flour to a fine texture, ensuring it’s well-sifted and ready to be mixed with the other ingredients. | Step 2: Combine the Ingredients : | In a bowl, mix the ground ragi flour with chopped dates, nuts, and a little honey to bind the mixture together. | Step 3: Mix Well : | Stir the mixture thoroughly until the dates, nuts, and honey are evenly distributed throughout the flour. | Step 4: Prepare the Tray : | Line a tray or baking dish with parchment paper for easy removal of the bars once set. | Step 5: Press the Mixture into the Tray : | Transfer the mixture into the prepared tray, pressing it down firmly to ensure it is compact and evenly spread. | Step 6: Refrigerate for 2 Hours : | Place the tray in the refrigerator and let the mixture set for 2 hours, allowing it to firm up. | Step 7: Cut into Bars : | Once set, remove from the fridge and cut the mixture into bars or squares according to your desired size. | Step 8: Enjoy : | Serve the ragi bars as a healthy snack or energy booster, and enjoy!",https://res.cloudinary.com/duegxp0u0/image/upload/v1745169473/recipe_uploads/xvlojedv6h8twew11v5a.jpg
68395ef0a1f9120d4641a747,Keema Paratha with Green Chutney,breakfast,desi,weight_gain,430.0,15.0,40.0,15.0,5.0,1090.0,30.0,45,2,Keema Paratha with Green Chutney Keema Paratha with Green Chutney Keema Paratha with Green Chutney Whole wheat flour Minced beef Onion Green chili Coriander Ginger garlic paste Garam masala Salt Ghee Green chutney Water Mint Red chili powder Lemon juice Water desi,"nut_free,egg_free,low_sugar","Whole wheat flour (1 cup); Minced beef (½ cup); Onion (1 small); Green chili (1); Coriander (1 tbsp); Ginger garlic paste (1 tsp); Garam masala (½ tsp); Salt (1 tsp); Ghee (1 tbsp); Green chutney (2 tbsp); Water (as needed); Mint (1 tbsp, chopped (for chutney)); Red chili powder (½ tsp); Lemon juice (1 tsp (for chutney)); Water (¼ cup (for dough))","Step 1: Gather Ingredients: Collect 2 tbsp oil, 1 chopped onion, 1 green chili (chopped), 1 tbsp ginger-garlic paste, 200g minced beef, 1 tsp garam masala, 1 tsp salt, 2 cups whole wheat flour, 1 cup water (for dough), 2 tbsp ghee (for cooking), ½ cup cilantro, ½ cup mint leaves, 1 green chili, and 1 tbsp lemon juice (for chutney). | Step 2: Heat Oil: Heat 2 tbsp oil in a pan over medium heat for 1-2 minutes. | Step 3: Cook Keema: Add 1 chopped onion, 1 chopped green chili, and 1 tbsp ginger-garlic paste, sautéing for 5-7 minutes until onions soften, then add 200g minced beef, 1 tsp garam masala, and 1 tsp salt, cooking for 15-20 minutes until dry. | Step 4: Cool Filling: Remove the keema from heat and let it cool completely to room temperature. | Step 5: Knead Dough: In a bowl, knead 2 cups whole wheat flour with 1 cup water for 5-7 minutes into a soft dough, cover, and rest for 15 minutes. | Step 6: Stuff Paratha: Divide the dough into 4-6 balls, roll each into a 3-inch circle, place 1-2 tbsp cooled keema in the center, seal the edges, and roll out to a 6-7 inch circle. | Step 7: Cook Paratha: Heat a tawa over medium heat, cook each paratha with ½ tbsp ghee per side for 1-2 minutes until golden and crisp. | Step 8: Make Chutney and Serve: Blend ½ cup cilantro, ½ cup mint leaves, 1 green chili, 1 tbsp lemon juice, and a pinch of salt into a smooth chutney, serve the hot keema paratha with green chutney on the side.",https://res.cloudinary.com/duegxp0u0/image/upload/v1746770522/pjucpndn5sxpmkvmtn2b.jpg
68395eeaa1f9120d4641a6e1,Dahi Bhalla (Low-fats Yogurt with Baked Lentil Dumplings),snack,desi,weight_loss,80.0,7.0,14.0,3.0,4.0,200.0,5.0,30,1,Dahi Bhalla (Low-fats Yogurt with Baked Lentil Dumplings) Dahi Bhalla (Low-fats Yogurt with Baked Lentil Dumplings) Dahi Bhalla (Low-fats Yogurt with Baked Lentil Dumplings) Urad Dal Cumin Powder Salt Water desi,"gluten_free,nut_free,egg_free,low_sodium,low_sugar,low_fat","Urad Dal (1/2 cup (100g, dry, soaked)); Cumin Powder (1/2 tsp (1g)); Salt (To taste (assumed 1/2 tsp, 1.5g, split between bhalla and yogurt)); Water (As needed (assumed 1/4 cup, 60ml, for batter; 1 tbsp, 15ml, for soaking bhallas))","Step 1: Soak the Lentils: | Rinse and soak split urad dal (lentils) in water for 4–6 hours or overnight until they soften. | Step 2: Prepare the Batter: | Drain the soaked dal and grind it into a smooth, thick batter using minimal water. Add salt and optional spices like cumin or ginger. | Step 3: Preheat the Oven: | Preheat the oven to 375°F (190°C) and lightly grease a baking tray or use a silicone mold for uniform shapes. | Step 4: Shape the Dumplings: | Scoop spoonfuls of batter and shape into small dumplings, placing them on the prepared tray. | Step 5: Bake the Dumplings: | Bake the dumplings for 20–25 minutes or until they turn golden brown and are cooked through. | Step 6: Soak in Warm Water: | After baking, soak the dumplings in warm water for 10–15 minutes to soften them. | Step 7: Prepare the Yogurt Base: | Whisk low-fats yogurt until smooth. Add a pinch of salt, roasted cumin powder, and a dash of red chili powder. | Step 8: Assemble and Serve: | Gently squeeze water from the dumplings, place them in a serving dish, pour yogurt over them, sprinkle spices, and serve chilled or at room temperature.",https://res.cloudinary.com/duegxp0u0/image/upload/v1745169555/recipe_uploads/mba5cs8f85fozlvpoulp.jpg
68395ebfa1f9120d4641a49a,Smoked Salmon Pinwheels,snack,keto,weight_loss,260.0,22.0,3.0,20.0,1.0,520.0,55.0,15,1,Smoked Salmon Pinwheels Smoked Salmon Pinwheels Smoked Salmon Pinwheels Smoked salmon Cream cheese Cucumber keto,"gluten_free,nut_free,egg_free,low_carb,low_sugar",Smoked salmon (60g); Cream cheese (25g); Cucumber (25g),"Step 1: Prep Smoked salmon | Use 60g of smoked salmon as the base. | Step 2: Prepare Cream cheese | Chop or measure 25g of cream cheese. | Step 3: Combine Ingredients | Mix the prepared ingredients in a bowl. | Step 4: Add Cucumber | Incorporate 25g of cucumber for flavor. | Step 5: Season | Add salt, pepper, or additional spices as needed. | Step 6: Set Aside | Chill or let the mixture rest for a few minutes if needed. | Step 7: Final Mix | Stir everything together to ensure even coating. | Step 8: Serve | Plate and enjoy your freshly prepared meal.",https://res.cloudinary.com/duegxp0u0/image/upload/v1748524089/kfwrk9irt5rkxmlegi7y.jpg
68395eeaa1f9120d4641a5f2,Chia Seed Pudding with Almonds,breakfast,desi,weight_loss,230.0,7.0,17.0,16.0,10.0,150.0,0.0,5,1,Chia Seed Pudding with Almonds Chia Seed Pudding with Almonds Chia Seed Pudding with Almonds Chia Seeds Almond Milk Honey (optional) desi,"gluten_free,egg_free,lactose_free,low_sodium,low_sugar,low_cholesterol,dairy_free",Chia Seeds (2 tbsp (24g)); Almond Milk (1 cup (240ml)); Honey (optional) (1 tsp (7g)),"Step 1: Prepare chia seed mix: | In a bowl, mix 2 tbsp chia seeds with 1 cup almond milk. Stir well and let it sit in the fridge for 4-6 hours or overnight to thicken. | Step 2: Check consistency: | After chilling, stir the pudding to ensure it has a smooth and even texture. | Step 3: Add sweetener: | Optional – mix in a drizzle of honey or stevia to sweeten the pudding before serving. | Step 4: Chop the almonds: | Roughly chop a handful of almonds for a crunchy topping. | Step 5: Add fruits (optional): | For extra flavor and nutrition, top the pudding with fresh fruits like berries or banana slices. | Step 6: Layer the pudding: | Spoon the chia pudding into a serving glass or bowl, creating layers if adding fruits. | Step 7: Garnish: | Sprinkle the chopped almonds on top and drizzle a bit more honey or stevia if desired. | Step 8: Serve: | Serve chilled as a healthy breakfast or snack.",https://res.cloudinary.com/duegxp0u0/image/upload/v1745168970/recipe_uploads/i4vdvztskvbkpiqyv0wn.jpg
68395ef0a1f9120d4641a72c,Mutton Kofta Pulao with Raisins and Nuts,lunch,desi,weight_gain,750.0,30.0,65.0,30.0,3.0,1090.0,80.0,60,5,Mutton Kofta Pulao with Raisins and Nuts Mutton Kofta Pulao with Raisins and Nuts Mutton Kofta Pulao with Raisins and Nuts Mutton mince Basmati rice Onion Ginger garlic paste Green chilies Yogurt Whole spices Salt Oil Raisins Almonds Water Coriander leaves Bread crumbs Cumin seeds Water desi,"egg_free,low_sugar","Mutton mince (500g); Basmati rice (2 cups); Onion (2, sliced); Ginger garlic paste (2 tbsp); Green chilies (3, chopped); Yogurt (½ cup); Whole spices (1 tbsp); Salt (1 tsp); Oil (½ cup); Raisins (2 tbsp); Almonds (2 tbsp, chopped); Water (as needed); Coriander leaves (2 tbsp, chopped); Bread crumbs (2 tbsp (for kofta binding)); Cumin seeds (½ tsp); Water (4 cups (for rice))","Step 1: Gather Ingredients: Collect 500g minced mutton, 1 tsp salt, 2 green chilies (chopped), 2 tbsp oil, 1 sliced onion, 1 tsp whole spices (cloves, cardamom), 1 tbsp ginger-garlic paste, ½ cup yogurt, 2 cups basmati rice, 4 cups water, 2 tbsp raisins, and 2 tbsp almonds (sliced). | Step 2: Prepare Koftas: Mix 500g minced mutton with 1 tsp salt and 2 chopped green chilies, shape into small koftas, and set aside. | Step 3: Fry Onions: Heat 2 tbsp oil in a pot over medium heat, add 1 sliced onion, and fry for 5-7 minutes until golden. | Step 4: Cook Base: Stir in 1 tsp whole spices and 1 tbsp ginger-garlic paste, sautéing for 1 minute, then add ½ cup yogurt and mix well. | Step 5: Cook Koftas: Gently add the koftas, cooking for 15-20 minutes until tender and cooked through. | Step 6: Add Rice and Nuts: Mix in 2 cups basmati rice, 4 cups water, 2 tbsp raisins, and 2 tbsp almonds, bring to a boil, then reduce heat, cover, and cook for 12-15 minutes until rice is done. | Step 7: Serve Hot: Fluff the pulao, ensuring koftas and nuts are evenly distributed, and serve hot.",https://res.cloudinary.com/duegxp0u0/image/upload/v1746744854/xbnppxmchyiagxjaoyiq.jpg
68395eeaa1f9120d4641a64c,Beef & Carrot Stew with Minimal Oil,dinner,desi,weight_loss,280.0,22.0,10.0,16.0,3.0,400.0,70.0,1,2,Beef & Carrot Stew with Minimal Oil Beef & Carrot Stew with Minimal Oil Beef & Carrot Stew with Minimal Oil Beef Carrots Onion Garlic Ginger Whole Spices Salt Oil Water desi,"gluten_free,nut_free,egg_free,lactose_free,low_sodium,low_sugar,low_carb,dairy_free","Beef (200g (lean, cubed)); Carrots (1 cup (120g, sliced)); Onion (1 medium (100g, chopped)); Garlic (1 tbsp (15g, minced)); Ginger (1 tbsp (10g, grated)); Whole Spices (1 tsp (2g, assumed mix of cumin seeds, cloves, and cardamom for calculation)); Salt (To taste (assumed 1/2 tsp, 1.5g, not listed but implied)); Oil (As needed (assumed 1 tbsp, 14g, for cooking, not listed but implied)); Water (As needed (assumed 1 cup, 240ml, for cooking))","Step 1: Brown the Beef : | Heat a non-stick pot with minimal oil, then add the beef cubes and brown them on all sides. Once browned, remove the beef and set it aside. | Step 2: Sauté Aromatics : | In the same pot, add chopped onions, minced garlic, and grated ginger. Sauté them until softened and fragrant. | Step 3: Add Beef Back to Pot : | Return the browned beef cubes to the pot and stir to combine with the softened aromatics. | Step 4: Add Carrots and Whole Spices : | Add chopped carrots and whole spices (such as cinnamon, cloves, and bay leaves) to the pot for extra flavor. | Step 5: Pour in Water : | Add enough water to the pot to cover the beef and vegetables, ensuring a rich broth. | Step 6: Season the Dish : | Add salt and any additional spices or seasoning to taste, stirring well to distribute the flavors. | Step 7: Simmer Until Tender : | Cover the pot and let the mixture simmer on low heat for about 1.5 hours or until the beef is tender and the flavors have melded together. | Step 8: Serve and Enjoy : | Once the beef is tender, remove from heat, discard the whole spices, and serve hot with rice or bread.",https://res.cloudinary.com/duegxp0u0/image/upload/v1745169374/recipe_uploads/a8u0giz6ynza1jo2thnm.jpg
68395ebfa1f9120d4641a4a2,Cheesy Cauliflower Steak,dinner,keto,weight_gain,475.0,22.0,10.0,40.0,3.0,360.0,70.0,50,1,Cheesy Cauliflower Steak Cheesy Cauliflower Steak Cheesy Cauliflower Steak Cauliflower Cheddar cheese Heavy cream Paprika Olive oil Salt & pepper keto,"gluten_free,nut_free,egg_free,low_carb,low_sugar",Cauliflower (150g); Cheddar cheese (50g); Heavy cream (30ml); Paprika (¼ tsp); Olive oil (1 tsp); Salt & pepper (to taste),"Step 1: Prep Cauliflower | Use 150g of cauliflower as the base. | Step 2: Prepare Cheddar cheese | Chop or measure 50g of cheddar cheese. | Step 3: Combine Ingredients | Mix the prepared ingredients in a bowl. | Step 4: Add Heavy cream | Incorporate 30ml of heavy cream for flavor. | Step 5: Season | Add salt, pepper, or additional spices as needed. | Step 6: Set Aside | Chill or let the mixture rest for a few minutes if needed. | Step 7: Final Mix | Stir everything together to ensure even coating. | Step 8: Serve | Plate and enjoy your freshly prepared meal.", https://res.cloudinary.com/duegxp0u0/image/upload/v1748523935/yhjuvmvyb1767ztoou0e.jpg
68395eeaa1f9120d4641a62e,"Grilled Chicken Wings (Spiced, No Oil, Lemon Drizzle)",dinner,desi,weight_loss,280.0,22.0,4.0,20.0,1.0,400.0,90.0,30,3,"Grilled Chicken Wings (Spiced, No Oil, Lemon Drizzle) Grilled Chicken Wings (Spiced, No Oil, Lemon Drizzle) Grilled Chicken Wings (Spiced, No Oil, Lemon Drizzle) Chicken Wings Paprika Garlic Powder Cumin Black Pepper Lemon Juice Salt Oil desi","gluten_free,nut_free,egg_free,lactose_free,low_sodium,low_sugar,low_carb","Chicken Wings (6 pieces (300g, about 50g each)); Paprika (1 tsp (2g)); Garlic Powder (1 tsp (3g)); Cumin (1 tsp (2g)); Black Pepper (1/2 tsp (1g)); Lemon Juice (2 tbsp (30ml)); Salt (To taste (assumed 1/2 tsp, 1.5g, not listed but implied)); Oil (As needed (assumed 1 tsp, 5g, for grilling, not listed but implied))","Step 1: Marinate chicken wings: | Marinate the chicken wings with spices (paprika, garlic powder, black pepper, cumin) and lemon juice. Mix well and let them sit for 30 minutes. | Step 2: Preheat the grill: | Preheat the grill to medium heat, ensuring it's properly heated for cooking. | Step 3: Grill the chicken wings: | Place the marinated chicken wings on the grill and cook for about 20 minutes, turning occasionally, until they are crispy and fully cooked. | Step 4: Check doneness: | Ensure the internal temperature of the chicken wings reaches 165°F (74°C) for safe consumption. | Step 5: Drizzle with lemon juice: | Once cooked, drizzle the wings with fresh lemon juice for extra flavor. | Step 6: Let the wings rest: | Allow the wings to rest for a few minutes before serving to maintain juiciness. | Step 7: Garnish with fresh herbs: | Garnish with freshly chopped herbs like parsley or cilantro for added color and flavor. | Step 8: Serve hot: | Serve the hot grilled chicken wings with your choice of dipping sauces or sides.",https://res.cloudinary.com/duegxp0u0/image/upload/v1745169306/recipe_uploads/h96dwptnzcuhjlhmzse5.jpg
68395ec7a1f9120d4641a4c1,Lentil & Walnut Burgers,breakfast,vegetarian,weight_gain,500.0,30.0,40.0,28.0,10.0,450.0,45.0,45,2,Lentil & Walnut Burgers Lentil & Walnut Burgers Lentil & Walnut Burgers Lentils Walnuts Oats Egg Olive oil Cumin Salt vegetarian,"lactose_free,low_sugar,dairy_free",Lentils (250g); Walnuts (80g); Oats (50g); Egg (1); Olive oil (1 tsp); Cumin (1 tsp); Salt (1/2 tsp),"Step 1: Preheat Oven | Preheat the oven to 180°C and line a baking sheet with parchment paper. | Step 2: Cook Lentils | Rinse 250g lentils, cook in 600ml water for 20–25 minutes until tender, then drain and cool slightly. | Step 3: Prepare Walnuts | Roughly chop 80g walnuts to add texture to the patties. | Step 4: Blend Mixture | In a food processor, blend cooked lentils, walnuts, 50g oats, 1 egg, 1 tsp cumin, and 1/2 tsp salt until a thick paste forms. | Step 5: Form Patties | Scoop the mixture and shape into 4–6 patties, about 1/2 inch thick, and place on the baking sheet. | Step 6: Brush with Oil | Lightly brush both sides of each patty with 1 tsp olive oil for a golden crust. | Step 7: Bake Patties | Bake for 20 minutes, flipping halfway, until firm and lightly browned. | Step 8: Serve | Serve warm on buns with lettuce and tomato, or alongside a salad for a hearty dinner.",https://res.cloudinary.com/duegxp0u0/image/upload/v1748525266/tzx5ggkvrmhbvbtlfp7l.jpg
68395ef0a1f9120d4641a733,Daal Makhni with Zeera Rice,lunch,desi,weight_gain,630.0,15.0,70.0,20.0,10.0,1090.0,30.0,65,5,Daal Makhni with Zeera Rice Daal Makhni with Zeera Rice Daal Makhni with Zeera Rice Black lentils Red kidney beans Basmati rice Onion Tomato Ginger garlic paste Butter Fresh cream Whole spices Cumin seeds Salt Oil Water Red chili powder Coriander leaves Garam masala Water desi,"nut_free,egg_free,low_sugar","Black lentils (1 cup); Red kidney beans (½ cup); Basmati rice (2 cups); Onion (1, chopped); Tomato (1, chopped); Ginger garlic paste (1 tbsp); Butter (3 tbsp); Fresh cream (¼ cup); Whole spices (1 tbsp); Cumin seeds (1 tsp); Salt (1 tsp); Oil (1 tbsp); Water (as needed); Red chili powder (½ tsp); Coriander leaves (2 tbsp, chopped); Garam masala (½ tsp); Water (4 cups (for rice))","Step 1: Gather Ingredients: Collect 2 tbsp butter, 1 sliced onion, 1 tsp cumin seeds, 1 tsp whole spices (cloves, cardamom), 2 chopped tomatoes, 1 tbsp ginger-garlic paste, 1 cup black lentils (urad dal, soaked), 4 cups water, 1 tsp salt, ¼ cup cream, 2 cups basmati rice, and 1 tsp cumin seeds (for rice). | Step 2: Heat Butter: Melt 2 tbsp butter in a pot over medium heat for 1-2 minutes. | Step 3: Fry Base: Add 1 sliced onion, 1 tsp cumin seeds, and 1 tsp whole spices, frying for 5-7 minutes until onions are golden. | Step 4: Cook Lentils: Stir in 2 chopped tomatoes, 1 tbsp ginger-garlic paste, and 1 cup soaked black lentils with 4 cups water and 1 tsp salt, cooking for 30-40 minutes until soft. | Step 5: Add Cream: Mix in ¼ cup cream and simmer for 10 minutes until the daal becomes thick and creamy. | Step 6: Cook Jeera Rice: In a separate pot, heat 1 tsp butter, add 1 tsp cumin seeds, toast for 30 seconds, then add 2 cups basmati rice and 4 cups water, cooking for 10-12 minutes until fluffy. | Step 7: Serve Hot: Plate the daal makhni and serve hot with jeera rice.",https://res.cloudinary.com/duegxp0u0/image/upload/v1746744854/w7hfenbpm6yzxa1vyygp.jpg
68395eeaa1f9120d4641a63e,Fish Qeema (Minced Fish Stir-Fry with Spices),dinner,desi,weight_loss,180.0,20.0,4.0,10.0,1.0,400.0,50.0,30,1,"Fish Qeema (Minced Fish Stir-Fry with Spices) Fish Qeema (Minced Fish Stir-Fry with Spices) Fish Qeema (Minced Fish Stir-Fry with Spices) Minced Fish (Tilapia or Cod, assumed tilapia for calculation) Onion Garlic Ginger Turmeric Cumin Coriander Chili Powder Salt Oil desi","gluten_free,nut_free,egg_free,lactose_free,low_sodium,low_sugar,low_carb,dairy_free","Minced Fish (Tilapia or Cod, assumed tilapia for calculation) (200g); Onion (1 small (70g, finely chopped)); Garlic (1 tbsp (15g, minced)); Ginger (1 tbsp (10g, grated)); Turmeric (1/2 tsp (1g)); Cumin (1/2 tsp (1g)); Coriander (1/2 tsp (1g)); Chili Powder (1/2 tsp (1g)); Salt (To taste (assumed 1/2 tsp, 1.5g, not listed but implied)); Oil (As needed (assumed 1 tbsp, 14g, for cooking, not listed but implied))","Step 1: Heat the pan: | Heat a non-stick pan over medium heat and add a little oil. Once the oil is hot, sauté chopped ginger, garlic, and onions until they turn golden brown. | Step 2: Cook the minced fish: | Add the minced fish (such as tilapia or cod) to the pan and cook, stirring occasionally, until the fish turns opaque and is cooked through. | Step 3: Add spices: | Once the fish is cooked, add turmeric, cumin, coriander, and chili powder to the pan. Stir well to coat the fish with the spices. | Step 4: Stir-fry the mixture: | Continue stir-frying the fish and spices for a few minutes until the flavors meld together and the spices are fully incorporated. | Step 5: Adjust seasoning: | Taste the dish and adjust the seasoning with salt or additional spices as needed. | Step 6: Serve with vegetables: | Once the fish is fully cooked and the spices are well combined, remove the pan from the heat. | Step 7: Prepare accompaniments: | While the fish is cooking, prepare a side of vegetables or salad to serve with the dish. | Step 8: Enjoy the meal: | Serve the stir-fried fish with a side of vegetables or salad, and enjoy a flavorful, healthy meal.",https://res.cloudinary.com/duegxp0u0/image/upload/v1745169346/recipe_uploads/cghxhfyzgxjtyazcek0l.jpg
68395ef0a1f9120d4641a76a,Tandoori Chicken Cheese Naan,breakfast,desi,weight_gain,480.0,25.0,40.0,20.0,5.0,1090.0,60.0,45,1,Tandoori Chicken Cheese Naan Tandoori Chicken Cheese Naan Tandoori Chicken Cheese Naan Chicken Tandoori masala Cheese Naan Yogurt Onion Coriander leaves Whole wheat flour Oil desi,"nut_free,egg_free,low_sugar","Chicken (150g); Tandoori masala (1 tbsp); Cheese (1/2 cup); Naan (1); Yogurt (1 tbsp); Onion (1 small, chopped); Coriander leaves (1 tbsp, chopped); Whole wheat flour (½ cup (for naan)); Oil (1 tbsp)","Step 1: Gather Ingredients: Collect 150g chicken (boneless, cubed), 2 tbsp yogurt, 1 tbsp tandoori masala, 1 tsp ginger-garlic paste, 1 tsp salt, 1 tbsp oil, 2 cups all-purpose flour, 1 tsp yeast, ½ cup water, 1 cup shredded cheese (mozzarella or cheddar), and 1 tbsp ghee. | Step 2: Marinate Chicken: Mix 2 tbsp yogurt, 1 tbsp tandoori masala, 1 tsp ginger-garlic paste, and 1 tsp salt; coat 150g chicken cubes and marinate for 1-2 hours. | Step 3: Cook Chicken: Heat 1 tbsp oil in a pan or grill over medium heat, cook the marinated chicken for 5-7 minutes until tender and charred, then chop finely. | Step 4: Prepare Naan Dough: Mix 2 cups all-purpose flour with 1 tsp yeast, ½ cup water, and a pinch of salt, knead into a soft dough, and rest for 1 hour. | Step 5: Stuff Naan: Divide dough into 4-6 balls, roll each into a 3-inch circle, place 1-2 tbsp cooked chicken and a sprinkle of cheese (1 cup total) in the center, pinch edges to seal, and flatten gently. | Step 6: Roll Naan: Roll each stuffed ball into a 6-7 inch oval, ensuring the filling stays inside. | Step 7: Toast and Serve: Heat a tawa or oven to 250°C, toast each naan for 2-3 minutes per side until golden and the cheese melts, brush with 1 tbsp ghee, and serve hot.",https://res.cloudinary.com/duegxp0u0/image/upload/v1746813070/f5rfefqzol5zqjtrtncy.jpg
68395eeaa1f9120d4641a61e,Pear & Curd Bowl,breakfast,desi,weight_loss,220.0,8.0,24.0,10.0,6.0,60.0,5.0,10,2,Pear & Curd Bowl Pear & Curd Bowl Pear & Curd Bowl Pear Curd Almonds Flaxseeds desi,"gluten_free,egg_free,low_sodium,low_sugar,low_cholesterol","Pear (1 (150g, chopped)); Curd (1/2 cup (120g)); Almonds (1 tbsp (10g, chopped)); Flaxseeds (1 tsp (4g))",Step 1: Chop the Pear : | Wash and chop 1 pear into small bite-sized pieces. | Step 2: Prepare Curd : | Whisk 1/2 cup curd in a bowl until smooth and creamy. | Step 3: Mix Pear with Curd : | Add the chopped pear into the curd and mix gently. | Step 4: Crush Almonds : | Coarsely crush 1 tbsp almonds using a mortar and pestle or knife. | Step 5: Add Almonds : | Sprinkle the crushed almonds over the pear-curd mixture. | Step 6: Add Flaxseeds : | Sprinkle a small spoonful of flaxseeds for added nutrition and crunch. | Step 7: Chill (Optional) : | Refrigerate the mixture for 10–15 minutes if you prefer it chilled. | Step 8: Serve Fresh : | Serve the pear curd bowl immediately as a refreshing and healthy snack or breakfast.,https://res.cloudinary.com/duegxp0u0/image/upload/v1745169064/recipe_uploads/go9cgsrk8ermigis1ktv.jpg
68395eeaa1f9120d4641a6eb,Spinach & Sweet Potato Chaat,snack,desi,weight_loss,120.0,3.0,22.0,2.0,4.0,200.0,5.0,10,2,Spinach & Sweet Potato Chaat Spinach & Sweet Potato Chaat Spinach & Sweet Potato Chaat Sweet Potatoes Spinach Yogurt Tamarind Chutney Cumin Powder Chili Powder Salt Fresh Coriander desi,"gluten_free,nut_free,egg_free,low_sodium,low_sugar","Sweet Potatoes (2 small (200g, boiled and cubed)); Spinach (1 cup (60g, chopped, lightly steamed or raw)); Yogurt (1 tbsp (15g)); Tamarind Chutney (1 tbsp (15g)); Cumin Powder (1/2 tsp (1g)); Chili Powder (1/4 tsp (0.5g)); Salt (To taste (assumed 1/4 tsp, 0.75g)); Fresh Coriander (For garnish (assumed 1 tbsp, 3g, chopped))","Step 1: Cook Sweet Potatoes: | Boil 2 small sweet potatoes until soft. Peel and cut them into cubes. | Step 2: Sauté Spinach: | Heat 1 tsp oil in a pan, add 1 cup fresh spinach, and cook until wilted. | Step 3: Prepare Chaat Dressing: | In a small bowl, mix 1 tbsp yogurt, 1 tsp tamarind chutney, 1/2 tsp cumin powder, 1/4 tsp chili powder, and salt to taste. | Step 4: Combine Ingredients: | In a mixing bowl, combine the boiled sweet potatoes, sautéed spinach, and the chaat dressing. | Step 5: Garnish: | Sprinkle fresh coriander leaves on top of the mixture. | Step 6: Adjust Seasoning: | Taste and adjust salt, chili powder, or tamarind chutney according to preference. | Step 7: Chill or Serve at Room Temperature: | Allow the chaat to chill in the refrigerator for 10-15 minutes or serve immediately at room temperature. | Step 8: Enjoy: | Serve as a refreshing, healthy snack or light meal!",https://res.cloudinary.com/duegxp0u0/image/upload/v1745169586/recipe_uploads/tfk6np4rom63pqfaniyh.jpg
68395ecea1f9120d4641a4eb,Spicy Tuna Lettuce Wraps,lunch,non_vegetarian,weight_loss,280.0,30.0,8.0,12.0,2.0,450.0,35.0,15,1,Spicy Tuna Lettuce Wraps Spicy Tuna Lettuce Wraps Spicy Tuna Lettuce Wraps Tuna Lettuce Greek yogurt Chili flakes Cucumber Salt Cilantro Lemon juice non_vegetarian,"gluten_free,nut_free,egg_free,low_carb,low_sodium,low_sugar,low_cholesterol",Tuna (120g); Lettuce (4 leaves); Greek yogurt (2 tbsp); Chili flakes (1/2 tsp); Cucumber (50g); Salt (1 pinch); Cilantro (1 tsp (optional)); Lemon juice (1 tsp (optional)),"Step 1: Prepare Tuna | Drain 120g canned tuna (in water) and place in a mixing bowl. | Step 2: Make Dressing | In a small bowl, combine 2 tbsp Greek yogurt, 1/2 tsp chili flakes, and a pinch of salt. | Step 3: Mix Tuna Filling | Add the yogurt mixture to the tuna, stirring until well combined. | Step 4: Add Vegetables | Finely dice 50g cucumber and add to the tuna mixture for extra crunch. | Step 5: Prepare Lettuce | Wash 4 large lettuce leaves (e.g., romaine or butter lettuce) and pat dry carefully. | Step 6: Spoon Filling | Divide the tuna mixture evenly, spooning about 2 tbsp into the center of each lettuce leaf. | Step 7: Optional Garnish | Sprinkle 1 tsp chopped cilantro or a squeeze of lemon juice over the filling for freshness, if desired. | Step 8: Serve | Fold or roll the lettuce leaves around the filling and serve immediately as a light snack.",https://res.cloudinary.com/duegxp0u0/image/upload/v1748524757/skuix4mqaeexillya4qd.jpg
68395ecea1f9120d4641a531,Egg and Beef Breakfast Hash,breakfast,non_vegetarian,weight_loss,420.0,36.0,30.0,22.0,4.0,550.0,260.0,30,2,Egg and Beef Breakfast Hash Egg and Beef Breakfast Hash Egg and Beef Breakfast Hash Ground beef Potatoes Eggs Paprika Olive oil Salt Black pepper Parsley non_vegetarian,"nut_free,lactose_free,low_sugar,dairy_free",Ground beef (200g); Potatoes (200g); Eggs (3); Paprika (1 tsp); Olive oil (1 tbsp); Salt (¼ tsp); Black pepper (¼ tsp); Parsley (1 tsp (optional)),"Step 1: Prepare Potatoes | Peel and dice 200g potatoes into ½-inch cubes, rinse, and pat dry. | Step 2: Cook Potatoes | Heat 1 tbsp olive oil in a large skillet over medium heat, add potatoes, and cook for 10–12 minutes, stirring occasionally, until golden and tender. | Step 3: Cook Beef | Add 200g ground beef to the skillet, breaking it apart, and cook for 4–5 minutes until browned. | Step 4: Season Hash | Sprinkle 1 tsp paprika, ¼ tsp salt, and ¼ tsp black pepper over the beef and potatoes, stirring to combine. | Step 5: Prepare Eggs | Crack 3 eggs into a bowl, whisk with a pinch of salt until smooth. | Step 6: Cook Eggs | Push beef and potatoes to one side of the skillet, pour eggs into the empty side, and scramble for 2–3 minutes until just set. | Step 7: Combine Hash | Mix eggs with beef and potatoes, cooking for 1 minute to blend flavors. | Step 8: Serve | Spoon hash onto plates, garnish with 1 tsp chopped parsley, and serve hot as a hearty breakfast.",https://res.cloudinary.com/duegxp0u0/image/upload/v1748524629/ecvdxbfioz1vtknhzemc.jpg
68395ed6a1f9120d4641a576,Semolina Pudding with Nuts,snack,mediterranean,weight_gain,560.0,28.0,114.0,34.0,7.0,125.0,30.0,25,1,Semolina Pudding with Nuts Semolina Pudding with Nuts Semolina Pudding with Nuts Semolina Milk Pistachios Sugar Olive oil mediterranean,"egg_free,low_sodium,low_cholesterol",Semolina (80g); Milk (300ml); Pistachios (40g); Sugar (30g); Olive oil (5ml),"Step 1: Prep Pistachios | Chop 40g pistachios finely and set aside for topping. |  | Step 2: Heat Milk | Pour 300ml milk into a saucepan and heat over medium until just simmering. |  | Step 3: Add Semolina | Gradually stir in 80g semolina, whisking to prevent lumps. |  | Step 4: Sweeten Mixture | Add 30g sugar to the semolina mixture and stir until dissolved. |  | Step 5: Cook Pudding | Cook for 10 minutes, stirring constantly, until the mixture thickens to a pudding consistency. |  | Step 6: Add Oil | Stir in 5ml olive oil for richness and smooth texture. |  | Step 7: Cool Slightly | Remove from heat and let the pudding cool for 5 minutes. |  | Step 8: Serve with Nuts | Spoon pudding into a bowl, top with chopped pistachios, and serve warm as breakfast.",https://res.cloudinary.com/duegxp0u0/image/upload/v1748524449/ak0wfo62s43bcw9eddg0.jpg
68395ec7a1f9120d4641a4e9,Khoya Barfi with Almond Garnish,snack,vegetarian,weight_loss,450.0,12.0,48.0,24.0,1.0,120.0,50.0,25,4,Khoya Barfi with Almond Garnish Khoya Barfi with Almond Garnish Khoya Barfi with Almond Garnish Khoya Sugar Cardamom powder Ghee Almonds Pistachios vegetarian,"egg_free,low_sodium",Khoya (4 cups); Sugar (1⅓ cups); Cardamom powder (1 tsp); Ghee (4 tbsp); Almonds (4 tbsp); Pistachios (2 tbsp),"Step 1: Gather Ingredients: | Collect 4 cups khoya (crumbled), ¾ cup sugar, ½ tsp cardamom powder, 2 tbsp almonds (slivered), 1 tsp ghee (for greasing), and 1 tbsp milk (optional, for smoothness). | Step 2: Prepare Tray: | Grease a square tray or plate with 1 tsp ghee and set aside for setting the barfi. | Step 3: Crumble Khoya: | In a non-stick pan, crumble 2 cups khoya finely to ensure even cooking. | Step 4: Cook Khoya: | Heat the pan over low-medium heat, add the crumbled khoya, and stir continuously for 5-7 minutes until it softens and melts slightly. | Step 5: Add Sugar and Flavor: | Mix in ¾ cup sugar and ½ tsp cardamom powder, stirring for 8-10 minutes until the mixture thickens, starts leaving the pan’s sides, and becomes a dough-like consistency; add 1 tbsp milk if too dry. | Step 6: Set Barfi: | Pour the mixture into the greased tray, spread evenly with a spatula, and sprinkle 2 tbsp slivered almonds on top, pressing lightly to adhere. | Step 7: Cool and Cut: | Let the barfi cool at room temperature for 1-2 hours until set, then cut into squares and serve.",https://res.cloudinary.com/duegxp0u0/image/upload/v1748525266/keoqxbrgomwj02zopjos.jpg
68395eeaa1f9120d4641a646,Grilled Fish Skewers with Cumin & Coriander,dinner,desi,weight_loss,140.0,20.0,2.0,6.0,1.0,400.0,50.0,25,2,Grilled Fish Skewers with Cumin & Coriander Grilled Fish Skewers with Cumin & Coriander Grilled Fish Skewers with Cumin & Coriander Fish Fillets Cumin Powder Coriander Powder Garlic Lemon Juice Salt Oil desi,"gluten_free,nut_free,egg_free,lactose_free,low_sodium,low_sugar,low_carb,dairy_free","Fish Fillets (200g (e.g., tilapia or cod)); Cumin Powder (1 tsp (2g)); Coriander Powder (1 tsp (2g)); Garlic (1 tbsp (15g, minced)); Lemon Juice (1 tbsp (15ml)); Salt (To taste (assumed 1/2 tsp, 1.5g, not listed but implied)); Oil (As needed (assumed 1 tsp, 5g, for grilling, not listed but implied))","Step 1: Prepare the Marinade : | In a bowl, mix ground cumin, ground coriander, minced garlic, and freshly squeezed lemon juice to create a flavorful marinade. | Step 2: Cut and Clean the Fish : | Cut the fish into bite-sized cubes and rinse them gently under cold water, then pat dry with a paper towel. | Step 3: Marinate the Fish : | Add the fish cubes to the marinade and coat them evenly. Let them sit for at least 20-30 minutes to absorb the flavors. | Step 4: Soak the Skewers : | If using wooden skewers, soak them in water for 15-20 minutes to prevent burning during grilling. | Step 5: Thread the Fish : | Carefully thread the marinated fish cubes onto the skewers, leaving a little space between each piece for even cooking. | Step 6: Preheat the Grill : | Heat your grill or grill pan to medium-high heat to ensure proper searing of the fish. | Step 7: Grill the Fish Skewers : | Place the skewers on the grill and cook for 8-10 minutes, turning occasionally until the fish is cooked through and slightly charred. | Step 8: Serve and Enjoy : | Remove from the grill and serve hot with a side of fresh salad or sautéed vegetables for a balanced meal.",https://res.cloudinary.com/duegxp0u0/image/upload/v1745169367/recipe_uploads/zzaxrxtoscpu4xwyol0h.jpg
68395eeaa1f9120d4641a671,"Lean Mutton Kofta Curry (Tomato-Based, No Cream)",lunch,desi,weight_loss,300.0,26.0,12.0,16.0,3.0,100.0,80.0,40,2,"Lean Mutton Kofta Curry (Tomato-Based, No Cream) Lean Mutton Kofta Curry (Tomato-Based, No Cream) Lean Mutton Kofta Curry (Tomato-Based, No Cream) Lean Mutton Onion Tomato Garam Masala, Cumin, Turmeric desi","gluten_free,nut_free,egg_free,lactose_free,low_sodium,low_sugar","Lean Mutton (200g (cubed)); Onion (1 medium (100g, chopped)); Tomato (1 large (200g, chopped)); Garam Masala, Cumin, Turmeric (1 tsp each (6g total))","Step 1: Prepare the Koftas: | Combine lean mutton with finely chopped onions, grated ginger, garlic, and spices (turmeric, cumin, garam masala). Mix well and form into small balls. | Step 2: Cook the Koftas: | Heat a pan and gently cook the koftas in oil until browned on all sides, then set them aside. | Step 3: Prepare the Gravy Base: | In the same pan, sauté onions, tomatoes, and ginger-garlic paste with spices (turmeric, cumin, garam masala) until the tomatoes soften. | Step 4: Add Water: | Add water to the sautéed mixture to create the gravy, and stir to combine. | Step 5: Simmer the Gravy: | Bring the gravy to a simmer for 10 minutes to allow the spices to meld together. | Step 6: Add the Koftas: | Carefully add the cooked koftas into the simmering gravy. | Step 7: Simmer Together: | Let the koftas cook in the gravy for 20 minutes, allowing the flavors to infuse. | Step 8: Serve Hot: | Serve the kofta curry hot with rice or naan.",https://res.cloudinary.com/duegxp0u0/image/upload/v1745169094/recipe_uploads/jnybir44kdhhwb6xfnlc.jpg
68395ebfa1f9120d4641a489,Keto Chocolate Avocado Pudding,snack,keto,weight_loss,240.0,5.0,7.0,22.0,6.0,30.0,0.0,10,1,Keto Chocolate Avocado Pudding Keto Chocolate Avocado Pudding Keto Chocolate Avocado Pudding Avocado Cocoa powder Coconut milk Erythritol Salt keto,"gluten_free,nut_free,egg_free,low_carb,low_sugar,dairy_free",Avocado (1 (~140g)); Cocoa powder (2 tbsp); Coconut milk (50ml); Erythritol (1 tbsp); Salt (pinch),"Step 1: Prep Avocado | Scoop flesh from 1 avocado (~140g) into a blender. | Step 2: Add Ingredients | Add 2 tbsp cocoa powder, 50ml coconut milk, 1 tbsp erythritol, and a pinch of salt. | Step 3: Blend Pudding | Blend on high for 30–60 seconds until smooth and creamy. | Step 4: Check Texture | Ensure pudding is thick and lump-free. | Step 5: Adjust Sweetness | Taste and add a pinch more erythritol if needed, blend again. | Step 6: Chill Pudding | Refrigerate for 10 minutes for better texture. | Step 7: Garnish | Sprinkle with a pinch of cocoa powder. | Step 8: Serve | Serve chilled as a quick snack.",https://res.cloudinary.com/duegxp0u0/image/upload/v1748524023/v9wlnjulxwsddnnwqtdv.jpg
68395ef0a1f9120d4641a778,Mutton Kofta Curry with Sheermal,dinner,desi,weight_gain,580.0,26.0,42.0,34.0,2.0,900.0,90.0,35,4,Mutton Kofta Curry with Sheermal Mutton Kofta Curry with Sheermal Mutton Kofta Curry with Sheermal Mutton mince Onion Red chili powder Turmeric powder Cumin powder Coriander powder Garam masala Salt Ginger garlic paste Green chili Fresh cilantro Tomato Oil Water Sheermal Butter desi,"nut_free,egg_free,low_sugar",Mutton mince (400g); Onion (2 medium); Red chili powder (1 tsp); Turmeric powder (½ tsp); Cumin powder (½ tsp); Coriander powder (1 tsp); Garam masala (½ tsp); Salt (1 tsp); Ginger garlic paste (2 tsp); Green chili (1); Fresh cilantro (2 tbsp); Tomato (1 medium); Oil (4 tbsp); Water (2 cups); Sheermal (4 pieces); Butter (2 tbsp),"Step 1: Gather Ingredients: Collect 400g minced mutton, 1 tbsp ginger-garlic paste, 1 tsp red chili powder, 1 tsp salt, 2 tbsp ghee, 1 onion (chopped), 1 tomato (pureed), 1 tsp garam masala, 2 cups all-purpose flour, 1 tsp yeast, ½ cup milk, 1 tbsp sugar, and 1 tbsp butter. | Step 2: Prepare Koftas: Mix 400g minced mutton with ½ tbsp ginger-garlic paste, ½ tsp red chili powder, and ½ tsp salt; shape into 8-10 small balls. | Step 3: Fry Koftas: Heat 1 tbsp ghee in a pan over medium heat, fry koftas for 3-4 minutes until browned, then set aside. | Step 4: Sauté Base: In the same pan, add 1 tbsp ghee, 1 chopped onion, and ½ tbsp ginger-garlic paste; sauté for 5-7 minutes until golden. | Step 5: Cook Curry: Add 1 pureed tomato, ½ tsp red chili powder, 1 tsp garam masala, and ½ tsp salt; cook for 5-7 minutes, then add 1 cup water and simmer for 10 minutes. | Step 6: Add Koftas: Gently place the fried koftas in the curry, cover, and cook for 10-15 minutes until the koftas absorb the flavors. | Step 7: Prepare Sheermal: Mix 2 cups all-purpose flour with 1 tsp yeast, ½ cup milk, 1 tbsp sugar, and a pinch of salt, knead into a soft dough, rest for 1 hour, roll into 4-6 circles, cook on a tawa for 2-3 minutes per side, and brush with 1 tbsp butter. | Step 8: Serve Hot: Ladle the mutton kofta curry into bowls and serve hot with buttered sheermal.",https://res.cloudinary.com/duegxp0u0/image/upload/v1746813065/hfyknncldszkpgiur7qk.jpg
68395ef0a1f9120d4641a6fb,Lamb Kebab Wrap with Hummus,dinner,desi,weight_gain,463.0,15.0,30.0,15.0,5.0,1090.0,40.0,40,2,Lamb Kebab Wrap with Hummus Lamb Kebab Wrap with Hummus Lamb Kebab Wrap with Hummus Minced lamb Onions Green chilies Garlic Red chili powder Garam masala Salt Cooking oil Whole wheat tortilla Hummus Fresh coriander leaves Lemon juice Chickpeas Tahini Olive oil Cumin powder Coriander powder desi,"egg_free,low_sugar","Minced lamb (250g); Onions (1 large, chopped); Green chilies (2, chopped); Garlic (1 tsp, minced); Red chili powder (1 tsp); Garam masala (½ tsp); Salt (1 tsp); Cooking oil (2 tbsp); Whole wheat tortilla (4 pieces); Hummus (2 tbsp); Fresh coriander leaves (2 tbsp, chopped); Lemon juice (1 tsp); Chickpeas (½ cup); Tahini (1 tbsp); Olive oil (1 tsp); Cumin powder (½ tsp); Coriander powder (½ tsp)","Step 1: Gather the Ingredients: Collect 250g ground lamb, 1 chopped onion, 2 green chilies (chopped), 2 garlic cloves (minced), 1 tsp cumin, 1 tsp red chili powder, 1 tsp salt, 2 tbsp oil, 4 tortillas, and ½ cup hummus. | Step 2: Prepare the Kebab Mixture: In a bowl, mix 400g ground lamb, 1 chopped onion, 2 chopped green chilies, 2 minced garlic cloves, 1 tsp cumin, 1 tsp red chili powder, and 1 tsp salt until well combined. | Step 3: Shape the Kebabs: Form the lamb mixture into small, elongated kebabs, pressing firmly to hold their shape. | Step 4: Preheat the Grill: Heat a grill or grill pan over medium-high heat for 5-7 minutes until ready for cooking. | Step 5: Grill the Kebabs: Brush the grill with 2 tbsp oil, place the kebabs on it, and cook for 8-10 minutes, turning occasionally, until fully cooked and browned. | Step 6: Warm the Tortillas: Heat 4 tortillas on a dry pan or microwave for 20-30 seconds to make them soft and pliable. | Step 7: Assemble the Wraps: Spread 2 tbsp hummus on each tortilla, place 1-2 grilled kebabs in the center, and add optional toppings like lettuce or tomatoes if desired. | Step 8: Roll and Serve: Fold the tortilla tightly around the kebabs to form a wrap, then serve immediately while warm and flavorful.",https://res.cloudinary.com/duegxp0u0/image/upload/v1746775919/gkouveyejknbxpw0awxx.jpg
68395eeaa1f9120d4641a694,"Haleem (Lean Meat Version, No Extra Ghee)",lunch,desi,weight_loss,400.0,32.0,38.0,12.0,10.0,400.0,65.0,1,5,"Haleem (Lean Meat Version, No Extra Ghee) Haleem (Lean Meat Version, No Extra Ghee) Haleem (Lean Meat Version, No Extra Ghee) Lean Meat (Chicken or Beef) Onion (chopped) Red Chili Powder Turmeric Powder Cumin Powder Wheat (soaked overnight) Yellow Lentils (Split, e.g., Moong Dal) Fresh Coriander (for garnish) Fried Onions (for garnish) Salt Lemon (for garnish) Oil desi","nut_free,egg_free,lactose_free,low_sodium,low_sugar","Lean Meat (Chicken or Beef) (500g (assumed chicken for calculation)); Onion (chopped) (1 (100g)); Red Chili Powder (1 tsp (2g)); Turmeric Powder (1/2 tsp (1g)); Cumin Powder (1 tsp (2g)); Wheat (soaked overnight) (1/2 cup (100g, dry)); Yellow Lentils (Split, e.g., Moong Dal) (1/2 cup (100g, dry)); Fresh Coriander (for garnish) (As needed (assumed 1 tbsp, 3g)); Fried Onions (for garnish) (As needed (assumed 2 tbsp, 20g)); Salt (To taste (assumed 1 tsp, 3g)); Lemon (for garnish) (1/2 (assumed 1 tbsp juice, 15ml)); Oil (1 tbsp (14g))","Step 1: Cook the Meat: | Heat 1 tbsp oil in a large pot. Add 500g lean meat (chicken or beef), 1 chopped onion, and 1 tsp ginger-garlic paste. Cook until browned. | Step 2: Add Spices and Grains: | Add 1 tsp red chili powder, 1/2 tsp turmeric powder, 1 tsp cumin powder, and salt. Then, add 1/2 cup wheat (soaked overnight) and 1/2 cup split yellow lentils. Stir well. | Step 3: Cook the Mixture: | Add 4 cups water and cook the mixture on low heat for 1-1.5 hours, stirring occasionally. | Step 4: Blend the Mixture: | Use an immersion blender to blend the cooked mixture until smooth. | Step 5: Garnish with Fried Onions: | Top the blended mixture with fried onions for added texture and flavor. | Step 6: Add Fresh Coriander: | Sprinkle fresh coriander leaves on top for a burst of freshness. | Step 7: Add Lemon: | Squeeze a little lemon juice over the dish to enhance the flavors. | Step 8: Serve Hot: | Serve the dish hot with a side of naan or rice for a complete meal.",https://res.cloudinary.com/duegxp0u0/image/upload/v1745169180/recipe_uploads/kirifmpgawrtdc1efngz.jpg
68395ed6a1f9120d4641a548,Baked Feta with Herbs,lunch,mediterranean,weight_gain,560.0,0.0,27.0,41.0,1.0,1682.0,130.0,15,1,Baked Feta with Herbs Baked Feta with Herbs Baked Feta with Herbs Feta cheese Honey Thyme Olive oil mediterranean,"gluten_free,nut_free,egg_free",Feta cheese (150g); Honey (25g); Thyme (5g); Olive oil (10ml),"Step 1: Preheat Oven | Set the oven to 200°C to preheat for baking the feta. |  | Step 2: Prepare Feta | Place 150g feta block in a small oven-safe dish, keeping it intact. |  | Step 3: Measure Honey | Measure 25g honey and set it aside for drizzling. |  | Step 4: Prep Thyme | Wash 5g fresh thyme and strip the leaves from the stems. |  | Step 5: Drizzle Olive Oil | Pour 10ml olive oil evenly over the feta to enhance flavor. |  | Step 6: Add Toppings | Drizzle the honey over the feta and sprinkle the thyme leaves on top. |  | Step 7: Bake Feta | Bake the feta in the oven for 10 minutes until soft and slightly golden. |  | Step 8: Serve Warm | Remove from the oven and serve immediately with bread or crackers as a snack.",https://res.cloudinary.com/duegxp0u0/image/upload/v1748524192/dyug19gvinznti7jjepo.jpg
68395ecea1f9120d4641a516,Beef & Mushroom Stroganoff,dinner,non_vegetarian,weight_gain,580.0,50.0,30.0,35.0,3.0,650.0,130.0,40,4,Beef & Mushroom Stroganoff Beef & Mushroom Stroganoff Beef & Mushroom Stroganoff Beef sirloin Mushrooms Greek yogurt Egg noodles Olive oil Onion Garlic Beef broth Paprika Salt Black pepper Parsley non_vegetarian,"nut_free,egg_free,low_sugar",Beef sirloin (350g); Mushrooms (200g); Greek yogurt (100ml); Egg noodles (150g); Olive oil (1 tbsp); Onion (50g); Garlic (1 clove); Beef broth (100ml); Paprika (½ tsp); Salt (¼ tsp); Black pepper (¼ tsp); Parsley (1 tsp (optional)),"Step 1: Prepare Beef | Slice 350g beef sirloin into thin strips and pat dry with a paper towel. | Step 2: Prepare Mushrooms | Clean 200g mushrooms (e.g., cremini or button) and slice thinly. | Step 3: Cook Noodles | Boil 150g egg noodles in salted water for 6–8 minutes until al dente, then drain and set aside. | Step 4: Sauté Beef | Heat 1 tbsp olive oil in a large skillet over medium-high heat, sauté beef strips for 2–3 minutes until browned, then remove and set aside. | Step 5: Sauté Mushrooms | In the same skillet, add 50g chopped onion and mushrooms, sauté for 4–5 minutes until softened. | Step 6: Add Seasonings | Stir in 1 minced garlic clove, ½ tsp paprika, and 100ml beef broth, simmering for 2 minutes to combine flavors. | Step 7: Make Sauce | Reduce heat to low, stir in 100ml Greek yogurt and return beef to the skillet, cooking for 1–2 minutes until warmed through, avoiding curdling. | Step 8: Serve | Season with ¼ tsp salt and ¼ tsp black pepper, serve over egg noodles, garnish with 1 tsp chopped parsley, and enjoy as a hearty dinner.",https://res.cloudinary.com/duegxp0u0/image/upload/v1748524579/wtp6muukpkux3dlcq9wk.jpg
68395eeaa1f9120d4641a5e2,Whole Moong Dal Chilla (Lentil Pancakes with Spices),breakfast,desi,weight_loss,190.0,12.0,28.0,3.0,7.0,150.0,0.0,25,1,Whole Moong Dal Chilla (Lentil Pancakes with Spices) Whole Moong Dal Chilla (Lentil Pancakes with Spices) Whole Moong Dal Chilla (Lentil Pancakes with Spices) Moong Dal Cumin Seeds Turmeric Powder Salt Water Onion (optional) Green Chili (optional) Oil desi,"gluten_free,nut_free,egg_free,lactose_free,low_sodium,low_sugar,low_cholesterol,dairy_free","Moong Dal (1/2 cup (100g, dry)); Cumin Seeds (1/2 tsp (1g)); Turmeric Powder (1/4 tsp (0.5g)); Salt (to taste (0.5g, pinch)); Water (as needed); Onion (optional) (1 small (70g, finely chopped)); Green Chili (optional) (1 (5g, finely chopped)); Oil (few drops (1g, for greasing))","Step 1: Soak Moong Dal: | Soak 1/2 cup moong dal in water for 4 hours, then drain and blend with a little water into a smooth batter. | Step 2: Season Batter: | Add 1/4 tsp turmeric powder, 1/2 tsp cumin seeds, and a pinch of salt to the batter, mixing well to combine. | Step 3: Prepare Optional Add-Ins: | For extra flavor, finely chop 1 small onion and 1 green chili, and stir them into the batter if desired. | Step 4: Heat Pan: | Heat a non-stick pan over medium heat and lightly grease it with a few drops of oil. | Step 5: Pour and Spread Batter: | Pour a ladle of batter onto the hot pan and spread it gently into a thin, round shape, about 6 inches in diameter. | Step 6: Cook Chilla: | Cook for 2-3 minutes on one side until golden and crispy, then flip and cook the other side for another 2-3 minutes. | Step 7: Check Crispiness: | Ensure the chilla is cooked evenly; if it’s not crispy enough, cook for an additional minute on each side. | Step 8: Serve Hot: | Serve the chilla immediately with green chutney or a side of yogurt for a delicious meal.",https://res.cloudinary.com/duegxp0u0/image/upload/v1745168931/recipe_uploads/jj3rq1q0qbj8sntedtei.jpg
68395ebfa1f9120d4641a45b,Salmon with Hollandaise,lunch,keto,weight_gain,640.0,45.0,3.0,52.0,0.0,450.0,300.0,25,2,Salmon with Hollandaise Salmon with Hollandaise Salmon with Hollandaise Salmon fillet Egg yolks Butter Lemon juice Olive oil Salt Black pepper Dill keto,"gluten_free,nut_free,low_carb,low_sugar",Salmon fillet (250g); Egg yolks (2); Butter (3 tbsp); Lemon juice (1 tbsp); Olive oil (1 tsp); Salt (¼ tsp); Black pepper (¼ tsp); Dill (1 tsp (optional)),"Step 1: Season Salmon | Pat 250g salmon fillet dry, season with ¼ tsp salt and ¼ tsp black pepper. | Step 2: Heat Pan | Heat 1 tsp olive oil in a skillet over medium-high heat. | Step 3: Sear Salmon | Add salmon skin-side down, sear for 3–4 minutes per side until cooked, then set aside. | Step 4: Melt Butter | In a small saucepan, melt 3 tbsp butter over low heat. | Step 5: Make Hollandaise | Whisk 2 egg yolks with 1 tbsp lemon juice in a bowl, slowly add melted butter, whisking until thick. | Step 6: Adjust Sauce | Season hollandaise with a pinch of salt, keep warm. | Step 7: Plate Dish | Place salmon on a plate, spoon hollandaise over top. | Step 8: Serve | Garnish with 1 tsp chopped dill and serve hot as a rich dinner.",https://res.cloudinary.com/duegxp0u0/image/upload/v1748524088/cffzhmg3ir0rfueowxhc.jpg
68395ebfa1f9120d4641a46d,Keto Almond Pancakes,breakfast,keto,weight_loss,380.0,18.0,6.0,35.0,3.0,300.0,260.0,20,1,Keto Almond Pancakes Keto Almond Pancakes Keto Almond Pancakes Almond flour Eggs Butter Baking powder Salt Cinnamon keto,"gluten_free,low_carb,low_sugar",Almond flour (80g); Eggs (3); Butter (2 tbsp); Baking powder (1 tsp); Salt (pinch); Cinnamon (pinch (optional)),"Step 1: Mix Batter | In a bowl, whisk 80g almond flour, 3 eggs, 1 tsp baking powder, and a pinch of salt. | Step 2: Heat Pan | Melt 1 tbsp butter in a non-stick skillet over medium heat. | Step 3: Cook Pancakes | Pour batter to form 2–3 small pancakes, cook for 2–3 minutes per side until golden. | Step 4: Add Butter | Spread remaining 1 tbsp butter over cooked pancakes. | Step 5: Check Texture | Ensure pancakes are fluffy and cooked through. | Step 6: Garnish | Dust with a pinch of cinnamon for flavor. | Step 7: Serve Prep | Stack pancakes on a plate. | Step 8: Serve | Serve warm as a hearty breakfast.",https://res.cloudinary.com/duegxp0u0/image/upload/v1748524024/n3pw8mzghfbr11ojdb4o.jpg
68395ed6a1f9120d4641a54f,Lemon Hummus,snack,mediterranean,weight_loss,310.0,10.0,29.0,28.0,8.0,17.0,0.0,15,1,Lemon Hummus Lemon Hummus Lemon Hummus Chickpeas Lemon juice Garlic Tahini Olive oil mediterranean,"gluten_free,egg_free,lactose_free,low_sodium,low_sugar,low_cholesterol,dairy_free",Chickpeas (100g); Lemon juice (30ml); Garlic (2 cloves); Tahini (20g); Olive oil (1 tbsp),"Step 1: Rinse Chickpeas | Drain and rinse 100g canned chickpeas under cold water to remove excess sodium. |  | Step 2: Prep Garlic | Peel 2 garlic cloves and roughly chop them for easier blending. |  | Step 3: Juice Lemon | Squeeze 1 lemon (about 30ml juice) into a small bowl, removing any seeds. |  | Step 4: Measure Tahini | Measure 20g tahini and stir it to ensure a smooth consistency. |  | Step 5: Combine Ingredients | Add chickpeas, garlic, lemon juice, and tahini to a blender. |  | Step 6: Add Olive Oil | Pour 1 tbsp olive oil into the blender to enhance creaminess. |  | Step 7: Blend Hummus | Blend on high for 1 minute, adding 1-2 tbsp water if needed for a smooth texture. |  | Step 8: Serve Fresh | Transfer to a bowl, taste for seasoning, and serve with veggies or pita as a snack.",https://res.cloudinary.com/duegxp0u0/image/upload/v1748524394/urtibqebsgs7cmkknulg.jpg
68395eeaa1f9120d4641a6b2,Besan & Spinach Pancakes with Yogurt,breakfast,desi,weight_loss,160.0,8.0,16.0,6.0,4.0,300.0,5.0,30,1,Besan & Spinach Pancakes with Yogurt Besan & Spinach Pancakes with Yogurt Besan & Spinach Pancakes with Yogurt Besan (Gram Flour) Spinach Cumin Powder Salt Yogurt Water Oil desi,"gluten_free,nut_free,egg_free,low_sodium,low_sugar","Besan (Gram Flour) (1/2 cup (50g)); Spinach (1/2 cup (30g, finely chopped)); Cumin Powder (1/4 tsp (0.5g)); Salt (To taste (assumed 1/2 tsp, 1.5g)); Yogurt (1/4 cup (60g)); Water (As needed (assumed 1/2 cup, 120ml, for batter consistency)); Oil (As needed (assumed 1 tsp, 5g, for cooking, not listed but implied))","Step 1: Prepare the Batter : | In a bowl, mix 1/2 cup besan (gram flour), 1/2 cup chopped spinach, 1/4 tsp cumin powder, and salt. Add water to make a thick batter. | Step 2: Heat the Pan : | Heat a non-stick pan and lightly grease it with oil. | Step 3: Cook the Batter : | Pour small portions of batter onto the pan and cook until both sides are golden brown. | Step 4: Flip the Pancakes : | Flip the pancakes carefully to ensure even cooking on both sides. | Step 5: Check for Crispiness : | Ensure the pancakes are crispy and golden before removing them from the pan. | Step 6: Serve with Yogurt : | Serve the spinach besan pancakes with a side of yogurt. | Step 7: Garnish (Optional) : | You can garnish with fresh coriander or a sprinkle of chili powder for extra flavor. | Step 8: Enjoy : | Enjoy your crispy, savory spinach besan pancakes!",https://res.cloudinary.com/duegxp0u0/image/upload/v1745169444/recipe_uploads/afuhdq1idqmvqet9mdft.jpg
68395ef0a1f9120d4641a758,Achari Chicken Handi with Tandoori Roti,lunch,desi,weight_gain,450.0,20.0,40.0,15.0,3.0,1090.0,50.0,50,2,Achari Chicken Handi with Tandoori Roti Achari Chicken Handi with Tandoori Roti Achari Chicken Handi with Tandoori Roti Chicken Yogurt Pickle masala Ginger garlic paste Oil Tandoori roti Onion Tomato Red chili powder Coriander leaves Whole wheat flour Water desi,"nut_free,egg_free,low_sugar","Chicken (200g); Yogurt (2 tbsp); Pickle masala (1 tbsp); Ginger garlic paste (1 tbsp); Oil (2 tbsp); Tandoori roti (1); Onion (1, chopped); Tomato (1, chopped); Red chili powder (½ tsp); Coriander leaves (1 tbsp, chopped); Whole wheat flour (½ cup (for roti)); Water (½ cup (for handi))","Step 1: Gather Ingredients: Collect 200g chicken (boneless or bone-in, cubed), 2 tbsp oil, 1 tbsp ginger-garlic paste, 2 tbsp achari masala, ½ cup yogurt, 1 tsp salt, 1 tomato (chopped), 2 cups whole wheat flour, 1 cup water (for dough), and 1 tbsp ghee. | Step 2: Heat Oil: Heat 2 tbsp oil in a handi or deep pan over medium heat for 1-2 minutes. | Step 3: Fry Aromatics: Add 1 tbsp ginger-garlic paste and fry for 1-2 minutes until fragrant and lightly golden. | Step 4: Cook Chicken: Add 200g chicken pieces, stirring for 5-7 minutes until the chicken changes color and starts to brown. | Step 5: Add Achari Base: Stir in 2 tbsp achari masala, ½ cup yogurt, 1 tsp salt, and 1 chopped tomato, mixing well to coat the chicken. | Step 6: Simmer Handi: Cover and simmer on low heat for 20-25 minutes, stirring occasionally, until the chicken is tender and the oil separates from the gravy. | Step 7: Prepare Tandoori Roti Dough: In a bowl, knead 2 cups whole wheat flour with 1 cup water into a soft dough, rest for 15 minutes, roll into 4-6 circles, and cook on a tawa or oven (250°C) for 2-3 minutes per side until charred, brushing with 1 tbsp ghee. | Step 8: Serve Hot: Plate the achari chicken handi and serve hot with the tandoori roti.",https://res.cloudinary.com/duegxp0u0/image/upload/v1746772235/w353ftgymfqr4on7dt76.jpg
68395eeaa1f9120d4641a5fb,Suji Vegetable Chilla,breakfast,desi,weight_loss,190.0,6.0,32.0,4.0,3.0,160.0,2.0,20,1,Suji Vegetable Chilla Suji Vegetable Chilla Suji Vegetable Chilla Semolina (Suji) Curd Onion Tomato Coriander Olive Oil Salt desi,"nut_free,egg_free,low_sodium,low_sugar,low_cholesterol","Semolina (Suji) (½ cup (80g)); Curd (2 tbsp (30g)); Onion (1 small (70g, chopped)); Tomato (1 (150g, chopped)); Coriander (handful (10g, chopped)); Olive Oil (1 tsp (5g)); Salt (to taste (0.5g, pinch))","Step 1: Prepare Mixture: | Mix semolina with curd, water, chopped onions, tomatoes, and coriander in a bowl. | Step 2: Let Rest: | Let the mixture rest for 10 minutes to allow the semolina to absorb the moisture. | Step 3: Heat Pan: | Heat a little oil in a pan over medium heat. | Step 4: Spread Mixture: | Spread the semolina mixture in the pan, shaping it like a pancake. | Step 5: Cook One Side: | Cook the pancake on one side until it turns golden and crispy. | Step 6: Flip the Pancake: | Flip the pancake and cook the other side until golden and crispy as well. | Step 7: Check for Crispiness: | Ensure both sides are evenly cooked and crispy. | Step 8: Serve: | Serve the semolina pancake hot and enjoy.",https://res.cloudinary.com/duegxp0u0/image/upload/v1745168989/recipe_uploads/j2rqxhuvjlmzpczxxsgq.jpg
68395ecea1f9120d4641a52e,Salmon and Asparagus Packets,snack,non_vegetarian,weight_loss,410.0,38.0,15.0,25.0,4.0,500.0,80.0,25,2,Salmon and Asparagus Packets Salmon and Asparagus Packets Salmon and Asparagus Packets Salmon fillets Asparagus Lemon Olive oil Dill (dried) Salt Black pepper Parsley non_vegetarian,"gluten_free,nut_free,egg_free,lactose_free,low_carb,low_sugar,dairy_free",Salmon fillets (200g (2 x 100g)); Asparagus (150g); Lemon (½ (~1 tbsp juice)); Olive oil (1 tbsp); Dill (dried) (1 tsp); Salt (¼ tsp); Black pepper (¼ tsp); Parsley (1 tsp (optional)),"Step 1: Preheat Oven | Preheat the oven to 200°C and prepare two large sheets of aluminum foil. | Step 2: Prepare Asparagus | Trim the woody ends from 150g asparagus and divide into two portions. | Step 3: Season Salmon | Pat dry 200g salmon fillets (2 x 100g), season with ¼ tsp salt and ¼ tsp black pepper. | Step 4: Assemble Packets | Place asparagus in the center of each foil sheet, top with a salmon fillet, and drizzle each with ½ tbsp olive oil. | Step 5: Add Flavor | Squeeze ½ lemon (~1 tbsp juice) over the salmon and asparagus, and sprinkle 1 tsp dried dill evenly over both packets. | Step 6: Seal Packets | Fold foil over the ingredients, sealing edges tightly to form packets, and place on a baking sheet. | Step 7: Bake Packets | Bake for 18–20 minutes until salmon flakes easily with a fork (145°F/63°C internal temperature). | Step 8: Serve | Carefully open packets to release steam, transfer contents to plates, garnish with 1 tsp chopped parsley, and serve warm as a light dinner.",https://res.cloudinary.com/duegxp0u0/image/upload/v1748524757/duoo0nh5k36jrienvy0x.jpg
68395ebfa1f9120d4641a4a3,Lamb Ribs with Herb Crust,dinner,keto,weight_gain,620.0,50.0,5.0,54.0,0.0,290.0,140.0,180,2,Lamb Ribs with Herb Crust Lamb Ribs with Herb Crust Lamb Ribs with Herb Crust Lamb ribs Rosemary Garlic Olive oil Salt & pepper keto,"gluten_free,nut_free,egg_free,lactose_free,low_carb,low_sugar",Lamb ribs (250g); Rosemary (½ tbsp); Garlic (1 clove); Olive oil (1 tbsp); Salt & pepper (to taste),"Step 1: Prep Lamb ribs | Use 250g of lamb ribs as the base. | Step 2: Prepare Rosemary | Chop or measure ½ tbsp of rosemary. | Step 3: Combine Ingredients | Mix the prepared ingredients in a bowl. | Step 4: Add Garlic | Incorporate 1 clove of garlic for flavor. | Step 5: Season | Add salt, pepper, or additional spices as needed. | Step 6: Set Aside | Chill or let the mixture rest for a few minutes if needed. | Step 7: Final Mix | Stir everything together to ensure even coating. | Step 8: Serve | Plate and enjoy your freshly prepared meal.",https://res.cloudinary.com/duegxp0u0/image/upload/v1748524089/d9hrbaiqv1xutrv7wkf4.jpg
68395ecea1f9120d4641a501,Egg & Beef Stuffed Tomatoes,breakfast,non_vegetarian,weight_loss,320.0,35.0,15.0,18.0,4.0,450.0,280.0,35,1,Egg & Beef Stuffed Tomatoes Egg & Beef Stuffed Tomatoes Egg & Beef Stuffed Tomatoes Eggs Ground beef Tomatoes Olive oil Salt Black pepper Paprika Parsley non_vegetarian,"gluten_free,nut_free,lactose_free,low_carb,low_sodium,low_sugar,dairy_free",Eggs (3); Ground beef (100g); Tomatoes (4 (about 100g each)); Olive oil (1 tsp); Salt (¼ tsp); Black pepper (¼ tsp); Paprika (½ tsp); Parsley (1 tsp (optional)),"Step 1: Preheat Oven | Preheat the oven to 180°C and prepare a baking dish lightly greased with ½ tsp olive oil. | Step 2: Prepare Tomatoes | Cut the tops off 4 medium tomatoes (about 100g each), scoop out the seeds and pulp with a spoon, and reserve pulp for another use. | Step 3: Cook Beef | Heat ½ tsp olive oil in a skillet over medium heat, add 100g ground beef, and cook for 4–5 minutes, breaking it apart until browned. | Step 4: Season Beef | Add ¼ tsp salt, ¼ tsp black pepper, and ½ tsp paprika to the beef, stirring for 1 minute, then remove from heat. | Step 5: Scramble Eggs | In a bowl, whisk 3 eggs with a pinch of salt, then scramble in the same skillet over low heat for 2–3 minutes until just set. | Step 6: Combine Filling | Mix the scrambled eggs with the cooked beef in a bowl, ensuring an even blend. | Step 7: Stuff Tomatoes | Spoon the egg-beef mixture evenly into the hollowed tomatoes, packing lightly, and place in the baking dish. | Step 8: Bake and Serve | Bake for 18–20 minutes until tomatoes are tender, garnish with 1 tsp chopped parsley if desired, and serve warm as a light breakfast.",https://res.cloudinary.com/duegxp0u0/image/upload/v1748524630/ctux8lbkjzqu7myfrntc.jpg
68395ec7a1f9120d4641a4d8,Shahi Paneer with Lachha Paratha,breakfast,vegetarian,weight_gain,548.0,15.0,40.0,20.0,5.0,1080.0,30.0,45,2,Shahi Paneer with Lachha Paratha Shahi Paneer with Lachha Paratha Shahi Paneer with Lachha Paratha Paneer Onions Tomatoes Cashew paste Fresh cream Butter Red chili powder Garam masala Salt Whole wheat flour Water Ginger-garlic paste Coriander leaves Ghee Turmeric powder Water Coriander powder Cumin seeds vegetarian,"egg_free,low_sugar","Paneer (200g, cubed); Onions (1 large, chopped); Tomatoes (2 medium, pureed); Cashew paste (2 tbsp); Fresh cream (¼ cup); Butter (1 tbsp); Red chili powder (½ tsp); Garam masala (½ tsp); Salt (1 tsp); Whole wheat flour (1 cup); Water (½ cup); Ginger-garlic paste (1 tsp); Coriander leaves (2 tbsp, chopped); Ghee (1 tbsp); Turmeric powder (¼ tsp); Water (1 cup); Coriander powder (½ tsp); Cumin seeds (½ tsp)","Step 1: Gather the Ingredients: | Collect 3 tbsp butter, 1 chopped onion, 1 cup tomato puree, 2 tbsp cashew paste, 1 tsp red chili powder, 1 tsp garam masala, 1 tsp salt, 200g paneer (cubed), ¼ cup cream, 2 cups flour, water for dough, and extra butter for cooking. | Step 2: Heat the Butter: | Melt 2 tbsp butter in a pan over medium heat for 1-2 minutes until it’s fully melted and hot. | Step 3: Sauté the Onions: | Add 1 chopped onion and sauté for 5-7 minutes, stirring occasionally, until golden brown. | Step 4: Cook the Base: | Stir in 1 cup tomato puree, 2 tbsp cashew paste, 1 tsp red chili powder, 1 tsp garam masala, and 1 tsp salt, cooking for 5 minutes until the mixture thickens. | Step 5: Add Paneer and Cream: | Mix in 200g paneer cubes and ¼ cup cream, reduce heat to low, and simmer for 10 minutes, stirring gently to coat the paneer. | Step 6: Prepare the Dough: | In a bowl, knead 2 cups flour with water into a soft dough, then divide into 4-6 balls for lachha parathas. | Step 7: Roll and Cook the Paratha: | Roll each dough ball into a thin circle, brush with butter, fold into layers, roll again, and cook on a hot pan with 1 tsp butter per side for 2-3 minutes until golden and flaky. | Step 8: Serve Hot: | Plate the creamy shahi paneer and serve with the hot, buttery lachha paratha for a rich, royal meal.",https://res.cloudinary.com/duegxp0u0/image/upload/v1748525342/nwfiahin3sjrkcp83w7h.jpg
68395ebfa1f9120d4641a45f,Keto Cheesy Cauliflower Bake,lunch,keto,weight_gain,590.0,28.0,12.0,52.0,4.0,750.0,150.0,45,4,Keto Cheesy Cauliflower Bake Keto Cheesy Cauliflower Bake Keto Cheesy Cauliflower Bake Cauliflower Cheddar Heavy cream Butter Olive oil Salt Black pepper Parsley keto,"gluten_free,nut_free,low_carb,low_sugar",Cauliflower (400g); Cheddar (150g); Heavy cream (100ml); Butter (1 tbsp); Olive oil (1 tsp); Salt (¼ tsp); Black pepper (¼ tsp); Parsley (1 tsp (optional)),"Step 1: Preheat Oven | Preheat oven to 200°C. | Step 2: Prep Cauliflower | Cut 400g cauliflower into florets, toss with 1 tsp olive oil and ¼ tsp salt. | Step 3: Roast Cauliflower | Spread florets on a baking sheet, roast for 15–20 minutes until tender. | Step 4: Make Cheese Sauce | In a saucepan, melt 1 tbsp butter, add 100ml heavy cream, and heat gently. | Step 5: Add Cheese | Stir in 150g shredded cheddar until melted and smooth, season with ¼ tsp black pepper. | Step 6: Combine Dish | Place roasted cauliflower in a baking dish, pour cheese sauce over top. | Step 7: Bake Dish | Bake for 10–15 minutes until bubbly and golden. | Step 8: Serve | Garnish with 1 tsp chopped parsley and serve hot as a rich dinner.",https://res.cloudinary.com/duegxp0u0/image/upload/v1748524024/kan1o6vsfwy3dlrlj2tq.jpg
68395eeaa1f9120d4641a6c2,"Low-Oil Suji Ka Halwa (Semolina Pudding with Jaggery, No Sugar)",snack,desi,weight_loss,120.0,2.0,18.0,4.0,1.0,5.0,5.0,20,1,"Low-Oil Suji Ka Halwa (Semolina Pudding with Jaggery, No Sugar) Low-Oil Suji Ka Halwa (Semolina Pudding with Jaggery, No Sugar) Low-Oil Suji Ka Halwa (Semolina Pudding with Jaggery, No Sugar) Semolina Jaggery Ghee Water desi","nut_free,egg_free,low_sodium","Semolina (1/4 cup (40g)); Jaggery (1 tbsp (12g)); Ghee (1 tsp (5g)); Water (As needed (assumed 1/2 cup, 120ml, for cooking))","Step 1: Roast the Suji : | Heat a pan and add suji (semolina) along with a teaspoon of ghee. Roast the suji for 2-3 minutes, stirring constantly, until it turns golden brown. | Step 2: Add Water : | Pour water into the pan with the roasted suji and stir to combine. Let the suji cook until it softens and absorbs the water. | Step 3: Add Jaggery and Spices : | Once the suji is cooked and soft, add jaggery, cardamom, and a pinch of saffron to the mixture. | Step 4: Stir the Mixture : | Stir the ingredients well to ensure that the jaggery melts and the spices are evenly distributed throughout the suji. | Step 5: Cook for an Additional 5 Minutes : | Let the mixture cook for another 5 minutes, allowing the jaggery to fully dissolve and the flavors to meld. | Step 6: Check the Consistency : | Check the consistency of the suji; it should be smooth and slightly sticky. If needed, add a little more water to adjust. | Step 7: Serve Warm : | Once the suji is fully cooked and the flavors have blended, serve it warm in bowls. | Step 8: Enjoy : | Enjoy your warm, flavorful suji dish with the rich taste of jaggery and cardamom!",https://res.cloudinary.com/duegxp0u0/image/upload/v1745169488/recipe_uploads/h5nuntn1xepzcxowznve.jpg
68395eeaa1f9120d4641a6a8,"Bhindi (Okra) Masala (Low Oil, No Frying)",lunch,desi,weight_loss,120.0,3.0,16.0,4.0,5.0,400.0,0.0,15,2,"Bhindi (Okra) Masala (Low Oil, No Frying) Bhindi (Okra) Masala (Low Oil, No Frying) Bhindi (Okra) Masala (Low Oil, No Frying) Okra Onion Tomato Cumin Powder Turmeric Powder Red Chili Powder Salt Oil Fresh Coriander (for garnish) desi","gluten_free,nut_free,egg_free,lactose_free,low_sodium,low_sugar,low_cholesterol,dairy_free","Okra (250g (chopped)); Onion (1 medium (100g, chopped)); Tomato (1 medium (150g, chopped)); Cumin Powder (1 tsp (2g)); Turmeric Powder (1/2 tsp (1g)); Red Chili Powder (1 tsp (2g)); Salt (To taste (assumed 1 tsp, 3g)); Oil (1 tsp (5g)); Fresh Coriander (for garnish) (As needed (assumed 1 tbsp, 3g))","Step 1: Prepare Okra: | Wash and cut 250g okra (bhindi) into 1-inch pieces. | Step 2: Sauté Onions and Tomatoes: | In a pan, heat 1 tsp oil, add 1 chopped onion, and sauté until golden brown. Add 1 chopped tomato and cook for another 2-3 minutes. | Step 3: Add Spices: | Add 1 tsp cumin powder, 1/2 tsp turmeric powder, 1 tsp red chili powder, and salt to taste. | Step 4: Add Okra: | Add the chopped okra and cook on medium heat, stirring occasionally, until tender (about 10 minutes). | Step 5: Stir Occasionally: | Keep stirring the okra occasionally to prevent it from sticking to the pan. | Step 6: Adjust Seasoning: | Taste the okra and adjust salt or spices if necessary. | Step 7: Garnish: | Garnish with fresh coriander leaves. | Step 8: Serve: | Serve hot with roti or rice for a delicious side dish.",https://res.cloudinary.com/duegxp0u0/image/upload/v1745169232/recipe_uploads/odfadq5thhqlbayoffkw.jpg
68395ef0a1f9120d4641a78a,Mango Lassi with Full Cream Yogurt,breakfast,desi,weight_gain,280.0,6.0,42.0,8.0,2.0,80.0,20.0,10,1,Mango Lassi with Full Cream Yogurt Mango Lassi with Full Cream Yogurt Mango Lassi with Full Cream Yogurt Mango pulp Yogurt Sugar Cardamom Ice cubes Saffron desi,"egg_free,low_sodium",Mango pulp (1 cup); Yogurt (1 cup); Sugar (2 tbsp); Cardamom (1 pod); Ice cubes (¼ cup); Saffron (small pinch),"Step 1: Gather Ingredients: Collect 1 cup mango pulp (fresh or canned), 1 cup full-cream yogurt, 2 tbsp sugar, ¼ tsp cardamom powder, 2 tbsp milk, and a few ice cubes. | Step 2: Prepare Mango: If using fresh mango, peel and cube 1 large mango, blend to get 1 cup smooth pulp, and strain to remove any fibers. | Step 3: Chill Yogurt: Place 1 cup full-cream yogurt in the refrigerator for 15-20 minutes to ensure it’s cold before blending. | Step 4: Blend Mixture: In a blender, combine 1 cup mango pulp, chilled yogurt, 2 tbsp sugar, ¼ tsp cardamom powder, and 2 tbsp milk; blend for 30-40 seconds until smooth. | Step 5: Adjust Texture: Add a few ice cubes for a frosty texture, blending briefly to incorporate without diluting the flavor too much. | Step 6: Serve Chilled: Pour the mango lassi into chilled glasses, garnish with a pinch of cardamom if desired, and serve immediately.",https://res.cloudinary.com/duegxp0u0/image/upload/v1746813064/dm8vfotapvhneav6xnt4.jpg
68395ed6a1f9120d4641a56f,Tomato Herb Salad,dinner,mediterranean,weight_loss,130.0,1.0,6.0,12.0,2.0,8.0,0.0,10,1,Tomato Herb Salad Tomato Herb Salad Tomato Herb Salad Cherry tomatoes Basil Olive oil mediterranean,"gluten_free,nut_free,egg_free,lactose_free,low_sodium,low_carb,low_sugar,low_cholesterol,dairy_free",Cherry tomatoes (150g); Basil (5g); Olive oil (12ml),"Step 1: Wash Tomatoes | Rinse 150g cherry tomatoes under cold water to remove any dirt. |  | Step 2: Halve Tomatoes | Cut each cherry tomato in half to release juices. |  | Step 3: Prep Basil | Wash 5g fresh basil leaves, pat dry, and roughly tear into pieces. |  | Step 4: Combine Ingredients | Place halved tomatoes and basil in a mixing bowl. |  | Step 5: Add Olive Oil | Pour 12ml olive oil over the tomatoes and basil. |  | Step 6: Toss Salad | Gently toss the mixture to evenly coat with olive oil. |  | Step 7: Season Lightly | Add a pinch of salt and black pepper to enhance flavors, if desired. |  | Step 8: Serve Fresh | Transfer to a plate and serve immediately as a snack.",https://res.cloudinary.com/duegxp0u0/image/upload/v1748524492/abthp5opjmuu8dwjkfgd.jpg    
68395eeaa1f9120d4641a5e7,Quinoa Khichdi with Methi & Turmeric,breakfast,desi,weight_loss,220.0,6.0,28.0,10.0,4.0,150.0,0.0,35,1,Quinoa Khichdi with Methi & Turmeric Quinoa Khichdi with Methi & Turmeric Quinoa Khichdi with Methi & Turmeric Quinoa Methi Leaves Mustard Seeds Turmeric Salt Water Oil desi,"gluten_free,nut_free,egg_free,lactose_free,low_sodium,low_sugar,low_cholesterol,dairy_free","Quinoa (1/2 cup (85g, dry)); Methi Leaves (1/4 cup (15g, chopped)); Mustard Seeds (1 tsp (2g)); Turmeric (1/4 tsp (0.5g)); Salt (as needed (0.5g, pinch)); Water (1 cup (240ml)); Oil (1 tbsp (14g))","Step 1: Rinse Quinoa Thoroughly : | Rinse 1/2 cup of quinoa under cold water to remove bitterness and drain well. | Step 2: Cook the Quinoa : | Boil the rinsed quinoa in 1 cup of water over medium heat until soft and water is absorbed. | Step 3: Heat the Oil : | In a separate pan, heat 1 tablespoon of oil on medium flame. | Step 4: Add Spices : | Add 1 teaspoon mustard seeds and let them crackle, then add 1/4 teaspoon turmeric powder. | Step 5: Add Fenugreek Leaves : | Toss in a handful of fresh or dried fenugreek (methi) leaves and sauté for 1-2 minutes. | Step 6: Combine Quinoa : | Add the cooked quinoa to the pan with the sautéed spices and herbs. | Step 7: Season and Mix : | Sprinkle salt to taste and stir everything together until well combined and heated through. | Step 8: Serve Hot : | Transfer to a serving dish and enjoy the quinoa dish warm.",https://res.cloudinary.com/duegxp0u0/image/upload/v1745168954/recipe_uploads/c2aqqnlhfbxkzqsydkof.jpg
68395eeaa1f9120d4641a5f4,Sattu Drink,breakfast,desi,weight_loss,80.0,4.0,12.0,1.0,2.0,400.0,0.0,5,1,Sattu Drink Sattu Drink Sattu Drink Roasted Gram Flour (Sattu) Water Black Salt Roasted Cumin Powder Lemon Juice desi,"gluten_free,nut_free,egg_free,lactose_free,low_sugar,low_cholesterol,dairy_free",Roasted Gram Flour (Sattu) (2 tbsp (20g)); Water (1 cup (240ml)); Black Salt (1/2 tsp (1.5g)); Roasted Cumin Powder (1/2 tsp (1g)); Lemon Juice (1/2 lemon (15ml)),"Step 1: Prepare the drink base: | In a glass, mix 2 tbsp roasted gram flour (sattu) with 1 cup water. | Step 2: Add spices and lemon: | Add 1/2 tsp black salt, 1/2 tsp roasted cumin powder, and the juice of half a lemon. | Step 3: Stir thoroughly: | Stir the mixture well until the sattu dissolves completely and the drink is smooth. | Step 4: Taste and adjust: | Taste the drink and adjust salt or lemon juice if needed. | Step 5: Add freshness: | Optional – Add a few chopped mint leaves for a refreshing twist. | Step 6: Add ice: | Drop in a few ice cubes if you prefer it chilled. | Step 7: Garnish: | Garnish with a slice of lemon on the rim or a sprinkle of cumin powder on top. | Step 8: Serve: | Serve immediately for a cool, refreshing and healthy summer drink.",https://res.cloudinary.com/duegxp0u0/image/upload/v1745168975/recipe_uploads/iatxtn4zg54goy9iqkyc.jpg
68395ed6a1f9120d4641a54a,Herbed Quinoa Mix,lunch,mediterranean,weight_gain,350.0,7.0,32.0,16.0,6.0,28.0,0.0,25,1,Herbed Quinoa Mix Herbed Quinoa Mix Herbed Quinoa Mix Quinoa Parsley Cherry tomatoes Lemon juice Olive oil mediterranean,"gluten_free,nut_free,egg_free,lactose_free,low_sodium,low_sugar,low_cholesterol,dairy_free",Quinoa (100g); Parsley (30g); Cherry tomatoes (150g); Lemon juice (30ml); Olive oil (1 tbsp),"Step 1: Cook Quinoa | Rinse 100g quinoa and cook in 200ml water for 15 minutes until fluffy, then let cool. |  | Step 2: Chop Parsley | Finely chop 30g parsley leaves, discarding tough stems, for a fresh flavor. |  | Step 3: Prepare Tomatoes | Wash 150g cherry tomatoes and halve them for bite-sized pieces. |  | Step 4: Juice Lemon | Squeeze 1 lemon (about 30ml juice) into a small bowl, removing seeds. |  | Step 5: Make Dressing | Mix lemon juice with 1 tbsp olive oil and a pinch of salt to create a tangy dressing. |  | Step 6: Combine Ingredients | In a large bowl, mix cooled quinoa, parsley, and cherry tomatoes. |  | Step 7: Add Dressing | Pour the lemon-olive oil dressing over the mixture and toss gently to coat evenly. |  | Step 8: Serve Fresh | Transfer to a plate and serve immediately as a vibrant lunch dish.",https://res.cloudinary.com/duegxp0u0/image/upload/v1748524316/ysluq2rjxxtkzx1r0m3f.jpg
68395ebfa1f9120d4641a486,Creamy Garlic Prawns,dinner,keto,weight_gain,620.0,24.0,3.0,25.0,0.0,500.0,200.0,25,1,Creamy Garlic Prawns Creamy Garlic Prawns Creamy Garlic Prawns Prawns Heavy cream Butter Garlic Salt Parsley keto,"gluten_free,nut_free,egg_free,low_carb,low_sugar",Prawns (150g); Heavy cream (50ml); Butter (1 tbsp); Garlic (2 cloves); Salt (⅛ tsp); Parsley (½ tsp (optional)),"Step 1: Prep Prawns | Peel and devein 150g prawns, season with ⅛ tsp salt. | Step 2: Melt Butter | In a skillet, melt 1 tbsp butter over medium heat. | Step 3: Sauté Garlic | Add 2 minced garlic cloves, sauté for 30 seconds until fragrant. | Step 4: Cook Prawns | Add prawns, cook for 2–3 minutes per side until pink, then set aside. | Step 5: Make Sauce | Pour in 50ml heavy cream, simmer for 2–3 minutes until thickened. | Step 6: Combine Prawns | Return prawns to skillet, coat in sauce for 1 minute. | Step 7: Garnish | Sprinkle with ½ tsp chopped parsley. | Step 8: Serve | Serve hot as a rich dinner.",https://res.cloudinary.com/duegxp0u0/image/upload/v1748523936/vbkawkdlb1nzl6sjrcux.jpg
68395ecea1f9120d4641a519,Grilled Chicken & Halloumi Skewers,dinner,non_vegetarian,weight_loss,480.0,52.0,8.0,28.0,2.0,700.0,120.0,25,3,Grilled Chicken & Halloumi Skewers Grilled Chicken & Halloumi Skewers Grilled Chicken & Halloumi Skewers Chicken breast Halloumi cheese Bell peppers Olive oil Oregano Salt Black pepper Parsley non_vegetarian,"gluten_free,nut_free,egg_free,low_carb,low_sugar",Chicken breast (300g); Halloumi cheese (100g); Bell peppers (100g); Olive oil (2 tsp); Oregano (½ tsp); Salt (¼ tsp); Black pepper (¼ tsp); Parsley (1 tsp (optional)),"Step 1: Prepare Chicken | Cut 300g chicken breast into 1-inch cubes and pat dry with a paper towel. | Step 2: Marinate Chicken | In a bowl, toss chicken with 1 tsp olive oil, ½ tsp oregano, ¼ tsp salt, and ¼ tsp black pepper; let sit for 10 minutes. | Step 3: Prepare Halloumi | Cut 100g halloumi cheese into 1-inch cubes, ensuring pieces are similar in size to chicken. | Step 4: Prepare Peppers | Deseed and cut 100g bell peppers (any color) into 1-inch pieces. | Step 5: Assemble Skewers | Thread chicken, halloumi, and bell peppers alternately onto 4–6 skewers (soaked if wooden). | Step 6: Preheat Grill | Preheat a grill or grill pan to medium-high heat and lightly brush with 1 tsp olive oil. | Step 7: Grill Skewers | Grill skewers for 8–10 minutes, turning every 2–3 minutes, until chicken is cooked (165°F/74°C) and halloumi is golden. | Step 8: Serve | Remove skewers from grill, let rest for 2 minutes, garnish with 1 tsp chopped parsley if desired, and serve warm as a light lunch.",https://res.cloudinary.com/duegxp0u0/image/upload/v1748524702/iqjiivy076ymoqrip3qy.jpg
68395ec7a1f9120d4641a4b6,Cheesy Polenta with Mushrooms,breakfast,vegetarian,weight_gain,570.0,25.0,65.0,30.0,5.0,950.0,40.0,35,2,Cheesy Polenta with Mushrooms Cheesy Polenta with Mushrooms Cheesy Polenta with Mushrooms Polenta Mushrooms Parmesan Vegetable broth Olive oil Garlic paste Salt Black pepper Parsley vegetarian,"gluten_free,nut_free,egg_free,low_sugar",Polenta (150g); Mushrooms (200g); Parmesan (50g); Vegetable broth (400ml); Olive oil (1 tbsp); Garlic paste (1 tsp); Salt (1/2 tsp); Black pepper (1/2 tsp); Parsley (1 tsp (optional)),"Step 1: Prepare Broth | Bring 400ml vegetable broth to a boil in a medium saucepan. | Step 2: Cook Polenta | Gradually whisk in 150g polenta, reduce heat to low, and stir for 15–20 minutes until thick and creamy. | Step 3: Season Polenta | Stir in 1/2 tsp salt and 1/2 tsp black pepper into the polenta, then keep warm. | Step 4: Prepare Mushrooms | Clean and slice 200g mushrooms (e.g., cremini or button). | Step 5: Sauté Mushrooms | Heat 1 tbsp olive oil in a skillet over medium heat, add mushrooms, and sauté for 8–10 minutes until golden. | Step 6: Season Mushrooms | Add 1 tsp garlic paste to the mushrooms and cook for 1 minute, then remove from heat. | Step 7: Assemble Dish | Spoon the polenta into bowls, top with sautéed mushrooms, and sprinkle 50g grated Parmesan over each serving. | Step 8: Serve | Garnish with 1 tsp chopped parsley if desired, and serve warm as a comforting dinner.",https://res.cloudinary.com/duegxp0u0/image/upload/v1748524886/zyory7io6fk0apyttkqk.jpg
68395ed6a1f9120d4641a57e,Herbed Tomato Slices,snack,mediterranean,weight_loss,70.0,1.0,7.0,5.0,3.0,10.0,0.0,5,1,Herbed Tomato Slices Herbed Tomato Slices Herbed Tomato Slices Tomatoes Basil Oregano Olive oil mediterranean,"gluten_free,nut_free,egg_free,lactose_free,low_sodium,low_carb,low_sugar,low_cholesterol,dairy_free",Tomatoes (150g); Basil (5g); Oregano (5g); Olive oil (5ml),"Step 1: Wash Tomatoes | Rinse 150g tomatoes (about 1-2 medium) under cold water and pat dry. |  | Step 2: Slice Tomatoes | Cut the tomatoes into 1cm thick slices and arrange on a plate. |  | Step 3: Prep Basil | Wash 5g fresh basil leaves, pat dry, and finely chop. |  | Step 4: Prep Oregano | Wash 5g fresh oregano leaves, pat dry, and finely chop. |  | Step 5: Mix Herbs | Combine chopped basil and oregano in a small bowl for even distribution. |  | Step 6: Add Oil | Drizzle 5ml olive oil over the tomato slices for flavor. |  | Step 7: Sprinkle Herbs | Evenly sprinkle the mixed herbs over the tomato slices. |  | Step 8: Serve Fresh | Serve immediately as a refreshing snack, optionally with a pinch of sea salt.",https://res.cloudinary.com/duegxp0u0/image/upload/v1748524315/f9igc0fdbhzeusfqfzw4.jpg
68395eeaa1f9120d4641a61c,Chana Masala Wrap,breakfast,desi,weight_loss,220.0,8.0,34.0,6.0,8.0,300.0,0.0,15,1,Chana Masala Wrap Chana Masala Wrap Chana Masala Wrap Chickpeas Wheat Roti Oil Cumin Seeds Green Chili Salt Turmeric Red Chili Powder Chana Masala Onion Lemon desi,"nut_free,egg_free,lactose_free,low_sodium,low_sugar,low_cholesterol,dairy_free","Chickpeas (1/2 cup (80g, cooked or canned, drained)); Wheat Roti (1 (30g)); Oil (for sautéing (assumed 1 tsp, 5g)); Cumin Seeds (1/2 tsp (1g)); Green Chili (1 (5g, chopped)); Salt (to taste (0.5g, pinch)); Turmeric (1/4 tsp (0.5g)); Red Chili Powder (1/2 tsp (1g)); Chana Masala (1 tsp (2g)); Onion (1 (100g, chopped)); Lemon (1 (15ml, juice))","Step 1: Soak Chickpeas : | Soak 1/2 cup chickpeas overnight or for at least 6–8 hours. | Step 2: Boil Chickpeas : | Pressure cook or boil the soaked chickpeas until they are soft and fully cooked. | Step 3: Sauté Spices : | Heat oil in a pan and add cumin seeds, chopped ginger, and green chili. Sauté for a few seconds. | Step 4: Add Masala : | Add boiled chickpeas along with salt, turmeric, red chili powder, and chana masala. Mix well. | Step 5: Cook Until Dry : | Cook on medium flame until the masala coats the chickpeas and the mixture turns dry. | Step 6: Prepare Onion and Lemon : | Slice onion thinly and cut a lemon into wedges. | Step 7: Fill Roti : | Place the dry chana masala in the center of a wheat roti. Add sliced onion and a squeeze of lemon. | Step 8: Wrap and Serve : | Roll the roti into a wrap and serve warm as a protein-rich snack or meal.",https://res.cloudinary.com/duegxp0u0/image/upload/v1745169056/recipe_uploads/uvgnwnk62nefbex028er.jpg
68395eeaa1f9120d4641a67b,Chicken & Sweet Potato Stir-Fry (High Fiber),lunch,desi,weight_loss,300.0,28.0,30.0,6.0,5.0,600.0,65.0,35,2,Chicken & Sweet Potato Stir-Fry (High Fiber) Chicken & Sweet Potato Stir-Fry (High Fiber) Chicken & Sweet Potato Stir-Fry (High Fiber) Chicken Breast Sweet Potatoes Garlic Ginger Onion Soy Sauce Sesame Seeds desi,"nut_free,egg_free,lactose_free,low_sugar","Chicken Breast (200g (boneless, skinless, cubed)); Sweet Potatoes (1 medium (150g, cubed)); Garlic (1 tbsp (9g, minced)); Ginger (1 tbsp (6g, grated)); Onion (1 medium (100g, chopped)); Soy Sauce (1 tbsp (15ml)); Sesame Seeds (1 tsp (3g))","Step 1: Dice Chicken and Sweet Potatoes : | Dice chicken breast and sweet potatoes into small, uniform pieces. | Step 2: Stir-Fry Chicken : | Stir-fry the diced chicken with onions, garlic, ginger, and a dash of soy sauce in a non-stick pan over medium heat. | Step 3: Add Sweet Potatoes : | Add the diced sweet potatoes to the pan and stir-fry until they begin to soften. | Step 4: Cook Until Tender : | Continue stir-frying until the chicken is cooked through and the sweet potatoes are tender. | Step 5: Season : | Season with additional soy sauce, salt, and pepper to taste. | Step 6: Garnish with Sesame Seeds : | Sprinkle sesame seeds over the dish for added texture and flavor. | Step 7: Add Fresh Herbs : | Top with fresh herbs like cilantro or parsley for a fresh finish. | Step 8: Serve : | Serve the stir-fry hot and enjoy!",https://res.cloudinary.com/duegxp0u0/image/upload/v1745169108/recipe_uploads/tik5deisztuczfgywmjb.jpg
68395eeaa1f9120d4641a622,Chickpea & Millet Soup with Fresh Herbs,dinner,desi,weight_loss,250.0,8.0,35.0,9.0,6.0,300.0,0.0,45,1,Chickpea & Millet Soup with Fresh Herbs Chickpea & Millet Soup with Fresh Herbs Chickpea & Millet Soup with Fresh Herbs Chickpeas Millet Oil Cumin Seeds Fresh Cilantro (for garnish) Salt desi,"gluten_free,nut_free,egg_free,lactose_free,low_sodium,low_sugar,low_cholesterol,dairy_free","Chickpeas (1/2 cup (100g, cooked)); Millet (1/2 cup (100g, dry, cooked)); Oil (1 tbsp (14g)); Cumin Seeds (1/2 tsp (1g)); Fresh Cilantro (for garnish) (As needed (assumed 1 tbsp, 3g)); Salt (To taste (assumed 1/2 tsp, 1.5g, not listed but implied))","Step 1: Soak chickpeas: | Soak 1/2 cup of chickpeas in water overnight to soften them for cooking. | Step 2: Cook chickpeas: | Drain the soaked chickpeas and boil them in fresh water for about 30 minutes or until tender. | Step 3: Heat oil in pot: | In a large pot, heat 1 tablespoon of oil over medium heat. | Step 4: Add cumin seeds: | Add 1/2 teaspoon of cumin seeds to the oil and sauté for 1 minute until fragrant. | Step 5: Add main ingredients: | Add 1/2 cup of cooked chickpeas, 1/2 cup of millet, 4 cups of water, salt to taste, and a pinch of turmeric. | Step 6: Simmer the soup: | Stir everything well and let the soup simmer gently for about 15 minutes until the millet is fully cooked. | Step 7: Adjust seasoning: | Taste the soup and adjust salt or spices as needed for flavor. | Step 8: Garnish and serve: | Garnish the soup with freshly chopped cilantro and serve hot.",https://res.cloudinary.com/duegxp0u0/image/upload/v1745169248/recipe_uploads/bguyj4de534f1l9etfpf.jpg
68395ebfa1f9120d4641a491,Beef & Bone Marrow Burgers,dinner,keto,weight_gain,610.0,35.0,2.0,54.0,1.0,320.0,115.0,35,1,"Beef & Bone Marrow Burgers Beef & Bone Marrow Burgers Beef & Bone Marrow Burgers Ground beef Bone marrow Egg Almond flour Salt, black pepper keto","gluten_free,nut_free,lactose_free,low_carb,low_sugar","Ground beef (150g); Bone marrow (30g); Egg (17g (⅓ egg)); Almond flour (2 tsp); Salt, black pepper (to taste)","Step 1: Prep Ground beef | Use 150g of ground beef as the base. | Step 2: Prepare Bone marrow | Chop or measure 30g of bone marrow. | Step 3: Combine Ingredients | Mix the prepared ingredients in a bowl. | Step 4: Add Egg | Incorporate 17g (⅓ egg) of egg for flavor. | Step 5: Season | Add salt, pepper, or additional spices as needed. | Step 6: Set Aside | Chill or let the mixture rest for a few minutes if needed. | Step 7: Final Mix | Stir everything together to ensure even coating. | Step 8: Serve | Plate and enjoy your freshly prepared meal.",https://res.cloudinary.com/duegxp0u0/image/upload/v1748523936/wu90thg1ez6qpehs57rw.jpg
68395eeaa1f9120d4641a68f,Masala Grilled Fish Skewers,lunch,desi,weight_loss,160.0,24.0,2.0,4.0,0.0,400.0,55.0,30,5,Masala Grilled Fish Skewers Masala Grilled Fish Skewers Masala Grilled Fish Skewers Fish Fillets (boneless) Yogurt Red Chili Powder Turmeric Powder Garam Masala Lemon Salt desi,"gluten_free,nut_free,egg_free,low_sodium,low_sugar","Fish Fillets (boneless) (500g (e.g., tilapia or cod)); Yogurt (2 tbsp (30g)); Red Chili Powder (1 tsp (2g)); Turmeric Powder (1/2 tsp (1g)); Garam Masala (1 tsp (2g)); Lemon (1 (assumed 1 tbsp juice, 15ml)); Salt (To taste (assumed 1 tsp, 3g))","Step 1: Marinate the Fish: | Mix 2 tbsp yogurt, 1 tsp red chili powder, 1/2 tsp turmeric powder, 1 tsp garam masala, and salt in a bowl. Coat 500g fish fillets (boneless) with the marinade and let it sit for 30 minutes. | Step 2: Prepare Skewers: | Thread the marinated fish onto wooden skewers. | Step 3: Preheat the Grill: | Preheat the grill or oven to medium heat. | Step 4: Grill the Fish: | Grill the fish for 10-12 minutes on medium heat, flipping halfway through until cooked through. | Step 5: Check for Doneness: | Ensure the fish is cooked through and flaky. | Step 6: Prepare the Sides: | Prepare a side of salad or naan while the fish is grilling. | Step 7: Garnish: | Squeeze fresh lemon juice over the grilled fish. | Step 8: Serve: | Serve hot with a side of salad or naan.",https://res.cloudinary.com/duegxp0u0/image/upload/v1745169167/recipe_uploads/a5kxl493l3ilwgtfvjty.jpg
68395ec7a1f9120d4641a4c0,Berry Protein Smoothie,snack,vegetarian,weight_loss,280.0,32.0,25.0,6.0,4.0,100.0,20.0,5,2,Berry Protein Smoothie Berry Protein Smoothie Berry Protein Smoothie Greek yogurt Mixed berries Protein powder Water vegetarian,"gluten_free,nut_free,egg_free,low_carb,low_sodium,low_sugar,low_cholesterol",Greek yogurt (200g); Mixed berries (150g); Protein powder (1 scoop (30g)); Water (100ml),"Step 1: Prepare Berries | Measure 150g mixed berries (fresh or frozen) and rinse if fresh. | Step 2: Add Yogurt | Scoop 200g Greek yogurt into a blender. | Step 3: Add Protein Powder | Add 1 scoop (~30g) protein powder (whey or plant-based) to the blender. | Step 4: Add Berries | Place the mixed berries into the blender with the yogurt and protein powder. | Step 5: Add Liquid | Pour 100ml water or almond milk into the blender for a smoother consistency. | Step 6: Blend Ingredients | Blend on high for 30–60 seconds until smooth and creamy. | Step 7: Check Consistency | If too thick, add an extra 50ml water and blend again briefly. | Step 8: Serve | Pour the smoothie into a glass or portable bottle and serve immediately as a quick breakfast.",https://res.cloudinary.com/duegxp0u0/image/upload/v1748524884/tfymys4oqeyjobz1cjkq.jpg
68395ec7a1f9120d4641a4de,Chana Masala with Brown Rice,dinner,vegetarian,weight_loss,458.0,10.0,60.0,10.0,8.0,1080.0,0.0,45,2,Chana Masala with Brown Rice Chana Masala with Brown Rice Chana Masala with Brown Rice Chickpeas Onion Tomato Ginger-garlic paste Cumin seeds Coriander powder Red chili powder Salt Brown rice Ghee Turmeric powder Garam masala Water Coriander leaves vegetarian,"nut_free,egg_free,low_sugar,low_cholesterol","Chickpeas (1 cup, boiled); Onion (1 small, chopped); Tomato (1, chopped); Ginger-garlic paste (1 tsp); Cumin seeds (½ tsp); Coriander powder (½ tsp); Red chili powder (¼ tsp); Salt (½ tsp); Brown rice (1 cup, cooked); Ghee (1 tbsp); Turmeric powder (¼ tsp); Garam masala (¼ tsp); Water (¼ cup); Coriander leaves (1 tbsp, chopped)","Step 1: Gather the Ingredients: | Collect 3 tbsp ghee, 1 chopped onion, 1 tbsp ginger-garlic paste, 2 chopped tomatoes, 1 tsp cumin seeds, 1 tsp coriander powder, 1 tsp red chili powder, 1 tsp salt, 2 cups boiled chickpeas, 2 cups brown rice, 4 cups water, and fresh coriander for garnish. | Step 2: Heat the Ghee: | Melt 3 tbsp ghee in a pan over medium heat for 1-2 minutes until hot and fragrant. | Step 3: Sauté the Onions: | Add 1 chopped onion and sauté for 5-7 minutes, stirring occasionally, until golden brown. | Step 4: Add Ginger-Garlic Paste: | Stir in 1 tbsp ginger-garlic paste and cook for 1 minute until the raw aroma fades. | Step 5: Cook the Spices and Tomatoes: | Mix in 2 chopped tomatoes, 1 tsp cumin seeds, 1 tsp coriander powder, 1 tsp red chili powder, and 1 tsp salt, cooking for 5-7 minutes until the tomatoes soften into a thick masala. | Step 6: Add the Chickpeas: | Stir in 2 cups boiled chickpeas, mix well, and cook for 10 minutes on medium heat, adding a splash of water if needed for a gravy consistency. | Step 7: Prepare the Brown Rice: | In a separate pot, bring 4 cups water to a boil, add 2 cups brown rice, and cook for 20-25 minutes until tender, then drain any excess water. | Step 8: Serve Hot: | Plate the hot chana masala, garnish with fresh coriander, and serve with warm brown rice for a wholesome meal.",https://res.cloudinary.com/duegxp0u0/image/upload/v1748524886/obogpjxtvkxeydtd4ct0.jpg
68395eeaa1f9120d4641a65d,Brown Rice & Lentil Pulao with Carrots,dinner,desi,weight_loss,220.0,8.0,38.0,4.0,6.0,400.0,0.0,10,2,Brown Rice & Lentil Pulao with Carrots Brown Rice & Lentil Pulao with Carrots Brown Rice & Lentil Pulao with Carrots Brown Rice Lentils Carrots Cumin Seeds Salt Fresh Coriander Oil Water desi,"gluten_free,nut_free,egg_free,lactose_free,low_sodium,low_sugar,dairy_free","Brown Rice (1 cup (200g, dry)); Lentils (1/2 cup (100g, dry, assumed masoor dal for calculation)); Carrots (1 large (100g, chopped)); Cumin Seeds (1/2 tsp (1g)); Salt (To taste (assumed 1 tsp, 3g)); Fresh Coriander (For garnish (assumed 1 tbsp, 3g, chopped)); Oil (As needed (assumed 1 tsp, 5g, for cooking, not listed but implied)); Water (As needed (assumed 3 cups, 720ml, for cooking))","Step 1: Cook Brown Rice : | Rinse 1 cup brown rice and cook it in a rice cooker or pot with 2 cups of water. | Step 2: Cook Lentils : | In a separate pot, cook 1/2 cup lentils (moong dal or masoor dal) with 2 cups of water until tender. | Step 3: Sauté Carrots and Spices : | Heat 1 tbsp oil in a pan, add 1 chopped carrot, 1/2 tsp cumin seeds, and sauté until the carrot softens. | Step 4: Add Tomatoes : | Add 1 chopped tomato, 1/2 tsp turmeric powder, 1 tsp chili powder, and salt to taste. Stir well and cook for 3-4 minutes. | Step 5: Combine : | Add the cooked rice and lentils to the pan, mix well, and cook for 5 minutes to allow the flavors to meld. | Step 6: Adjust Consistency : | If needed, add a little water to achieve your desired consistency, and cook for a few more minutes. | Step 7: Garnish : | Garnish with fresh coriander leaves for added flavor and freshness. | Step 8: Serve : | Serve the dish hot with a side of roti or a refreshing salad.",https://res.cloudinary.com/duegxp0u0/image/upload/v1745169429/recipe_uploads/vtxzuesgm8hvz6jp5dr6.jpg
68395ef0a1f9120d4641a739,Rajma Pulao with Spices,lunch,desi,weight_gain,510.0,12.0,70.0,10.0,8.0,1080.0,0.0,65,5,Rajma Pulao with Spices Rajma Pulao with Spices Rajma Pulao with Spices Red kidney beans (rajma) Basmati rice Onion Tomato Ginger garlic paste Whole spices Red chili powder Turmeric Garam masala Salt Oil Water Coriander leaves Cumin seeds Water desi,"nut_free,egg_free,low_sugar,low_cholesterol","Red kidney beans (rajma) (1 cup, boiled); Basmati rice (2 cups); Onion (1, sliced); Tomato (1, chopped); Ginger garlic paste (1 tbsp); Whole spices (1 tbsp); Red chili powder (½ tsp); Turmeric (¼ tsp); Garam masala (½ tsp); Salt (1 tsp); Oil (2 tbsp); Water (as needed); Coriander leaves (2 tbsp, chopped); Cumin seeds (½ tsp); Water (4 cups (for rice))","Step 1: Gather Ingredients: Collect 1 cup rajma (kidney beans), 2 tbsp oil, 1 sliced onion, 1 tsp cumin seeds, 1 tsp ginger-garlic paste, 1 tsp garam masala, 1 tsp red chili powder, 1 tsp salt, 2 chopped tomatoes, 2 cups basmati rice, and 4 cups water. | Step 2: Soak Rajma: Rinse 1 cup rajma and soak in water overnight (8-10 hours), then drain. | Step 3: Fry Onions: Heat 2 tbsp oil in a pot over medium heat, add 1 sliced onion, and fry for 5-7 minutes until golden. | Step 4: Cook Spices: Stir in 1 tsp cumin seeds, 1 tsp ginger-garlic paste, 1 tsp garam masala, and 1 tsp red chili powder, cooking for 1-2 minutes until fragrant. | Step 5: Cook Rajma: Add 2 chopped tomatoes and cook for 5 minutes until soft, then mix in the soaked rajma, 1 tsp salt, and 2 cups water, cooking for 30-40 minutes until tender. | Step 6: Cook Pulao: Add 2 cups basmati rice and 4 cups water, bring to a boil, then reduce heat, cover, and cook for 12-15 minutes until rice is done; serve hot.",https://res.cloudinary.com/duegxp0u0/image/upload/v1746744854/rbgoyafyukgsxyxmb4z9.jpg
68395ef0a1f9120d4641a73e,Desi Fried Rice with Chicken Boti,lunch,desi,weight_gain,430.0,15.0,50.0,10.0,3.0,1080.0,40.0,35,2,Desi Fried Rice with Chicken Boti Desi Fried Rice with Chicken Boti Desi Fried Rice with Chicken Boti Chicken Basmati rice Onion Green peas Red chili powder Turmeric Garam masala Salt Oil Water Ginger garlic paste Coriander leaves Green chilies Water desi,"nut_free,egg_free,low_sugar","Chicken (200g, boneless); Basmati rice (1 cup); Onion (1, chopped); Green peas (½ cup); Red chili powder (1 tsp); Turmeric (¼ tsp); Garam masala (½ tsp); Salt (1 tsp); Oil (2 tbsp); Water (as needed); Ginger garlic paste (1 tsp); Coriander leaves (2 tbsp, chopped); Green chilies (2, chopped); Water (2 cups (for rice))","Step 1: Gather Ingredients: Collect 200g chicken (cubed), 1 tsp red chili powder, ½ tsp turmeric, 1 tsp garam masala, 1 tsp salt, 2 tbsp oil (for boti), 2 tbsp oil (for rice), 1 sliced onion, ½ cup peas, 2 cups cooked rice (preferably cold), and 1 tbsp yogurt (for boti). | Step 2: Marinate Chicken: Mix 200g chicken with 1 tsp red chili powder, ½ tsp turmeric, 1 tsp garam masala, 1 tsp salt, and 1 tbsp yogurt, and let it sit for 20 minutes. | Step 3: Cook Chicken Boti: Heat 2 tbsp oil in a pan over medium heat, add the marinated chicken, and cook for 10-15 minutes until tender and slightly charred, then set aside. | Step 4: Sauté Onions: In a large pan, heat 2 tbsp oil, add 1 sliced onion, and sauté for 5-7 minutes until golden. | Step 5: Cook Spices and Peas: Stir in ½ tsp red chili powder, ½ tsp turmeric, and ½ cup peas, cooking for 5 minutes until peas soften. | Step 6: Mix Rice: Add 2 cups cooked rice, stirring well to coat with spices, and cook for 3-5 minutes until heated through. | Step 7: Assemble and Serve: Place the chicken boti on top of the fried rice, mix lightly if desired, and serve hot.",https://res.cloudinary.com/duegxp0u0/image/upload/v1746770523/wzzzdpqxovmmofum2cue.jpg
68395eeaa1f9120d4641a663,Chickpea & Spinach Brown Rice Pilaf,lunch,desi,weight_loss,250.0,10.0,44.0,4.0,10.0,100.0,0.0,30,1,Chickpea & Spinach Brown Rice Pilaf Chickpea & Spinach Brown Rice Pilaf Chickpea & Spinach Brown Rice Pilaf Chickpeas Brown Rice Spinach Cumin Seeds Garam Masala desi,"gluten_free,nut_free,egg_free,lactose_free,low_sodium,low_sugar,low_cholesterol,dairy_free","Chickpeas (1/2 cup (80g, cooked or canned, drained)); Brown Rice (1/2 cup (90g, dry)); Spinach (1 cup (60g, chopped)); Cumin Seeds (1/2 tsp (1g)); Garam Masala (1/2 tsp (1g))","Step 1: Heat Oil and Spices: | In a pan, heat 1 tbsp oil over medium heat, then add 1/2 tsp cumin seeds and 1/2 tsp garam masala. Sauté until fragrant. | Step 2: Add Chickpeas, Rice, and Spinach: | Add 1/2 cup cooked chickpeas, 1/2 cup cooked brown rice, and 1 cup chopped spinach to the pan. Stir to combine. | Step 3: Season the Mixture: | Add salt to taste and continue to cook the mixture for 5-7 minutes until the spinach wilts and everything is heated through. | Step 4: Adjust Seasoning: | Taste the dish and adjust the salt or spices as needed to suit your preference. | Step 5: Check Consistency: | If the mixture appears too dry, add a splash of water to reach your desired consistency. | Step 6: Garnish with Coriander: | Turn off the heat and sprinkle fresh coriander leaves on top for added flavor. | Step 7: Serve Hot: | Serve the dish hot for a comforting and nutritious meal. | Step 8: Enjoy: | Enjoy this hearty, plant-based meal as a satisfying lunch or dinner option.",https://res.cloudinary.com/duegxp0u0/image/upload/v1745169073/recipe_uploads/yuhctbkqzcqkqd8bur7l.jpg
68395ecea1f9120d4641a51b,Smoked Salmon & Egg Scramble,breakfast,non_vegetarian,weight_loss,350.0,32.0,5.0,24.0,0.0,800.0,340.0,15,2,Smoked Salmon & Egg Scramble Smoked Salmon & Egg Scramble Smoked Salmon & Egg Scramble Eggs Smoked salmon Butter Fresh dill Salt Black pepper non_vegetarian,"gluten_free,nut_free,low_carb,low_sugar",Eggs (4); Smoked salmon (100g); Butter (1 tsp); Fresh dill (5g); Salt (¼ tsp); Black pepper (¼ tsp),"Step 1: Prepare Salmon | Chop 100g smoked salmon into small bite-sized pieces and set aside. | Step 2: Whisk Eggs | Crack 4 eggs into a bowl, whisk with ¼ tsp salt and ¼ tsp black pepper until smooth. | Step 3: Chop Dill | Finely chop 5g fresh dill, reserving a pinch for garnish. | Step 4: Heat Butter | Melt 1 tsp butter in a non-stick skillet over low-medium heat. | Step 5: Scramble Eggs | Pour eggs into the skillet, stirring gently for 2–3 minutes until soft curds form but eggs are still slightly runny. | Step 6: Add Salmon | Add smoked salmon pieces and most of the chopped dill to the eggs, stirring for 1 minute to warm through. | Step 7: Finish Cooking | Continue stirring for 30 seconds until eggs are just set, then remove from heat to avoid overcooking. | Step 8: Serve | Spoon the scramble onto plates, sprinkle with reserved dill, and serve immediately as a light breakfast.",https://res.cloudinary.com/duegxp0u0/image/upload/v1748524756/tp3bhauntgi1wuseqjhj.jpg
68395ec7a1f9120d4641a4d3,Cottage Cheese & Pineapple,dinner,vegetarian,weight_loss,240.0,23.0,25.0,5.0,2.0,350.0,15.0,5,1,Cottage Cheese & Pineapple Cottage Cheese & Pineapple Cottage Cheese & Pineapple Cottage cheese Pineapple Cinnamon Honey Mint vegetarian,"gluten_free,nut_free,egg_free,low_fat,low_sodium,low_cholesterol",Cottage cheese (150g); Pineapple (150g); Cinnamon (1 pinch (optional)); Honey (1 tsp (optional)); Mint (1 leaf (optional)),"Step 1: Select a Bowl | Choose a small bowl for assembling the snack. | Step 2: Measure Cottage Cheese | Scoop 150g low-fat cottage cheese into the bowl as the base. | Step 3: Prepare Pineapple | Peel and core 150g fresh pineapple, then cut into small chunks. | Step 4: Add Pineapple | Top the cottage cheese with the pineapple chunks, spreading them evenly. | Step 5: Optional Flavoring | Sprinkle a pinch of cinnamon or drizzle 1 tsp honey (optional) for added flavor. | Step 6: Mix Gently | Lightly stir the pineapple into the cottage cheese, if desired, for a blended texture. | Step 7: Chill (Optional) | Place the bowl in the fridge for 2–3 minutes for a cooler snack, if preferred. | Step 8: Serve | Serve immediately as a refreshing snack, garnished with a mint leaf if desired.",https://res.cloudinary.com/duegxp0u0/image/upload/v1748525070/mit3wosia2yhmcr8zrkp.jpg
68395ecea1f9120d4641a4f4,Cheesy Chicken Quesadilla,lunch,non_vegetarian,weight_gain,520.0,45.0,30.0,28.0,4.0,700.0,110.0,25,2,Cheesy Chicken Quesadilla Cheesy Chicken Quesadilla Cheesy Chicken Quesadilla Chicken breast Cheddar cheese Whole-wheat tortilla Bell peppers Olive oil Cumin Paprika Garlic powder Salt Cilantro non_vegetarian,"nut_free,egg_free,low_sugar",Chicken breast (180g); Cheddar cheese (50g); Whole-wheat tortilla (1); Bell peppers (50g); Olive oil (1 tsp); Cumin (1/2 tsp); Paprika (1/2 tsp); Garlic powder (1/4 tsp); Salt (1/4 tsp); Cilantro (1 tsp (optional)),"Step 1: Prepare Chicken | Slice 180g chicken breast into thin strips for even cooking. | Step 2: Season Chicken | Toss chicken with 1/2 tsp cumin, 1/2 tsp paprika, 1/4 tsp garlic powder, and 1/4 tsp salt in a bowl. | Step 3: Grill Chicken | Heat 1 tsp olive oil in a skillet over medium-high heat, add chicken, and cook for 5–6 minutes until fully cooked, then set aside. | Step 4: Prepare Veggies | Thinly slice 50g bell peppers (any color) for added crunch and flavor. | Step 5: Assemble Quesadilla | Place 1 whole-wheat tortilla on a clean surface, layer half with 50g shredded cheddar cheese, grilled chicken, and bell peppers, then top with another light sprinkle of cheese. | Step 6: Fold Tortilla | Fold the tortilla in half to enclose the filling, pressing gently to secure. | Step 7: Pan-Fry Quesadilla | Heat a clean skillet over medium heat, add the folded quesadilla, and cook for 2–3 minutes per side until golden and crispy, with melted cheese. | Step 8: Serve | Cut into wedges, garnish with 1 tsp chopped cilantro if desired, and serve warm with salsa or yogurt dip as a hearty lunch.",https://res.cloudinary.com/duegxp0u0/image/upload/v1748524578/y0vwemzuytm4ixzhguon.jpg
68395ef0a1f9120d4641a72b,Fish Biryani with Tamarind Sauce,dinner,desi,weight_gain,620.0,30.0,60.0,20.0,2.0,1090.0,60.0,50,5,Fish Biryani with Tamarind Sauce Fish Biryani with Tamarind Sauce Fish Biryani with Tamarind Sauce Fish fillets Basmati rice Onion Tomato Tamarind pulp Green chilies Yogurt Red chili powder Salt Oil Ginger garlic paste Water Coriander leaves Turmeric powder Cumin seeds Water desi,"nut_free,egg_free,low_sugar","Fish fillets (500g); Basmati rice (2 cups); Onion (1, sliced); Tomato (1, chopped); Tamarind pulp (2 tbsp); Green chilies (2, chopped); Yogurt (½ cup); Red chili powder (1 tsp); Salt (1 tsp); Oil (½ cup); Ginger garlic paste (1 tbsp); Water (as needed); Coriander leaves (2 tbsp, chopped); Turmeric powder (½ tsp); Cumin seeds (½ tsp); Water (4 cups (for rice))","Step 1: Gather Ingredients: Collect 2 tbsp oil, 1 sliced onion, 2 chopped tomatoes, 1 tbsp tamarind pulp, 1 tsp turmeric, 1 tsp red chili powder, 1 tsp salt, 500g fish fillets (e.g., hilsa or rohu), 2 cups basmati rice, 1 tsp whole spices (cloves, cardamom), 4 cups water, and extra 1 tbsp tamarind pulp with 1 tsp sugar (for sauce). | Step 2: Fry Onions: Heat 2 tbsp oil in a pan over medium heat, add 1 sliced onion, and fry for 5-7 minutes until golden. | Step 3: Cook Base: Stir in 2 chopped tomatoes, 1 tbsp tamarind pulp, 1 tsp turmeric, 1 tsp red chili powder, and 1 tsp salt, cooking for 5-7 minutes until soft. | Step 4: Cook Fish: Gently add 500g fish fillets, cooking for 5-7 minutes until done, then remove fish and set aside. | Step 5: Cook Rice: In a separate pot, boil 4 cups water with 1 tsp whole spices, add 2 cups basmati rice, cook for 8-10 minutes until half-cooked, then drain. | Step 6: Layer and Steam: Layer the fish and rice in a pot, cover, and steam on low heat for 10 minutes to meld flavors. | Step 7: Serve with Tamarind Sauce: Mix 1 tbsp tamarind pulp with 1 tsp sugar and a splash of water for a tangy sauce, fluff the biryani, and serve hot with the sauce.",https://res.cloudinary.com/duegxp0u0/image/upload/v1746744854/ro3loicjximtudmtboyr.jpg
68395ed6a1f9120d4641a574,Mediterranean Nut Rolls,snack,mediterranean,weight_gain,520.0,22.0,123.0,63.0,11.0,8.0,0.0,40,1,Mediterranean Nut Rolls Mediterranean Nut Rolls Mediterranean Nut Rolls Flour Walnuts Honey Cinnamon Olive oil mediterranean,"egg_free,lactose_free,low_sodium,low_sugar,low_cholesterol,dairy_free",Flour (100g); Walnuts (80g); Honey (40g); Cinnamon (5g); Olive oil (10ml),"Step 1: Prep Dough | Mix 100g flour with 50ml water and 5ml olive oil, knead until smooth, and let rest for 10 minutes. |  | Step 2: Chop Walnuts | Finely chop 80g walnuts using a food processor or knife. |  | Step 3: Make Filling | Combine chopped walnuts with 40g honey and 5g cinnamon in a bowl, mixing well. |  | Step 4: Roll Dough | Divide dough into 2 balls, roll each into a thin 15cm circle on a floured surface. |  | Step 5: Add Filling | Spread half the walnut mixture evenly over each dough circle, leaving a 1cm border. |  | Step 6: Form Rolls | Roll each circle tightly into a log, pinching seams to seal, and brush with 5ml olive oil. |  | Step 7: Bake Rolls | Place rolls on a baking sheet and bake at 180°C for 30 minutes until golden. |  | Step 8: Serve Warm | Cool slightly, cut one roll into pieces, and serve warm as a snack.",https://res.cloudinary.com/duegxp0u0/image/upload/v1748524449/vnjibytiooulys7sm8h5.jpg
68395ef0a1f9120d4641a74f,Desi Ghee Lachedar Paratha with Tea,breakfast,desi,weight_gain,390.0,5.0,45.0,15.0,5.0,300.0,5.0,25,1,Desi Ghee Lachedar Paratha with Tea Desi Ghee Lachedar Paratha with Tea Desi Ghee Lachedar Paratha with Tea Whole wheat flour Desi ghee Salt Black tea Sugar Milk Water Water desi,"nut_free,egg_free",Whole wheat flour (1 cup); Desi ghee (2 tbsp); Salt (a pinch); Black tea (1 cup); Sugar (1 tsp (for tea)); Milk (2 tbsp (for tea)); Water (¼ cup (for dough)); Water (1 cup (for tea)),"Step 1: Gather Ingredients: Collect 2 cups whole wheat flour, 1 tsp salt, ¾ cup water (for dough), 3 tbsp desi ghee (for frying), 1 cup water (for tea), 1 tsp black tea leaves, and 1 tsp sugar (optional). | Step 2: Mix Dry Ingredients: In a bowl, combine 2 cups whole wheat flour and 1 tsp salt. | Step 3: Knead Dough: Gradually add ¾ cup water to the flour mixture, kneading for 5-7 minutes until a soft, smooth dough forms, then cover and rest for 15 minutes. | Step 4: Divide Dough: Divide the rested dough into 4-6 equal balls. | Step 5: Roll and Layer: Roll each ball into a thin 8-inch circle, brush with ½ tsp desi ghee, fold into pleats like a fan, roll into a spiral, and flatten gently. | Step 6: Shape Paratha: Roll each spiral into a 6-7 inch circle, keeping the layers intact. | Step 7: Fry Paratha: Heat a tawa over medium heat, fry each paratha with 1 tbsp desi ghee per side for 1-2 minutes until golden and crispy. | Step 8: Brew Tea and Serve: Boil 1 cup water, add 1 tsp black tea leaves and 1 tsp sugar (optional), simmer for 2-3 minutes, strain into a cup, and serve hot with the lachedar paratha.",https://res.cloudinary.com/duegxp0u0/image/upload/v1746772235/ay0b5zdrvfaxo6npukkr.jpg
68395eeaa1f9120d4641a69b,Ginger Chicken (With Turmeric & Black Pepper),lunch,desi,weight_loss,220.0,26.0,1.0,12.0,0.0,400.0,80.0,40,5,Ginger Chicken (With Turmeric & Black Pepper) Ginger Chicken (With Turmeric & Black Pepper) Ginger Chicken (With Turmeric & Black Pepper) Chicken Pieces Turmeric Powder Black Pepper Powder Olive Oil Salt desi,"gluten_free,nut_free,egg_free,lactose_free,low_sodium,low_sugar","Chicken Pieces (500g); Turmeric Powder (1 tsp (2g)); Black Pepper Powder (1/2 tsp (1g)); Olive Oil (1 tbsp (14g)); Salt (To taste (assumed 1 tsp, 3g))","Step 1: Prepare the Marinade: | In a bowl, mix 1 tbsp ginger-garlic paste, 1 tsp turmeric powder, 1/2 tsp black pepper powder, salt to taste, and 1 tbsp olive oil. Add chicken pieces (500g) and mix well. Let it marinate for 30 minutes. | Step 2: Heat the Pan: | Place a pan on medium heat and let it warm up before adding the chicken. | Step 3: Cook the Chicken: | Add the marinated chicken to the pan and cook for 10-12 minutes, stirring occasionally, until fully cooked and golden brown. | Step 4: Check for Doneness: | Ensure the chicken is fully cooked by checking that the internal temperature reaches 75°C (165°F). | Step 5: Let it Rest: | Remove the chicken from the pan and let it rest for a few minutes to retain its juices. | Step 6: Garnish the Dish: | Garnish the cooked ginger chicken with freshly chopped coriander leaves for added flavor and color. | Step 7: Prepare the Side: | Serve with a side of steamed rice or naan to complement the dish. | Step 8: Serve: | Serve the ginger chicken hot, ready to enjoy as a delicious meal.",https://res.cloudinary.com/duegxp0u0/image/upload/v1745169194/recipe_uploads/euqtzcscrq8aclttv0mg.jpg
68395ebfa1f9120d4641a48d,Coconut Keto Bites,snack,keto,weight_loss,210.0,0.0,3.0,24.0,0.0,0.0,0.0,5,1,Coconut Keto Bites Coconut Keto Bites Coconut Keto Bites Coconut oil Shredded coconut Vanilla extract Almond butter Sea salt keto,"gluten_free,egg_free,lactose_free,low_sodium,low_carb,low_sugar,low_cholesterol",Coconut oil (1 tbsp); Shredded coconut (10g); Vanilla extract (⅛ tsp); Almond butter (1 tsp); Sea salt (pinch),"Step 1: Prep Coconut oil | Use 1 tbsp of coconut oil as the base. | Step 2: Prepare Shredded coconut | Chop or measure 10g of shredded coconut. | Step 3: Combine Ingredients | Mix the prepared ingredients in a bowl. | Step 4: Add Vanilla extract | Incorporate ⅛ tsp of vanilla extract for flavor. | Step 5: Season | Add salt, pepper, or additional spices as needed. | Step 6: Set Aside | Chill or let the mixture rest for a few minutes if needed. | Step 7: Final Mix | Stir everything together to ensure even coating. | Step 8: Serve | Plate and enjoy your freshly prepared meal.",https://res.cloudinary.com/duegxp0u0/image/upload/v1748523936/tiunokmfq1xqi0mb72kb.jpg
68395ebfa1f9120d4641a46b,Keto Chia Pudding,breakfast,keto,weight_loss,240.0,8.0,7.0,20.0,6.0,30.0,0.0,5,1,Keto Chia Pudding Keto Chia Pudding Keto Chia Pudding Chia seeds Coconut milk Vanilla extract Erythritol Shredded coconut keto,"gluten_free,nut_free,egg_free,low_carb,low_sugar,dairy_free",Chia seeds (30g); Coconut milk (200ml); Vanilla extract (½ tsp); Erythritol (1 tbsp); Shredded coconut (pinch (optional)),"Step 1: Combine Ingredients | In a bowl, mix 30g chia seeds, 200ml coconut milk, ½ tsp vanilla extract, and 1 tbsp erythritol. | Step 2: Stir Well | Whisk thoroughly to prevent clumping. | Step 3: Let Sit | Let mixture rest for 5 minutes, then stir again. | Step 4: Check Texture | Ensure chia seeds are swelling and pudding thickens. | Step 5: Refrigerate | Cover and chill for at least 5 minutes or overnight. | Step 6: Stir Before Serving | Mix again to achieve smooth consistency. | Step 7: Garnish | Top with a pinch of shredded coconut for texture. | Step 8: Serve | Serve cold as a quick breakfast.",https://res.cloudinary.com/duegxp0u0/image/upload/v1748524024/loeu2rz27q2dw8yyzpxh.jpg
68395ebfa1f9120d4641a456,Creamy Chicken Alfredo,lunch,keto,weight_gain,590.0,48.0,6.0,42.0,0.0,650.0,180.0,30,2,Creamy Chicken Alfredo Creamy Chicken Alfredo Creamy Chicken Alfredo Chicken breast Heavy cream Parmesan Butter Garlic Salt Black pepper Parsley keto,"gluten_free,nut_free,egg_free,low_carb,low_sugar",Chicken breast (250g); Heavy cream (100ml); Parmesan (50g); Butter (1 tbsp); Garlic (1 clove); Salt (¼ tsp); Black pepper (¼ tsp); Parsley (1 tsp (optional)),"Step 1: Prepare Chicken | Slice 250g chicken breast into strips, season with ¼ tsp salt and ¼ tsp black pepper. | Step 2: Sauté Chicken | Melt 1 tbsp butter in a skillet over medium heat, sauté chicken for 5–6 minutes until cooked, then set aside. | Step 3: Add Garlic | Add 1 minced garlic clove to skillet, sauté for 30 seconds until fragrant. | Step 4: Make Cream Sauce | Pour in 100ml heavy cream, simmer for 2–3 minutes until slightly thickened. | Step 5: Add Parmesan | Stir in 50g grated parmesan, cook for 1–2 minutes until sauce is smooth. | Step 6: Combine Chicken | Return chicken to skillet, toss to coat in sauce, and heat through for 1 minute. | Step 7: Garnish | Sprinkle with 1 tsp chopped parsley for freshness. | Step 8: Serve | Plate chicken with sauce, serve hot as a rich dinner.",https://res.cloudinary.com/duegxp0u0/image/upload/v1748523936/xrmwbjbl5adw8yfikgxq.jpg
68395ef0a1f9120d4641a72a,Butter Chicken Pulao with Garlic Yogurt,lunch,desi,weight_gain,570.0,25.0,50.0,20.0,2.0,1090.0,60.0,45,3,Butter Chicken Pulao with Garlic Yogurt Butter Chicken Pulao with Garlic Yogurt Butter Chicken Pulao with Garlic Yogurt Chicken Basmati rice Onion Tomato Garlic Yogurt Butter Garam masala Salt Oil Water Ginger paste Coriander leaves Red chili powder Cumin seeds Water desi,"nut_free,egg_free,low_sugar","Chicken (300g); Basmati rice (1 cup); Onion (1, sliced); Tomato (2, chopped); Garlic (4 cloves, minced); Yogurt (½ cup); Butter (2 tbsp); Garam masala (1 tsp); Salt (½ tsp); Oil (1 tbsp); Water (as needed); Ginger paste (1 tsp); Coriander leaves (1 tbsp, chopped); Red chili powder (½ tsp); Cumin seeds (½ tsp); Water (2 cups (for rice))","Step 1: Gather Ingredients: Collect 2 tbsp butter, 1 sliced onion, 1 tbsp garlic paste, 2 chopped tomatoes, 300g chicken (cubed), 1 tsp red chili powder, 1 tsp garam masala, 1 tsp salt, 2 cups basmati rice, 4 cups water, 1 cup yogurt, and 1 tsp minced garlic. | Step 2: Fry Onions: Melt 2 tbsp butter in a pan over medium heat, add 1 sliced onion, and fry for 5-7 minutes until golden. | Step 3: Cook Base: Stir in 1 tbsp garlic paste and 2 chopped tomatoes, cooking for 5-7 minutes until soft and blended. | Step 4: Cook Chicken: Add 300g chicken, 1 tsp red chili powder, 1 tsp garam masala, and 1 tsp salt, cooking for 10-15 minutes until tender. | Step 5: Cook Pulao: Mix in 2 cups basmati rice and 4 cups water, bring to a boil, then reduce to low heat, cover, and cook for 12-15 minutes until rice is done. | Step 6: Serve with Garlic Yogurt: Combine 1 cup yogurt with 1 tsp minced garlic and a pinch of salt, fluff the pulao, and serve hot with garlic yogurt on the side.",https://res.cloudinary.com/duegxp0u0/image/upload/v1746744854/swmhv0oukzw8fjacd3ci.jpg
68395eeaa1f9120d4641a652,Split Green Pea Soup with Ginger & Garlic,dinner,desi,weight_loss,200.0,12.0,32.0,3.0,10.0,400.0,0.0,50,2,Split Green Pea Soup with Ginger & Garlic Split Green Pea Soup with Ginger & Garlic Split Green Pea Soup with Ginger & Garlic Split Green Peas (Hara Matar Dal) Onion Tomatoes Carrots Celery Bay Leaf Cinnamon Stick Cumin Seeds Turmeric Powder Coriander Powder Black Pepper Red Chili Powder Oil Lemon Juice Fresh Coriander Leaves Salt Vegetable Broth Water desi,"gluten_free,nut_free,egg_free,lactose_free,low_sodium,low_sugar,dairy_free","Split Green Peas (Hara Matar Dal) (1 cup (200g, dry)); Onion (1/2 cup (60g, chopped)); Tomatoes (1/2 cup (90g, chopped)); Carrots (1/4 cup (30g, chopped)); Celery (1/4 cup (25g, chopped)); Bay Leaf (1 (0.2g)); Cinnamon Stick (1 small (1g)); Cumin Seeds (1 tsp (2g)); Turmeric Powder (1/2 tsp (1g)); Coriander Powder (1/2 tsp (1g)); Black Pepper (1/4 tsp (0.5g)); Red Chili Powder (a pinch (0.2g)); Oil (1 tsp (5g)); Lemon Juice (1 tbsp (15ml)); Fresh Coriander Leaves (2 tbsp (6g, chopped)); Salt (To taste (assumed 1 tsp, 3g)); Vegetable Broth (1 cup (240ml, optional, assumed used)); Water (As needed (assumed 3 cups, 720ml, for cooking))","Step 1: Prepare the Split Peas : | Wash 1 cup split green peas (hara matar dal) thoroughly and drain. | In a large pot, add the split peas with 4 cups of water and a pinch of salt. | Bring to a boil, then reduce heat and simmer for 30-35 minutes until the peas are soft and partially broken down. | Skim off any foam that rises to the surface during cooking. | Step 2: Prepare the Aromatics : | In a separate pan, heat 1 tsp oil and add 1 tsp cumin seeds. | When they start to splutter, add 1 bay leaf and 1 small cinnamon stick. | Add 1/2 cup finely chopped onions and sauté until golden brown. | Add 1 tbsp ginger-garlic paste and cook for 1-2 minutes until the raw smell disappears. | Step 3: Add Vegetables : | Add 1/4 cup finely chopped carrots and 1/4 cup finely chopped celery. | Sauté for 3-4 minutes until the vegetables start to soften. | Add 1/2 cup chopped tomatoes and cook until they break down and become mushy. | Step 4: Add Spices : | Add 1/2 tsp turmeric powder, 1/2 tsp coriander powder, 1/4 tsp black pepper, and a pinch of red chili powder. | Sauté for 1-2 minutes until the spices are well combined and aromatic. | Step 5: Combine and Simmer : | Add the spiced vegetable mixture to the cooked split peas. | Add 1 cup vegetable broth or water if a thinner consistency is desired. | Simmer for 10-15 minutes on low heat, stirring occasionally. | Using the back of a spoon, mash some of the peas against the side of the pot to thicken the soup. | Step 6: Add Freshness : | Stir in 1 tbsp lemon juice and 2 tbsp finely chopped coriander leaves. | Adjust salt and spices according to taste. | Step 7: Garnish : | Garnish with a few more chopped coriander leaves and a lemon wedge. | Step 8: Serve : | Serve hot with a slice of whole grain bread if desired.",https://res.cloudinary.com/duegxp0u0/image/upload/v1745169409/recipe_uploads/qxfrbmu2jz3yoshkmtq9.jpg
68395ef0a1f9120d4641a76e,Beef Seekh Kabab with Yogurt Chutney,breakfast,desi,weight_gain,310.0,25.0,5.0,15.0,2.0,1090.0,70.0,35,2,Beef Seekh Kabab with Yogurt Chutney Beef Seekh Kabab with Yogurt Chutney Beef Seekh Kabab with Yogurt Chutney Ground beef Onions Green chilies Spices Yogurt Ginger garlic paste Red chili powder Coriander leaves Mint Oil desi,"nut_free,egg_free,low_sugar,low_carb","Ground beef (200g); Onions (1 small); Green chilies (2 chopped); Spices (to taste); Yogurt (2 tbsp); Ginger garlic paste (1 tsp); Red chili powder (½ tsp); Coriander leaves (1 tbsp, chopped); Mint (1 tbsp, chopped (for chutney)); Oil (1 tbsp)","Step 1: Gather Ingredients: Collect 200g ground beef, 1 tbsp ginger-garlic paste, 1 tsp red chili powder, 1 tsp garam masala, 1 tsp salt, 2 tbsp coriander (chopped), 1 tbsp oil, ½ cup yogurt, 1 tbsp mint (chopped), and 1 tsp cumin powder. | Step 2: Mix Kabab Mixture: Combine 200g ground beef with 1 tbsp ginger-garlic paste, 1 tsp red chili powder, 1 tsp garam masala, 1 tsp salt, and 2 tbsp coriander in a bowl, mixing thoroughly. | Step 3: Shape Kababs: Divide the mixture into 6-8 portions, shape each into long seekh kababs around skewers or by hand, and rest for 15 minutes. | Step 4: Grill Kababs: Heat 1 tbsp oil in a grill pan over medium heat, grill kababs for 5-7 minutes per side until cooked and charred. | Step 5: Make Yogurt Chutney: Mix ½ cup yogurt with 1 tbsp chopped mint, 1 tsp cumin powder, and a pinch of salt until smooth. | Step 6: Serve Hot: Plate the beef seekh kababs and serve hot with yogurt chutney on the side.",https://res.cloudinary.com/duegxp0u0/image/upload/v1746813064/l0moannrhnmkzwfksaov.jpg
68395ecea1f9120d4641a4f6,Lamb Chops with Mint Sauce,lunch,non_vegetarian,weight_gain,590.0,48.0,8.0,42.0,1.0,450.0,135.0,30,2,Lamb Chops with Mint Sauce Lamb Chops with Mint Sauce Lamb Chops with Mint Sauce Lamb chops Greek yogurt Mint leaves Garlic Olive oil Lemon juice Salt Black pepper Rosemary non_vegetarian,"gluten_free,nut_free,egg_free,low_carb,low_sodium,low_sugar",Lamb chops (250g); Greek yogurt (50g); Mint leaves (10g); Garlic (1 clove); Olive oil (1 tsp); Lemon juice (1 tsp); Salt (1/4 tsp); Black pepper (1/4 tsp); Rosemary (1/2 tsp),"Step 1: Prepare Lamb Chops | Pat 250g lamb chops (about 4 pieces) dry with a paper towel to ensure even searing. | Step 2: Season Chops | Rub chops with 1 tsp olive oil, 1/4 tsp salt, 1/4 tsp black pepper, and 1/2 tsp dried rosemary. | Step 3: Preheat Grill | Heat a grill pan or outdoor grill to medium-high heat and lightly oil the grates. | Step 4: Grill Chops | Grill lamb chops for 3–4 minutes per side for medium-rare (internal temp 145°F/63°C), or adjust to preference, then rest for 5 minutes. | Step 5: Prepare Mint | Finely chop 10g fresh mint leaves for the sauce. | Step 6: Make Mint Sauce | In a small bowl, mix 50g Greek yogurt, chopped mint, 1 minced garlic clove, 1 tsp lemon juice, and a pinch of salt until smooth. | Step 7: Adjust Sauce | Taste the sauce and add more lemon juice or salt if needed for balance. | Step 8: Serve | Plate the lamb chops, drizzle or serve with mint yogurt sauce on the side, garnish with a mint sprig if desired, and enjoy as a rich dinner.",https://res.cloudinary.com/duegxp0u0/image/upload/v1748524702/dcoqt4yt6jqvaeqxljok.jpg
68395ec7a1f9120d4641a4cd,Egg White & Avocado Toast,breakfast,vegetarian,weight_loss,290.0,22.0,25.0,15.0,6.0,400.0,0.0,15,2,Egg White & Avocado Toast Egg White & Avocado Toast Egg White & Avocado Toast Egg whites Avocado Whole-grain bread Lemon juice Olive oil Salt Black pepper vegetarian,"nut_free,lactose_free,low_carb,low_sodium,low_sugar,low_cholesterol,dairy_free",Egg whites (4); Avocado (½ (70g)); Whole-grain bread (2 slices); Lemon juice (1 tsp); Olive oil (1 tsp (optional)); Salt (1/4 tsp); Black pepper (1/4 tsp),"Step 1: Prepare Avocado | Cut ½ avocado (~70g) in half, remove the pit, scoop out the flesh, and place in a small bowl. | Step 2: Mash Avocado | Mash the avocado with a fork until smooth, adding 1 tsp lemon juice to enhance flavor. | Step 3: Toast Bread | Toast 2 slices of whole-grain bread in a toaster or skillet until golden and crisp. | Step 4: Boil Water | Bring a small pot of water to a gentle simmer for poaching the egg whites. | Step 5: Prepare Egg Whites | Separate 4 eggs to collect the whites (or use 120ml liquid egg whites) in a bowl. | Step 6: Poach Egg Whites | Gently pour egg whites into the simmering water, cook for 3–4 minutes until set, and remove with a slotted spoon. | Step 7: Assemble Toast | Spread mashed avocado evenly over each toasted bread slice, then top with poached egg whites. | Step 8: Serve | Season with 1/4 tsp salt and 1/4 tsp black pepper, drizzle with 1 tsp olive oil if desired, and serve immediately as a light breakfast.",https://res.cloudinary.com/duegxp0u0/image/upload/v1748525102/rbauymiqkoeiwpn6w43x.jpg
68395ecea1f9120d4641a4ff,Turkey & Cheese Roll-Ups,breakfast,non_vegetarian,weight_loss,280.0,32.0,5.0,16.0,1.0,700.0,80.0,10,1,Turkey & Cheese Roll-Ups Turkey & Cheese Roll-Ups Turkey & Cheese Roll-Ups Turkey slices Cheddar cheese Spinach leaves Black pepper Parsley non_vegetarian,"gluten_free,nut_free,egg_free,low_carb,low_sugar",Turkey slices (120g); Cheddar cheese (40g); Spinach leaves (20g); Black pepper (1 pinch); Parsley (1 tsp (optional)),"Step 1: Prepare Spinach | Wash 20g spinach leaves thoroughly and pat dry with a paper towel to remove excess moisture. | Step 2: Slice Cheese | Cut 40g cheddar cheese into thin slices or strips for easy rolling. | Step 3: Prepare Turkey | Lay out 120g turkey slices (deli or roasted) flat on a clean surface, ensuring they’re large enough to roll. | Step 4: Season Lightly | Sprinkle turkey slices with a pinch of black pepper for subtle flavor enhancement. | Step 5: Assemble Rolls | Place 1–2 spinach leaves and a slice of cheddar cheese on each turkey slice, spreading evenly. | Step 6: Roll Turkey | Carefully roll each turkey slice tightly around the spinach and cheese to form a compact roll-up. | Step 7: Secure Rolls | Insert a toothpick through the center of each roll-up to hold it together securely. | Step 8: Serve | Arrange roll-ups on a plate, garnish with a sprinkle of chopped parsley if desired, and serve chilled as a light snack.",https://res.cloudinary.com/duegxp0u0/image/upload/v1748524791/uilymk5hjdsrao9cylnz.jpg
68395ecea1f9120d4641a510,Turkey & Sweet Potato Shepherd's Pie,breakfast,non_vegetarian,weight_gain,590.0,45.0,60.0,25.0,10.0,600.0,95.0,60,3,Turkey & Sweet Potato Shepherd's Pie Turkey & Sweet Potato Shepherd's Pie Turkey & Sweet Potato Shepherd's Pie Ground turkey Sweet potatoes Mixed vegetables Olive oil Chicken broth Garlic Thyme Salt Black pepper Milk Parsley non_vegetarian,"nut_free,egg_free,low_sugar",Ground turkey (250g); Sweet potatoes (300g); Mixed vegetables (150g); Olive oil (2 tsp); Chicken broth (100ml); Garlic (1 clove); Thyme (½ tsp); Salt (¼ tsp); Black pepper (¼ tsp); Milk (1 tbsp (or water)); Parsley (1 tsp (optional)),"Step 1: Preheat Oven | Preheat the oven to 190°C and lightly grease a baking dish with 1 tsp olive oil. | Step 2: Prepare Sweet Potatoes | Peel and chop 300g sweet potatoes into chunks, boil in water for 15 minutes until tender, then drain. | Step 3: Mash Sweet Potatoes | Mash sweet potatoes with 1 tbsp milk (or water) and ¼ tsp salt until smooth, then set aside. | Step 4: Cook Turkey | Heat 1 tbsp olive oil in a skillet over medium heat, add 250g ground turkey, and cook for 5–6 minutes until browned, breaking it apart. | Step 5: Add Vegetables | Add 150g mixed vegetables (e.g., carrots, peas, corn) and 1 minced garlic clove to the turkey, cooking for 3–4 minutes until softened. | Step 6: Season Filling | Stir in ½ tsp thyme, ¼ tsp black pepper, and 100ml chicken broth, simmering for 5 minutes until slightly thickened. | Step 7: Assemble Pie | Spread the turkey-vegetable mixture in the baking dish, top evenly with mashed sweet potatoes. | Step 8: Bake and Serve | Bake for 25–30 minutes until golden, let rest for 5 minutes, garnish with 1 tsp chopped parsley if desired, and serve warm as a hearty dinner.",https://res.cloudinary.com/duegxp0u0/image/upload/v1748524791/kauad3cbm6ystmkg5qqq.jpg
68395ebfa1f9120d4641a47d,Stuffed Chicken Supreme,dinner,keto,weight_gain,680.0,33.0,3.0,24.0,0.0,700.0,140.0,50,2,Stuffed Chicken Supreme Stuffed Chicken Supreme Stuffed Chicken Supreme Chicken breasts Halal ham Swiss cheese Heavy cream Olive oil Salt Black pepper Parsley keto,"gluten_free,nut_free,egg_free,low_carb,low_sugar",Chicken breasts (200g); Halal ham (50g); Swiss cheese (40g); Heavy cream (50ml); Olive oil (½ tbsp); Salt (⅛ tsp); Black pepper (pinch); Parsley (½ tsp (optional)),"Step 1: Prep Chicken | Pound 200g chicken breast to ½-inch thickness, season with ⅛ tsp salt. | Step 2: Stuff Chicken | Layer 50g halal ham and 40g Swiss cheese on chicken, roll tightly, secure with toothpicks. | Step 3: Preheat Oven | Preheat oven to 180°C. | Step 4: Sear Chicken | In a skillet, sear rolls in ½ tbsp olive oil for 2–3 minutes per side, then transfer to a baking dish. | Step 5: Make Sauce | In a pan, heat 50ml heavy cream, simmer for 2 minutes, season with a pinch of black pepper. | Step 6: Bake Chicken | Pour cream sauce over chicken, bake for 20–25 minutes until cooked (internal temp 75°C). | Step 7: Garnish | Sprinkle with ½ tsp chopped parsley. | Step 8: Serve | Serve hot as a rich dinner.",https://res.cloudinary.com/duegxp0u0/image/upload/v1748524089/w0rqieewoxuvram7cfyz.jpg
68395ecea1f9120d4641a507,Chicken Fajita Bowl,breakfast,non_vegetarian,weight_loss,480.0,44.0,45.0,18.0,7.0,550.0,85.0,30,2,Chicken Fajita Bowl Chicken Fajita Bowl Chicken Fajita Bowl Chicken breast Bell peppers Brown rice Guacamole Olive oil Onion Fajita seasoning Cumin Chili powder Cilantro non_vegetarian,"gluten_free,nut_free,egg_free,lactose_free,low_sodium,low_sugar,dairy_free",Chicken breast (200g); Bell peppers (100g); Brown rice (150g); Guacamole (50g); Olive oil (1 tbsp); Onion (50g); Fajita seasoning (1 tsp); Cumin (½ tsp); Chili powder (¼ tsp); Cilantro (1 tsp (optional)),"Step 1: Cook Brown Rice | Rinse 150g brown rice, cook in 300ml water over medium heat for 20–25 minutes until tender, then set aside. | Step 2: Prepare Chicken | Slice 200g chicken breast into thin strips for quick cooking. | Step 3: Prepare Vegetables | Thinly slice 100g bell peppers (mixed colors) and 50g onion into strips. | Step 4: Season Chicken | Toss chicken strips with 1 tsp fajita seasoning, ½ tsp cumin, and ¼ tsp chili powder in a bowl. | Step 5: Heat Oil | Heat 1 tbsp olive oil in a large skillet over medium-high heat. | Step 6: Sauté Chicken | Add chicken to the skillet, sauté for 4–5 minutes until cooked through, then remove and set aside. | Step 7: Sauté Vegetables | In the same skillet, add bell peppers and onion, sauté for 3–4 minutes until tender-crisp. | Step 8: Assemble and Serve | Divide brown rice into bowls, top with chicken, vegetables, and 50g guacamole, garnish with 1 tsp chopped cilantro if desired, and serve warm as a vibrant lunch.",https://res.cloudinary.com/duegxp0u0/image/upload/v1748524629/uqbjcakefxfimolizz4w.jpg
68395ebfa1f9120d4641a48f,Smoked Salmon Stacks,snack,keto,weight_loss,280.0,22.0,3.5,20.0,0.6,580.0,60.0,15,1,Smoked Salmon Stacks Smoked Salmon Stacks Smoked Salmon Stacks Smoked salmon Cream cheese Cucumber Dill keto,"gluten_free,nut_free,egg_free,low_carb,low_sugar",Smoked salmon (120g); Cream cheese (50g); Cucumber (50g); Dill (1 tsp),"Step 1: Prep Smoked salmon | Use 120g of smoked salmon as the base. | Step 2: Prepare Cream cheese | Chop or measure 50g of cream cheese. | Step 3: Combine Ingredients | Mix the prepared ingredients in a bowl. | Step 4: Add Cucumber | Incorporate 50g of cucumber for flavor. | Step 5: Season | Add salt, pepper, or additional spices as needed. | Step 6: Set Aside | Chill or let the mixture rest for a few minutes if needed. | Step 7: Final Mix | Stir everything together to ensure even coating. | Step 8: Serve | Plate and enjoy your freshly prepared meal.",https://res.cloudinary.com/duegxp0u0/image/upload/v1745444886/ougn15y8tu9mafdq2ego.jpg
68395eeaa1f9120d4641a5e3,Spiced Barley & Lentil Porridge,breakfast,desi,weight_loss,220.0,8.0,30.0,8.0,8.0,150.0,0.0,40,1,Spiced Barley & Lentil Porridge Spiced Barley & Lentil Porridge Spiced Barley & Lentil Porridge Barley Lentils Water Cumin Seeds Turmeric Chili Powder Salt Olive Oil Fresh Coriander desi,"nut_free,egg_free,lactose_free,low_sodium,low_sugar,low_cholesterol,dairy_free","Barley (1/4 cup (50g, dry)); Lentils (1/4 cup (50g, dry)); Water (4 1/4 cups (1020ml)); Cumin Seeds (1/2 tsp (1g)); Turmeric (1/4 tsp (0.5g)); Chili Powder (1/4 tsp (0.5g)); Salt (to taste (0.5g, pinch)); Olive Oil (1 tbsp (14g)); Fresh Coriander (for garnish (5g))","Step 1: Rinse Grains: | Rinse 1/4 cup barley and 1/4 cup lentils under cold water until the water runs clear to remove excess starch. | Step 2: Boil Barley and Lentils: | In a pot, combine the rinsed barley, lentils, and 4 cups water, then bring to a boil over medium-high heat. | Step 3: Simmer Until Tender: | Reduce the heat to low, cover, and simmer for 25-30 minutes, stirring occasionally, until both barley and lentils are soft and tender. | Step 4: Prepare Spice Mix: | In a separate pan, heat 1 tbsp oil over medium heat, then sauté 1/2 tsp cumin seeds, 1/4 tsp turmeric, and 1/4 tsp chili powder for 1 minute until aromatic. | Step 5: Combine Spices: | Add the sautéed spice mixture to the cooked barley and lentils, stirring well to evenly distribute the flavors. | Step 6: Cook Further: | Cook the mixture for an additional 5 minutes on low heat, allowing the spices to meld with the grains. | Step 7: Adjust Consistency: | If the mixture is too thick, add 1/4 cup water and stir to reach a desired consistency, then season with salt to taste. | Step 8: Serve Hot: | Garnish with freshly chopped coriander and serve hot as a nutritious meal or side dish.",https://res.cloudinary.com/duegxp0u0/image/upload/v1745168935/recipe_uploads/wnqustfieqb79b6lv0s8.jpg
68395eeaa1f9120d4641a5f1,"Almond Milkshake (No Sugar, High Protein)",breakfast,desi,weight_loss,200.0,6.0,12.0,15.0,4.0,150.0,0.0,5,1,"Almond Milkshake (No Sugar, High Protein) Almond Milkshake (No Sugar, High Protein) Almond Milkshake (No Sugar, High Protein) Almonds (soaked) Unsweetened Almond Milk Honey (optional) Cinnamon Powder desi","gluten_free,egg_free,lactose_free,low_sodium,low_cholesterol,dairy_free",Almonds (soaked) (1/4 cup (35g)); Unsweetened Almond Milk (1 cup (240ml)); Honey (optional) (1 tsp (7g)); Cinnamon Powder (A pinch (0.2g)),"Step 1: Soak the almonds: | Soak 1/4 cup almonds in water for at least 4-6 hours or overnight for easy blending. | Step 2: Peel the almonds: | Drain and peel the soaked almonds for a smoother texture in the drink. | Step 3: Add ingredients to blender: | In a blender, combine the peeled almonds, 1 cup unsweetened almond milk, 1 tsp honey (optional), and a pinch of cinnamon powder. | Step 4: Blend until smooth: | Blend the mixture on high speed until it becomes creamy and smooth. | Step 5: Check consistency: | If the shake is too thick, add a little more almond milk to adjust consistency. | Step 6: Strain the shake: | Optional – strain the shake using a fine sieve for an ultra-smooth finish. | Step 7: Chill the drink: | Refrigerate the shake for a few minutes or add ice cubes if you prefer it extra cold. | Step 8: Serve: | Pour into a glass and serve chilled.",https://res.cloudinary.com/duegxp0u0/image/upload/v1745168969/recipe_uploads/xzkfwkpnhankdochqhn2.jpg
68395ecea1f9120d4641a4ee,Salmon & Quinoa Bowl,lunch,non_vegetarian,weight_gain,480.0,42.0,40.0,22.0,6.0,400.0,65.0,30,2,Salmon & Quinoa Bowl Salmon & Quinoa Bowl Salmon & Quinoa Bowl Salmon Quinoa Broccoli Olive oil Lemon juice Salt Black pepper Dill non_vegetarian,"gluten_free,nut_free,egg_free,lactose_free,low_sodium,low_sugar,low_cholesterol,dairy_free",Salmon (200g); Quinoa (100g); Broccoli (100g); Olive oil (1 tsp); Lemon juice (2 tsp); Salt (1/4 tsp); Black pepper (1/4 tsp); Dill (1 tsp (optional)),"Step 1: Preheat Oven | Preheat the oven to 200°C and line a baking sheet with parchment paper. | Step 2: Season Salmon | Place 200g salmon fillet on the baking sheet, drizzle with 1 tsp olive oil, 1 tsp lemon juice, 1/4 tsp salt, and 1/4 tsp black pepper. | Step 3: Bake Salmon | Bake salmon for 12–15 minutes until it flakes easily with a fork, then set aside to rest. | Step 4: Cook Quinoa | Rinse 100g quinoa, combine with 200ml water in a saucepan, bring to a boil, then simmer for 12–15 minutes until fluffy. | Step 5: Prepare Broccoli | Wash 100g broccoli, cut into florets, and steam for 5–7 minutes until tender but crisp. | Step 6: Flake Salmon | Gently flake the baked salmon into bite-sized pieces using a fork. | Step 7: Assemble Bowl | In a bowl, layer quinoa, broccoli, and flaked salmon evenly. | Step 8: Serve | Drizzle with 1 tsp lemon juice if desired, garnish with 1 tsp chopped dill, and serve warm as a nutritious dinner.",https://res.cloudinary.com/duegxp0u0/image/upload/v1748524757/u3wfasv5yftqxsasqwae.jpg
68395eeaa1f9120d4641a612,Dhokla (Steamed Besan Cake),breakfast,desi,weight_loss,130.0,6.0,18.0,4.0,4.0,100.0,2.0,40,1,Dhokla (Steamed Besan Cake) Dhokla (Steamed Besan Cake) Dhokla (Steamed Besan Cake) Besan (Gram Flour) Curd Lemon Juice Mustard Seeds desi,"gluten_free,nut_free,egg_free,low_sodium,low_sugar,low_cholesterol",Besan (Gram Flour) (½ cup (50g)); Curd (2 tbsp (30g)); Lemon Juice (1 tsp (5ml)); Mustard Seeds (½ tsp (1g)),"Step 1: Mix Ingredients: | In a bowl, mix 1/2 cup besan, 2 tbsp curd, 1 tsp lemon juice, and a pinch of turmeric to form a smooth batter. | Step 2: Let it Ferment: | Cover the batter and let it ferment for 30 minutes to allow the flavors to develop. | Step 3: Prepare for Steaming: | Once the batter has fermented, grease a steaming plate and pour the batter onto it, spreading evenly. | Step 4: Steam the Batter: | Steam the batter for 10 minutes until it becomes firm and cooked through. | Step 5: Check for Doneness: | Check by inserting a toothpick or knife; if it comes out clean, it's done. | Step 6: Prepare Tempering: | In a small pan, heat 1/2 tsp mustard seeds until they begin to splutter. | Step 7: Temper the Dish: | Pour the tempered mustard seeds over the steamed dish for added flavor. | Step 8: Serve: | Cut the steamed dish into pieces and serve hot with chutney or as a snack.",https://res.cloudinary.com/duegxp0u0/image/upload/v1745169031/recipe_uploads/zwpmh2fbe8domx2bxws4.jpg
68395eeaa1f9120d4641a638,"Chicken Yakhni Pulao (Brown Rice, Low Oil)",dinner,desi,weight_loss,320.0,24.0,28.0,12.0,2.0,400.0,65.0,40,2,"Chicken Yakhni Pulao (Brown Rice, Low Oil) Chicken Yakhni Pulao (Brown Rice, Low Oil) Chicken Yakhni Pulao (Brown Rice, Low Oil) Chicken Breast Brown Rice Ginger Garlic Cinnamon Bay Leaf Salt Oil Water desi","gluten_free,nut_free,egg_free,lactose_free,low_sodium,low_sugar","Chicken Breast (200g (boneless, cubed)); Brown Rice (1/2 cup (100g, dry)); Ginger (1 inch (10g, grated)); Garlic (1 tbsp (15g, minced)); Cinnamon (1 small stick (1g)); Bay Leaf (1 (0.2g)); Salt (To taste (assumed 1/2 tsp, 1.5g, not listed but implied)); Oil (As needed (assumed 1 tbsp, 14g, for cooking, not listed but implied)); Water (As needed (assumed 1 cup, 240ml, for cooking rice))","Step 1: Cook the rice: | Cook brown rice with chicken, ginger, garlic, and whole spices (cinnamon, bay leaf) in a pot or rice cooker. | Step 2: Add the broth: | Add low-sodium chicken broth to the pot with the rice and chicken mixture. | Step 3: Simmer the rice: | Cover and cook until the rice is tender and the chicken is fully cooked, absorbing all the flavors. | Step 4: Check doneness: | Ensure the rice is cooked through and the chicken is tender; adjust cooking time if necessary. | Step 5: Fluff the rice: | Once cooked, fluff the rice with a fork to separate the grains and distribute the chicken evenly. | Step 6: Rest the dish: | Allow the rice to sit for a few minutes after cooking to settle and blend the flavors. | Step 7: Prepare a side salad: | Prepare a fresh side salad with vegetables of your choice, such as cucumbers, tomatoes, and lettuce. | Step 8: Serve: | Serve the flavorful chicken and rice hot, accompanied by the fresh salad for a balanced meal.",https://res.cloudinary.com/duegxp0u0/image/upload/v1745169335/recipe_uploads/lyudjysisbil7ydynesm.jpg
68395eeaa1f9120d4641a699,Spicy Tandoori Turkey Breast,lunch,desi,weight_loss,220.0,30.0,6.0,6.0,0.0,400.0,70.0,1,5,Spicy Tandoori Turkey Breast Spicy Tandoori Turkey Breast Spicy Tandoori Turkey Breast Turkey Breast (cut into pieces) Yogurt Red Chili Powder Turmeric Powder Cumin Powder Garam Masala Lemon Salt desi,"gluten_free,nut_free,egg_free,low_sodium,low_sugar","Turkey Breast (cut into pieces) (500g); Yogurt (1 cup (240g)); Red Chili Powder (1 tsp (2g)); Turmeric Powder (1 tsp (2g)); Cumin Powder (1 tsp (2g)); Garam Masala (1 tsp (2g)); Lemon (1/2 (assumed 1 tbsp juice, 15ml)); Salt (To taste (assumed 1 tsp, 3g))","Step 1: Prepare the Marinade: | In a bowl, combine 1 cup yogurt, 1 tsp red chili powder, 1 tsp turmeric powder, 1 tsp cumin powder, 1 tsp garam masala, and salt. Mix well. | Step 2: Marinate the Turkey: | Coat 500g turkey breast with the marinade. Cover and refrigerate for 1 hour or overnight for deeper flavor. | Step 3: Preheat the Oven: | Preheat the oven to 200°C (400°F) to ensure it reaches the correct temperature before cooking. | Step 4: Prepare the Baking Tray: | Place a sheet of parchment paper on a baking tray or lightly grease it with oil to prevent sticking. | Step 5: Bake the Turkey: | Place the marinated turkey breast on the prepared baking tray. Bake for 25-30 minutes, turning once halfway through, until fully cooked. | Step 6: Check for Doneness: | Ensure the internal temperature of the turkey reaches 75°C (165°F) for safe consumption. | Step 7: Garnish and Rest: | Remove the turkey from the oven and let it rest for 5-10 minutes before serving to retain its juices. | Step 8: Serve: | Serve hot with a squeeze of lemon and a side of your favorite vegetables or salad.",https://res.cloudinary.com/duegxp0u0/image/upload/v1745169190/recipe_uploads/jwktqb6nxbxqpplscur7.jpg
68395eeaa1f9120d4641a665,Whole Wheat Pasta with Chickpea Sauce,lunch,desi,weight_loss,330.0,14.0,54.0,10.0,12.0,200.0,0.0,40,1,Whole Wheat Pasta with Chickpea Sauce Whole Wheat Pasta with Chickpea Sauce Whole Wheat Pasta with Chickpea Sauce Whole Wheat Pasta Chickpeas Olive Oil Garlic Tomato Puree desi,"nut_free,egg_free,lactose_free,low_sodium,low_sugar,low_cholesterol,dairy_free","Whole Wheat Pasta (1 cup (80g, dry)); Chickpeas (1 cup (160g, cooked or canned, drained)); Olive Oil (1 tbsp (14g)); Garlic (2 cloves (6g, minced)); Tomato Puree (1/2 cup (120g))","Step 1: Boil the Pasta: | Boil 1 cup whole wheat pasta in salted water until al dente, then drain and set aside. | Step 2: Heat Olive Oil and Sauté Spices: | In a pan, heat 1 tbsp olive oil over medium heat, then sauté 1/2 cup chopped onions, 2 cloves garlic, and 1/2 tsp cumin until the onions are translucent. | Step 3: Add Chickpeas and Spices: | Add 1 cup cooked chickpeas, 1/2 tsp turmeric, and 1/2 tsp paprika to the pan, stirring well to combine the spices. | Step 4: Add Tomato Puree: | Add 1/2 cup tomato puree to the pan and cook for 5 minutes, allowing the flavors to meld together. | Step 5: Adjust Consistency: | If the sauce is too thick, add a little water to reach your desired consistency. | Step 6: Combine Pasta and Sauce: | Add the cooked pasta to the pan with the chickpea sauce and stir gently to coat the pasta evenly. | Step 7: Taste and Adjust Seasoning: | Taste the pasta and adjust salt or spices if needed. | Step 8: Serve Hot: | Serve the pasta with chickpea sauce hot, garnished with fresh herbs if desired.",https://res.cloudinary.com/duegxp0u0/image/upload/v1745169076/recipe_uploads/r1yfcn003dkzhhrzpa5p.jpg
68395eeaa1f9120d4641a6ba,Baked Sweet Potato Fries with Cumin & Black Pepper,snack,desi,weight_loss,150.0,2.0,20.0,7.0,3.0,300.0,0.0,35,2,Baked Sweet Potato Fries with Cumin & Black Pepper Baked Sweet Potato Fries with Cumin & Black Pepper Baked Sweet Potato Fries with Cumin & Black Pepper Sweet Potato Olive Oil Cumin Powder Black Pepper Salt desi,"gluten_free,nut_free,egg_free,lactose_free,low_sodium,low_sugar,dairy_free","Sweet Potato (1 medium (200g, peeled and cut into fries)); Olive Oil (1 tbsp (14g)); Cumin Powder (1/2 tsp (1g)); Black Pepper (1/4 tsp (0.5g)); Salt (To taste (assumed 1/2 tsp, 1.5g, not listed but implied))","Step 1: Prepare the Sweet Potatoes : | Peel the sweet potatoes thoroughly and cut them into thin, even-sized fries for uniform baking. | Step 2: Preheat the Oven : | Set your oven to preheat at 200°C (392°F) to ensure it's hot and ready for baking. | Step 3: Season the Fries : | In a large bowl, toss the sweet potato fries with olive oil, cumin powder, black pepper, and salt until well coated. | Step 4: Line the Baking Sheet : | Place parchment paper or lightly grease a baking sheet to prevent sticking. | Step 5: Arrange the Fries Evenly : | Spread the seasoned fries on the baking sheet in a single layer without overlapping to allow even cooking. | Step 6: Start Baking : | Place the baking sheet in the preheated oven and bake for 25–30 minutes until the fries are golden and crispy. | Step 7: Flip the Fries Halfway : | At the 15-minute mark, gently turn the fries using a spatula to ensure even browning on all sides. | Step 8: Serve Hot : | Once baked, remove the fries from the oven and serve hot as a healthy snack or side dish.",https://res.cloudinary.com/duegxp0u0/image/upload/v1745169471/recipe_uploads/b5k1ndphbalzfu3zr3qp.jpg
68395ecea1f9120d4641a4f5,Tuna & White Bean Salad,lunch,non_vegetarian,weight_loss,310.0,32.0,25.0,10.0,6.0,500.0,25.0,10,1,Tuna & White Bean Salad Tuna & White Bean Salad Tuna & White Bean Salad Tuna White beans Red onion Lemon juice Olive oil Parsley Salt Black pepper non_vegetarian,"gluten_free,nut_free,egg_free,lactose_free,low_sodium,low_sugar,low_cholesterol,dairy_free",Tuna (120g); White beans (100g); Red onion (30g); Lemon juice (1 tbsp); Olive oil (1 tbsp); Parsley (10g); Salt (1/4 tsp); Black pepper (1/4 tsp),"Step 1: Prepare Tuna | Drain 120g canned tuna (in water) and flake it into a mixing bowl. | Step 2: Rinse Beans | Drain and rinse 100g canned white beans (e.g., cannellini or navy) to remove excess sodium. | Step 3: Chop Onion | Finely dice 30g red onion for a sharp, fresh flavor. | Step 4: Chop Parsley | Roughly chop 10g parsley leaves (included in ingredients) to add herbaceous notes. | Step 5: Combine Ingredients | Add white beans, red onion, and parsley to the bowl with tuna, mixing gently to combine. | Step 6: Make Dressing | In a small bowl, whisk 1 tbsp lemon juice, 1 tbsp olive oil, 1/4 tsp salt, and 1/4 tsp black pepper. | Step 7: Dress Salad | Pour the dressing over the tuna mixture and toss lightly to coat evenly. | Step 8: Serve | Spoon the salad into a bowl, garnish with a lemon wedge if desired, and serve chilled or at room temperature as a light snack.",https://res.cloudinary.com/duegxp0u0/image/upload/v1748524757/m2g7dow5ueh9yrdjxq2x.jpg
68395eeaa1f9120d4641a681,"Chicken Soup (Bone Broth, No Cream)",lunch,desi,weight_loss,50.0,4.0,2.0,2.0,0.0,400.0,10.0,2,5,"Chicken Soup (Bone Broth, No Cream) Chicken Soup (Bone Broth, No Cream) Chicken Soup (Bone Broth, No Cream) Chicken Bones (with skin) Onion (quartered) Bay Leaves Cumin Seeds Olive Oil Salt Black Pepper Turmeric Fresh Coriander Lemon Juice desi","gluten_free,nut_free,egg_free,lactose_free,low_sodium,low_sugar","Chicken Bones (with skin) (500g); Onion (quartered) (1 (100g)); Bay Leaves (2 (0.4g)); Cumin Seeds (1 tsp (2g)); Olive Oil (1 tsp (5g)); Salt (To taste (assumed 1 tsp, 3g)); Black Pepper (To taste (assumed 1/2 tsp, 1g)); Turmeric (Pinch (0.2g)); Fresh Coriander (For garnish (assumed 1 tbsp, 3g)); Lemon Juice (1 tsp (5ml))","Step 1: Prepare the Broth : | In a large pot, add 500g chicken bones with skin, 1 onion (quartered), 2-3 garlic cloves, 1-2 inches ginger, 1-2 bay leaves, and 6-8 cups water. Bring to a boil, then lower the heat and simmer for 1.5-2 hours to extract the flavors. | Step 2: Strain the Broth : | Once the broth is ready, strain the liquid, discarding the bones and solids. | Step 3: Season the Soup : | In a separate pot, heat 1 tsp olive oil, add 1 tsp cumin seeds, and let them splutter. Then, add the strained broth along with salt, black pepper, and a pinch of turmeric. Bring to a gentle boil. | Step 4: Garnish and Serve : | Add fresh coriander leaves for garnish and serve hot. Optionally, add a squeeze of lemon juice for extra flavor. | Step 5: Adjust Consistency : | If the soup is too thin, simmer for an additional 10-15 minutes to thicken the broth. | Step 6: Optional Add-ins : | Add 1/2 cup cooked noodles or rice to the soup for a heartier meal. | Step 7: Flavor Boost : | For a richer taste, add a dollop of yogurt or a drizzle of ghee before serving. | Step 8: Serve with Bread : | Serve the soup with a side of whole wheat bread or crispy croutons for added texture.",https://res.cloudinary.com/duegxp0u0/image/upload/v1745169121/recipe_uploads/vszapnjgka4c245sbjyz.jpg
68395eeaa1f9120d4641a6c1,Jaggery & Til (Sesame) Energy Balls,snack,desi,weight_loss,90.0,2.0,10.0,5.0,1.0,5.0,0.0,10,1,Jaggery & Til (Sesame) Energy Balls Jaggery & Til (Sesame) Energy Balls Jaggery & Til (Sesame) Energy Balls Sesame Seeds Jaggery desi,"gluten_free,nut_free,egg_free,lactose_free,low_sodium,dairy_free",Sesame Seeds (2 tbsp (18g)); Jaggery (2 tbsp (24g)),"Step 1: Roast the Sesame Seeds : | Lightly roast the sesame seeds in a dry pan over low heat until they become golden and aromatic. Stir constantly to prevent burning. | Step 2: Prepare the Jaggery : | In a separate pan, melt jaggery over low heat until it becomes a smooth syrup-like consistency. | Step 3: Mix Sesame Seeds and Jaggery : | Once the jaggery has melted, add the roasted sesame seeds to the pan and mix well, ensuring the seeds are coated evenly. | Step 4: Form the Balls : | Allow the mixture to cool slightly, then quickly shape it into small balls while it’s still warm and pliable. | Step 5: Let the Balls Cool : | Place the formed balls on a plate and let them cool at room temperature. | Step 6: Harden the Balls : | Let the sesame-jaggery balls cool completely, allowing them to harden and set. | Step 7: Check the Texture : | Ensure the balls have hardened properly; they should be firm but not too hard to bite into. | Step 8: Serve and Enjoy : | Once cooled and hardened, serve the sesame-jaggery balls as a sweet and healthy treat. Enjoy!",https://res.cloudinary.com/duegxp0u0/image/upload/v1745169484/recipe_uploads/iil7zxxghbs3rim4rbzs.jpg
68395eeaa1f9120d4641a6c7,Spiced Roasted Almonds with Pink Salt,snack,desi,weight_loss,90.0,3.0,3.0,8.0,2.0,150.0,0.0,15,1,Spiced Roasted Almonds with Pink Salt Spiced Roasted Almonds with Pink Salt Spiced Roasted Almonds with Pink Salt Almonds Pink Salt Paprika desi,"gluten_free,egg_free,lactose_free,low_sodium,low_sugar,low_carb,dairy_free",Almonds (1/4 cup (30g)); Pink Salt (1/4 tsp (0.75g)); Paprika (1/4 tsp (0.5g)),"Step 1: Roast the Almonds : | Preheat the oven to 180°C (350°F) and roast almonds for 10-12 minutes, stirring halfway through to ensure even roasting. | Step 2: Prepare the Seasoning : | In a small bowl, mix together pink salt, paprika, black pepper, and cumin powder. | Step 3: Toss the Almonds : | Once the almonds are roasted, remove them from the oven and toss them with the seasoning mixture while they are still warm. | Step 4: Coat Evenly : | Ensure that the almonds are evenly coated with the seasoning mixture for a balanced flavor. | Step 5: Let Them Cool : | Allow the seasoned almonds to cool down at room temperature. | Step 6: Check the Crispiness : | Once cooled, check the almonds for the desired crunchiness. | Step 7: Store Properly : | Store the cooled, seasoned almonds in an airtight container to maintain freshness. | Step 8: Serve and Enjoy : | Serve the almonds as a crunchy, savory snack and enjoy their delicious flavor!",https://res.cloudinary.com/duegxp0u0/image/upload/v1745169496/recipe_uploads/lf6irnsuge3i0j8xzmmc.jpg
68395ed6a1f9120d4641a551,Grilled Artichokes,lunch,mediterranean,weight_loss,230.0,6.0,19.0,14.0,10.0,122.0,0.0,20,2,Grilled Artichokes Grilled Artichokes Grilled Artichokes Artichokes Lemon juice Garlic Olive oil mediterranean,"gluten_free,nut_free,egg_free,lactose_free,low_sodium,low_carb,low_sugar,low_cholesterol,dairy_free",Artichokes (200g); Lemon juice (30ml); Garlic (2 cloves); Olive oil (1 tbsp),"Step 1: Prep Artichokes | Trim the stems and top 1cm of 2 medium artichokes (about 200g total), removing tough outer leaves. |  | Step 2: Steam Artichokes | Place artichokes in a steamer basket over boiling water and steam for 15 minutes until tender. |  | Step 3: Cool Artichokes | Remove artichokes from the steamer and let them cool slightly for easier handling. |  | Step 4: Juice Lemon | Squeeze 1 lemon (about 30ml juice) into a small bowl, removing seeds. |  | Step 5: Prep Garlic | Peel and mince 2 garlic cloves for the marinade. |  | Step 6: Make Marinade | Mix lemon juice, minced garlic, and 1 tbsp olive oil in a bowl with a pinch of salt. |  | Step 7: Grill Artichokes | Halve the steamed artichokes, brush with marinade, and grill cut-side down for 5 minutes until charred. |  | Step 8: Serve Hot | Transfer to a plate, drizzle with remaining marinade, and serve as a flavorful snack.",https://res.cloudinary.com/duegxp0u0/image/upload/v1748524315/aeuv0ewrwqsk6evr4nfy.jpg
68395eeaa1f9120d4641a6b7,Dahi Chana Chaat (Boiled Chickpeas with Yogurt & Spices),snack,desi,weight_loss,150.0,8.0,22.0,3.0,6.0,400.0,5.0,20,2,Dahi Chana Chaat (Boiled Chickpeas with Yogurt & Spices) Dahi Chana Chaat (Boiled Chickpeas with Yogurt & Spices) Dahi Chana Chaat (Boiled Chickpeas with Yogurt & Spices) Chickpeas Yogurt Onion Tomato Cucumber Chaat Masala Lemon Salt Fresh Coriander desi,"gluten_free,nut_free,egg_free,low_sodium,low_sugar","Chickpeas (1 cup (200g, cooked or canned, drained)); Yogurt (1/2 cup (120g)); Onion (1 small (70g, chopped)); Tomato (1 medium (150g, chopped)); Cucumber (1 small (100g, chopped)); Chaat Masala (1 tsp (2g)); Lemon (1/2 (juice, assumed 1 tbsp, 15ml)); Salt (To taste (assumed 1/2 tsp, 1.5g, not listed but implied)); Fresh Coriander (For garnish (assumed 1 tbsp, 3g, chopped, not listed but implied))","Step 1: Boil the Chickpeas : | Place chickpeas in a pot of water and boil until they are soft and tender. This may take 20–30 minutes depending on their size. | Step 2: Drain and Cool : | Once boiled, drain the chickpeas using a strainer and let them cool to room temperature. | Step 3: Prepare the Vegetables : | Finely chop the onions, tomatoes, and cucumber and keep them ready in a mixing bowl. | Step 4: Add Yogurt : | Add fresh yogurt to the chopped vegetables and mix to combine well. | Step 5: Mix in Chickpeas : | Add the cooled boiled chickpeas to the yogurt and vegetable mixture. | Step 6: Add Spices : | Sprinkle chaat masala, cumin powder, and red chili powder over the chickpeas. | Step 7: Add Lemon Juice : | Squeeze fresh lemon juice into the bowl and give everything a thorough mix. | Step 8: Chill and Serve : | Refrigerate the chaat for 10–15 minutes and serve chilled as a refreshing and healthy snack.",https://res.cloudinary.com/duegxp0u0/image/upload/v1745169459/recipe_uploads/yeetd4omtxluynnzmdqh.jpg
68395ec7a1f9120d4641a4d1,Vegetable Moussaka,snack,vegetarian,weight_gain,590.0,30.0,55.0,35.0,12.0,700.0,40.0,75,4,Vegetable Moussaka Vegetable Moussaka Vegetable Moussaka Eggplant Lentils Potatoes Olive oil Cumin Paprika Salt Nutmeg Parsley vegetarian,"nut_free,egg_free,low_sugar",Eggplant (400g); Lentils (200g); Potatoes (200g); Olive oil (4 tsp); Cumin (1 tsp); Paprika (1/2 tsp); Salt (3/4 tsp); Nutmeg (1/4 tsp); Parsley (1 tsp (optional)),"Step 1: Preheat Oven | Preheat the oven to 180°C and grease a 9x13-inch baking dish with 1 tsp olive oil. | Step 2: Prepare Eggplant | Slice 400g eggplant into 1/4-inch rounds, sprinkle with 1/2 tsp salt, and let sit for 15 minutes to release moisture, then pat dry. | Step 3: Cook Potatoes | Peel and slice 200g potatoes into 1/4-inch rounds, then boil for 5–7 minutes until slightly tender, and drain. | Step 4: Cook Lentils | Rinse 200g lentils, cook in 400ml water with 1 tsp cumin and 1/2 tsp paprika for 20 minutes until tender, then drain. | Step 5: Sauté Eggplant | Heat 1 tbsp olive oil in a skillet, fry eggplant slices for 2–3 minutes per side until golden, and set aside. | Step 6: Make Béchamel | In a saucepan, melt 1 tbsp butter, whisk in 1 tbsp flour, then slowly add 200ml milk, stirring until thickened. Season with 1/4 tsp nutmeg and 1/4 tsp salt. | Step 7: Assemble Moussaka | Layer potatoes, lentils, and eggplant in the baking dish, repeating until used up. Pour béchamel over the top, spreading evenly. | Step 8: Bake and Serve | Bake for 50 minutes until golden and bubbly. Let cool for 10 minutes, garnish with 1 tsp chopped parsley if desired, and serve warm as a hearty dinner.",https://res.cloudinary.com/duegxp0u0/image/upload/v1748525434/o5vguupwggxb3jxa2kx3.jpg
68395ecea1f9120d4641a53a,Chicken and Broccoli Alfredo,snack,non_vegetarian,weight_gain,520.0,55.0,50.0,20.0,6.0,600.0,130.0,35,3,Chicken and Broccoli Alfredo Chicken and Broccoli Alfredo Chicken and Broccoli Alfredo Chicken breast Broccoli Whole-wheat pasta Light cream Olive oil Parmesan Garlic Salt Black pepper Parsley non_vegetarian,"nut_free,egg_free,low_sugar",Chicken breast (300g); Broccoli (200g); Whole-wheat pasta (150g); Light cream (100ml); Olive oil (1 tbsp); Parmesan (20g); Garlic (1 clove); Salt (¼ tsp); Black pepper (¼ tsp); Parsley (1 tsp (optional)),"Step 1: Cook Pasta | Bring a pot of water to a boil, cook 150g whole-wheat pasta for 8–10 minutes until al dente, then drain and set aside. | Step 2: Prepare Chicken | Cut 300g chicken breast into 1-inch pieces and season with ¼ tsp salt and ¼ tsp black pepper. | Step 3: Sauté Chicken | Heat 1 tbsp olive oil in a large skillet over medium heat, sauté chicken for 5–6 minutes until cooked through, then remove and set aside. | Step 4: Cook Broccoli | In the same skillet, add 200g broccoli florets, sauté for 3–4 minutes until tender-crisp, then remove and set aside with chicken. | Step 5: Make Alfredo Sauce | Add 1 minced garlic clove to the skillet, sauté for 1 minute, then stir in 100ml light cream and 20g grated parmesan, cooking for 2–3 minutes until thickened. | Step 6: Combine Ingredients | Return chicken and broccoli to the skillet, add cooked pasta, and toss to coat in the sauce, heating for 1–2 minutes. | Step 7: Adjust Seasoning | Taste and add ¼ tsp black pepper or a pinch of nutmeg if desired, stirring to blend flavors. | Step 8: Serve | Spoon Alfredo onto plates, garnish with 1 tsp chopped parsley, and serve hot as a satisfying dinner.",https://res.cloudinary.com/duegxp0u0/image/upload/v1748524629/rkwtyaqfk01acwryvlfq.jpg
68395eeaa1f9120d4641a610,Coconut Chia Pudding,breakfast,desi,weight_loss,240.0,5.0,20.0,16.0,8.0,20.0,0.0,5,1,Coconut Chia Pudding Coconut Chia Pudding Coconut Chia Pudding Chia Seeds Coconut Milk Banana desi,"gluten_free,nut_free,egg_free,lactose_free,low_sodium,low_sugar,low_cholesterol,dairy_free","Chia Seeds (2 tbsp (24g)); Coconut Milk (½ cup (120ml)); Banana (½ (60g, mashed or sliced))","Step 1: Soak Chia Seeds: | Soak 2 tbsp chia seeds in ½ cup coconut milk and leave them overnight in the fridge to allow them to expand and form a pudding-like texture. | Step 2: Prepare the Banana: | Slice ½ banana into small pieces. | Step 3: Stir the Chia Mixture: | In the morning, stir the soaked chia seeds and coconut milk mixture to ensure everything is evenly combined. | Step 4: Add Banana: | Add the sliced banana pieces to the chia pudding mixture. | Step 5: Optional Toppings: | You can also add other fruits like berries or nuts for additional flavor and texture. | Step 6: Sweeten (Optional): | If desired, add a little honey or maple syrup to sweeten the pudding. | Step 7: Chill: | Chill the chia pudding for an additional 10-15 minutes if you prefer it colder. | Step 8: Serve: | Serve the chia pudding chilled as a nutritious breakfast or snack.",https://res.cloudinary.com/duegxp0u0/image/upload/v1745169027/recipe_uploads/jkoznyfarileimpb4aij.jpg
68395eeaa1f9120d4641a6e6,Baked Onion & Spinach Pakoras,snack,desi,weight_loss,60.0,3.0,8.0,2.0,2.0,150.0,0.0,30,1,Baked Onion & Spinach Pakoras Baked Onion & Spinach Pakoras Baked Onion & Spinach Pakoras Onions Spinach Chickpea Flour Salt Spices Water Oil desi,"gluten_free,nut_free,egg_free,lactose_free,low_sodium,low_sugar,low_fat,dairy_free","Onions (1 medium (100g, thinly sliced)); Spinach (1 cup (60g, finely chopped)); Chickpea Flour (1/4 cup (25g)); Salt (To taste (assumed 1/4 tsp, 0.75g, not listed but implied)); Spices (As needed (assumed 1/2 tsp cumin powder, 1g, not listed but implied for flavor)); Water (As needed (assumed 2 tbsp, 30ml, for batter consistency)); Oil (As needed (assumed 1 tsp, 5g, for brushing, not listed but implied for baking))","Step 1: Gather Ingredients: | Collect chopped onions, spinach, chickpea flour, spices, and water for making the batter. | Step 2: Prepare the Batter: | In a mixing bowl, combine the chopped onions, spinach, chickpea flour, and your preferred spices to form a thick batter. Add water as needed to achieve the right consistency. | Step 3: Preheat the Oven: | Preheat the oven to 375°F (190°C) to prepare it for baking. | Step 4: Shape the Batter: | Take small portions of the batter and shape them into small balls using your hands or a spoon. | Step 5: Prepare the Baking Tray: | Line a baking tray with parchment paper or lightly grease it to prevent the batter balls from sticking. | Step 6: Place the Balls on the Tray: | Arrange the shaped batter balls on the baking tray, leaving some space between them for even baking. | Step 7: Bake the Balls: | Place the tray in the preheated oven and bake the balls at 375°F for 15-20 minutes, or until they turn golden and crisp. | Step 8: Serve: | Once baked, remove the balls from the oven and serve them warm as a snack or side dish.",https://res.cloudinary.com/duegxp0u0/image/upload/v1745169573/recipe_uploads/r6tzxbmt15oklwjkua6a.jpg
68395eeaa1f9120d4641a6bb,Homemade Flaxseed & Sesame Crackers,snack,desi,weight_loss,90.0,3.0,8.0,6.0,3.0,150.0,0.0,20,1,Homemade Flaxseed & Sesame Crackers Homemade Flaxseed & Sesame Crackers Homemade Flaxseed & Sesame Crackers Flaxseeds Sesame Seeds Whole Wheat Flour Salt Oil Water desi,"nut_free,egg_free,lactose_free,low_sodium,low_sugar,dairy_free","Flaxseeds (2 tbsp (14g)); Sesame Seeds (2 tbsp (18g)); Whole Wheat Flour (1/4 cup (30g)); Salt (To taste (assumed 1/4 tsp, 0.75g, not listed but implied)); Oil (As needed (assumed 1 tsp, 5g, for dough, not listed but implied)); Water (As needed (assumed 2 tbsp, 30ml, for dough consistency))","Step 1: Mix the Dry Ingredients : | In a mixing bowl, combine ground flaxseeds, sesame seeds, whole wheat flour, and a pinch of salt. | Step 2: Add Water to Form Dough : | Gradually add water to the dry ingredients and stir until a dough forms. Add more water if necessary to achieve a smooth, firm consistency. | Step 3: Roll Out the Dough : | On a lightly floured surface, roll the dough out evenly to your desired thickness, ensuring it’s not too thick for crispiness. | Step 4: Cut into Shapes : | Using a knife or cookie cutter, cut the rolled dough into small cracker shapes (squares, rectangles, or any desired shape). | Step 5: Preheat the Oven : | Preheat your oven to 350°F (175°C) to prepare for baking the crackers. | Step 6: Arrange on Baking Sheet : | Place the cut cracker shapes on a baking sheet lined with parchment paper, leaving space between each cracker for even baking. | Step 7: Bake the Crackers : | Bake the crackers in the preheated oven for 15 minutes or until they turn golden and crispy, checking halfway through. | Step 8: Cool and Serve : | Remove from the oven, let the crackers cool completely, and serve as a healthy snack or appetizer.",https://res.cloudinary.com/duegxp0u0/image/upload/v1745169472/recipe_uploads/l68zaohz61dmeamdrzrx.jpg
68395eeaa1f9120d4641a618,Spinach & Oats Tikki,breakfast,desi,weight_loss,110.0,3.0,16.0,4.0,3.0,160.0,0.0,20,1,Spinach & Oats Tikki Spinach & Oats Tikki Spinach & Oats Tikki Oats Spinach Salt Spices Oil Coriander or Mint Leaves desi,"nut_free,egg_free,lactose_free,low_sodium,low_sugar,low_cholesterol,dairy_free","Oats (1/2 cup (40g)); Spinach (1/2 cup (30g, chopped)); Salt (to taste (0.5g, pinch)); Spices (to taste (assumed ¼ tsp each of cumin and turmeric, 1g total)); Oil (1 tsp (5g, for cooking)); Coriander or Mint Leaves (for garnish (assumed 1 tbsp, 3g, chopped))","Step 1: Prepare Ingredients: | Mix 1/2 cup oats, 1/2 cup chopped spinach, and spices of your choice. | Step 2: Form Tikkis: | Shape the mixture into small round tikkis. | Step 3: Heat Pan: | Heat a non-stick pan on medium heat. | Step 4: Cook Tikkis: | Place the tikkis on the pan and cook on both sides until golden and crispy. | Step 5: Add Oil: | Use minimal oil to cook the tikkis, just enough to prevent sticking. | Step 6: Flip Tikkis: | Flip carefully to ensure even cooking on both sides. | Step 7: Garnish: | Garnish with fresh coriander or mint leaves, if desired. | Step 8: Serve: | Serve hot with a side of yogurt or chutney.",https://res.cloudinary.com/duegxp0u0/image/upload/v1745169043/recipe_uploads/bqagtexrbyoixjaykt58.jpg
68395ef0a1f9120d4641a766,BBQ Hotdog in Naan Wrap,dinner,desi,weight_gain,450.0,15.0,40.0,20.0,5.0,1090.0,40.0,25,1,BBQ Hotdog in Naan Wrap BBQ Hotdog in Naan Wrap BBQ Hotdog in Naan Wrap Beef sausage Naan Mayo Ketchup Onion BBQ sauce Whole wheat flour Oil Coriander leaves desi,"nut_free,low_sugar","Beef sausage (1); Naan (1); Mayo (1 tbsp); Ketchup (1 tbsp); Onion (1); BBQ sauce (1 tbsp); Whole wheat flour (½ cup (for naan)); Oil (1 tsp (for grilling sausage)); Coriander leaves (1 tbsp, chopped)","Step 1: Gather Ingredients: Collect 4 beef or chicken sausages, 1 tbsp oil, 1 tsp BBQ spice mix (e.g., tikka masala), 2 cups all-purpose flour, 1 tsp yeast, ½ cup water, 1 tbsp ghee, 1 small onion (sliced), 2 tbsp ketchup, and 2 tbsp yogurt-mint sauce. | Step 2: Season Sausages: Rub 4 sausages with 1 tsp BBQ spice mix and let them sit for 15 minutes. | Step 3: Grill Sausages: Heat 1 tbsp oil in a grill pan over medium heat, grill sausages for 5-7 minutes, turning occasionally, until charred and cooked through. | Step 4: Prepare Naan Dough: Mix 2 cups all-purpose flour with 1 tsp yeast, ½ cup water, and a pinch of salt, knead into a soft dough, and rest for 1 hour. | Step 5: Cook Naan: Divide dough into 4 balls, roll into 6-8 inch ovals, cook on a tawa for 2-3 minutes per side until puffed, then brush with 1 tbsp ghee. | Step 6: Assemble Wrap: Place a grilled sausage on each warm naan, top with sliced onion, drizzle with 2 tbsp ketchup and 2 tbsp yogurt-mint sauce, and roll tightly. | Step 7: Serve Warm: Serve the BBQ hotdog naan wraps immediately while warm.",https://res.cloudinary.com/duegxp0u0/image/upload/v1746813065/ujzmzcerw4njh42zgmzn.jpg
68395eeaa1f9120d4641a661,Multigrain Roti with Lentil Curry,lunch,desi,weight_loss,350.0,14.0,54.0,10.0,10.0,400.0,0.0,35,1,Multigrain Roti with Lentil Curry Multigrain Roti with Lentil Curry Multigrain Roti with Lentil Curry Multigrain Flour Water Salt Oil Cumin Seeds Cooked Lentils Turmeric Powder desi,"nut_free,egg_free,lactose_free,low_sugar,low_cholesterol,dairy_free","Multigrain Flour (1 cup (120g)); Water (as needed (assumed ½ cup, 120ml)); Salt (1/2 tsp (1.5g)); Oil (1 tbsp (14g, for dough and cooking)); Cumin Seeds (1/2 tsp (1g)); Cooked Lentils (1 cup (200g, cooked, e.g., moong or masoor dal)); Turmeric Powder (1/2 tsp (1g))","Step 1: Prepare the Dough: | In a mixing bowl, combine 1 cup of multigrain flour with 1/2 tsp salt. Gradually add water and knead into a smooth, pliable dough. | Step 2: Shape the Rotis: | Divide the dough into equal-sized small balls and roll each one out into a thin, round disc using a rolling pin. | Step 3: Cook the Rotis: | Heat a tawa over medium heat and cook the rolled-out rotis until golden brown spots appear on both sides. | Step 4: Heat Oil and Cumin: | In a separate pan, heat 1 tbsp oil over medium heat, add 1/2 tsp cumin seeds, and sauté until they begin to crackle and release aroma. | Step 5: Add Lentils and Spices: | Add 1 cup of cooked lentils to the pan along with 1/2 tsp turmeric powder and salt, stirring well to mix. | Step 6: Simmer the Curry: | Pour in enough water to achieve desired curry consistency, and let it simmer on low heat for about 10 minutes. | Step 7: Check Seasoning: | Taste the curry and adjust salt or spices if needed, then turn off the heat once flavors are well combined. | Step 8: Serve with Rotis: | Serve the warm multigrain rotis with the hot lentil curry on the side for a healthy, wholesome meal.",https://res.cloudinary.com/duegxp0u0/image/upload/v1745169069/recipe_uploads/xqc4fv6gxbb59wykemez.jpg
68395eeaa1f9120d4641a65b,Lauki & Moong Dal Khichdi (Bottle Gourd & Lentil Porridge),breakfast,desi,weight_loss,140.0,8.0,20.0,3.0,6.0,400.0,0.0,10,1,Lauki & Moong Dal Khichdi (Bottle Gourd & Lentil Porridge) Lauki & Moong Dal Khichdi (Bottle Gourd & Lentil Porridge) Lauki & Moong Dal Khichdi (Bottle Gourd & Lentil Porridge) Moong Dal Bottle Gourd (Lauki) Cumin Seeds Turmeric Powder Tomato Oil Salt Water Fresh Coriander desi,"gluten_free,nut_free,egg_free,lactose_free,low_sodium,low_sugar,dairy_free","Moong Dal (1/2 cup (100g, dry)); Bottle Gourd (Lauki) (1 small (300g, peeled and cubed)); Cumin Seeds (1/2 tsp (1g)); Turmeric Powder (1/2 tsp (1g)); Tomato (1 medium (150g, chopped)); Oil (1 tsp (5g)); Salt (To taste (assumed 1 tsp, 3g)); Water (3 cups (720ml)); Fresh Coriander (For garnish (assumed 1 tbsp, 3g, chopped, not listed but implied for garnish))","Step 1: Prepare the Dal : | Rinse 1/2 cup moong dal and soak it for 10-15 minutes to soften. | Step 2: Cook the Bottle Gourd : | Cut 1 small bottle gourd (lauki) into small cubes and sauté in a pressure cooker with 1 tsp oil for 3-4 minutes. | Step 3: Add Dal & Spices : | Add the soaked moong dal, 1/2 tsp cumin seeds, 1/2 tsp turmeric powder, 1 chopped tomato, and 3 cups water to the cooker. | Step 4: Cook the Khichdi : | Close the lid and cook for 3-4 whistles on medium heat. Let the pressure release naturally. | Step 5: Stir the Khichdi : | Once the pressure has released, stir the khichdi to ensure it’s well mixed and smooth. | Step 6: Adjust Consistency : | If necessary, add a little more water to achieve your desired consistency. | Step 7: Garnish (Optional) : | You can garnish with freshly chopped coriander or a squeeze of lemon for extra flavor. | Step 8: Serve : | Serve the khichdi hot with a side of yogurt or pickle for a complete meal.",https://res.cloudinary.com/duegxp0u0/image/upload/v1745169425/recipe_uploads/cxcg8udombga61mjnmmw.jpg
68395eeaa1f9120d4641a6ad,Whole Wheat Pita Bread with Hummus,snack,desi,weight_loss,300.0,12.0,50.0,6.0,10.0,400.0,0.0,40,2,Whole Wheat Pita Bread with Hummus Whole Wheat Pita Bread with Hummus Whole Wheat Pita Bread with Hummus Whole Wheat Flour Olive Oil Water Salt Chickpeas Tahini Lemon Juice Garlic desi,"nut_free,egg_free,lactose_free,low_sodium,low_sugar,dairy_free","Whole Wheat Flour (2 cups (240g)); Olive Oil (1 tsp (5g)); Water (3/4 cup (180ml)); Salt (1 tsp (3g, split between flatbread and hummus)); Chickpeas (1 cup (200g, cooked or canned, drained)); Tahini (1 tbsp (15g)); Lemon Juice (1 tbsp (15ml)); Garlic (1 clove (3g, minced))","Step 1: Prepare Dough : | In a bowl, mix 2 cups of whole wheat flour with 1 tsp salt and 1 tsp olive oil. Add 3/4 cup water slowly, knead into a dough. | Step 2: Divide Dough : | Divide the dough into small balls, then roll them out into round discs. | Step 3: Cook Pitas : | Heat a non-stick pan over medium heat and cook each pita for 1-2 minutes on each side. | Step 4: Prepare Hummus : | For hummus, blend 1 cup cooked chickpeas, 1 tbsp tahini, 1 tbsp olive oil, lemon juice, and garlic into a smooth paste. | Step 5: Adjust Hummus Texture : | If needed, add a little water or olive oil to achieve your desired hummus consistency. | Step 6: Serve Pitas : | Serve the freshly cooked pitas with hummus on the side. | Step 7: Garnish Hummus : | Optionally, garnish the hummus with a drizzle of olive oil and a sprinkle of paprika or parsley. | Step 8: Enjoy : | Enjoy the pitas warm with hummus as a healthy and delicious snack or appetizer.",https://res.cloudinary.com/duegxp0u0/image/upload/v1745169436/recipe_uploads/bx7yrymcrqjmva7lyput.jpg
68395eeaa1f9120d4641a691,Tomato & Chicken Soup (Light & Protein-Rich),lunch,desi,weight_loss,300.0,24.0,12.0,14.0,4.0,400.0,65.0,30,2,Tomato & Chicken Soup (Light & Protein-Rich) Tomato & Chicken Soup (Light & Protein-Rich) Tomato & Chicken Soup (Light & Protein-Rich) Boneless Chicken (cubed) Tomatoes (chopped) Onion (chopped) Red Chili Powder Turmeric Powder Fresh Coriander (for garnish) Salt Oil desi,"gluten_free,nut_free,egg_free,lactose_free,low_sodium,low_sugar","Boneless Chicken (cubed) (200g); Tomatoes (chopped) (3 (450g)); Onion (chopped) (1 (100g)); Red Chili Powder (1 tsp (2g)); Turmeric Powder (1/2 tsp (1g)); Fresh Coriander (for garnish) (As needed (assumed 1 tbsp, 3g)); Salt (To taste (assumed 1 tsp, 3g)); Oil (1 tbsp (14g))","Step 1: Sauté the Chicken: | Heat 1 tbsp oil in a pot and sauté 200g boneless chicken (cubed) until browned. | Step 2: Add Spices and Tomatoes: | Add 1 chopped onion, 1 tsp ginger-garlic paste, 1 tsp red chili powder, 1/2 tsp turmeric powder, and salt. Stir well, then add 3 chopped tomatoes. Cook until the tomatoes soften. | Step 3: Cook the Soup: | Add 4 cups water and bring to a boil. Reduce the heat and simmer for 15-20 minutes until the chicken is fully cooked. | Step 4: Blend the Soup: | Use an immersion blender to blend the soup to your desired consistency. | Step 5: Adjust Seasoning: | Taste the soup and adjust salt and spices as needed. | Step 6: Garnish: | Garnish with fresh coriander leaves for added flavor. | Step 7: Heat the Soup: | Reheat the soup if necessary before serving. | Step 8: Serve: | Serve the hot chicken soup in bowls, and enjoy!",https://res.cloudinary.com/duegxp0u0/image/upload/v1745169170/recipe_uploads/ypblvdo4ksg6lnaytbeo.jpg
68395eeaa1f9120d4641a6d7,Dry Roasted Cumin-Flavored Cashews,snack,desi,weight_loss,100.0,3.0,5.0,8.0,1.0,150.0,0.0,10,1,Dry Roasted Cumin-Flavored Cashews Dry Roasted Cumin-Flavored Cashews Dry Roasted Cumin-Flavored Cashews Cashews Cumin Powder Salt desi,"gluten_free,egg_free,lactose_free,low_sodium,low_sugar,low_carb,dairy_free","Cashews (1/4 cup (30g)); Cumin Powder (1/2 tsp (1g)); Salt (To taste (assumed 1/4 tsp, 0.75g, not listed but implied))","Step 1: Roast the Cashews : | Roast cashews in a dry pan over medium heat, stirring occasionally, until they turn golden brown. | Step 2: Add Cumin Powder : | Once the cashews are roasted, sprinkle with roasted cumin powder and mix well. | Step 3: Add Salt : | Toss the cashews with a pinch of salt for extra flavor. | Step 4: Allow to Cool : | Let the cashews cool down for a few minutes to allow the flavors to set. | Step 5: Store in an Airtight Container : | Once cooled, store the cashews in an airtight container to keep them fresh. | Step 6: Serve as a Snack : | Enjoy the cumin-flavored cashews as a healthy, savory snack. | Step 7: Optional Garnish : | For extra flavor, you can sprinkle a little chat masala or chili powder, if desired. | Step 8: Enjoy the Crunch : | These dry roasted cumin-flavored cashews are perfect for snacking or as a garnish in dishes.",https://res.cloudinary.com/duegxp0u0/image/upload/v1745169538/recipe_uploads/hzt5uvp6pjojiu67qq3y.jpg
68395ef0a1f9120d4641a767,Kashmiri Chai Paratha Combo,breakfast,desi,weight_gain,350.0,5.0,40.0,10.0,3.0,300.0,10.0,20,1,Kashmiri Chai Paratha Combo Kashmiri Chai Paratha Combo Kashmiri Chai Paratha Combo Milk Kashmiri tea leaves Sugar Paratha Cardamom Whole wheat flour Ghee Water desi,"nut_free,egg_free,low_sodium",Milk (1 cup); Kashmiri tea leaves (1 tsp); Sugar (to taste); Paratha (1); Cardamom (1 pod); Whole wheat flour (½ cup (for paratha)); Ghee (1 tsp (for paratha)); Water (½ cup (for tea)),"Step 1: Gather Ingredients: Collect 1 tsp Kashmiri tea leaves (or green tea), 2 cups water, 1 cup milk, 1 tbsp sugar, ½ tsp cardamom powder, 1 tbsp chopped nuts (almonds, pistachios), 2 cups whole wheat flour, ¾ cup water (for dough), and 2 tbsp ghee. | Step 2: Boil Tea Base: In a pot, boil 2 cups water with 1 tsp Kashmiri tea leaves over medium heat for 10-15 minutes until the water reduces to half and turns reddish. | Step 3: Add Milk: Stir in 1 cup milk, 1 tbsp sugar, and ½ tsp cardamom powder, simmer for 5-7 minutes until the chai turns a pinkish hue and thickens slightly. | Step 4: Prepare Dough: Mix 2 cups whole wheat flour with ¾ cup water, knead into a soft dough, and rest for 15 minutes. | Step 5: Roll Paratha: Divide dough into 4-6 balls, roll each into a 6-7 inch circle. | Step 6: Cook Paratha: Heat a tawa, cook each paratha with ½ tbsp ghee per side for 1-2 minutes until crispy and golden. | Step 7: Serve Combo: Strain the Kashmiri chai into cups, top with 1 tbsp chopped nuts, and serve hot with crispy paratha.",https://res.cloudinary.com/duegxp0u0/image/upload/v1746813061/vfbih2iq8ses2jjroqer.jpg
68395ebfa1f9120d4641a490,Keto Chicken Salad,lunch,keto,weight_loss,290.0,33.0,3.0,20.0,1.0,290.0,75.0,20,1,Keto Chicken Salad Keto Chicken Salad Keto Chicken Salad Chicken breast Mayonnaise Celery Lettuce keto,"gluten_free,nut_free,egg_free,lactose_free,low_carb,low_sugar",Chicken breast (100g); Mayonnaise (1 tbsp); Celery (25g); Lettuce (2 leaves),"Step 1: Prep Chicken breast | Use 100g of chicken breast as the base. | Step 2: Prepare Mayonnaise | Chop or measure 1 tbsp of mayonnaise. | Step 3: Combine Ingredients | Mix the prepared ingredients in a bowl. | Step 4: Add Celery | Incorporate 25g of celery for flavor. | Step 5: Season | Add salt, pepper, or additional spices as needed. | Step 6: Set Aside | Chill or let the mixture rest for a few minutes if needed. | Step 7: Final Mix | Stir everything together to ensure even coating. | Step 8: Serve | Plate and enjoy your freshly prepared meal.",https://res.cloudinary.com/duegxp0u0/image/upload/v1745444886/pitpdw7vfnmlpgn9wl3d.jpg
68395ed6a1f9120d4641a580,Garlic Herb Radishes,snack,mediterranean,weight_loss,75.0,1.0,5.0,5.0,2.0,48.0,0.0,10,1,Garlic Herb Radishes Garlic Herb Radishes Garlic Herb Radishes Radishes Garlic Parsley Olive oil mediterranean,"gluten_free,nut_free,egg_free,lactose_free,low_sodium,low_carb,low_sugar,low_cholesterol,dairy_free",Radishes (120g); Garlic (3g); Parsley (5g); Olive oil (5ml),"Step 1: Wash Radishes | Rinse 120g radishes under cold water, scrubbing gently to remove dirt, and pat dry. |  | Step 2: Trim Radishes | Trim the tops and roots of the radishes, then slice thinly into rounds. |  | Step 3: Prep Garlic | Peel and mince 1 garlic clove (about 3g) finely. |  | Step 4: Prep Parsley | Wash 5g fresh parsley, pat dry, and finely chop the leaves. |  | Step 5: Mix Seasonings | In a small bowl, combine minced garlic, chopped parsley, and 5ml olive oil. |  | Step 6: Toss Radishes | Place radish slices in a bowl and add the garlic-parsley mixture, tossing to coat evenly. |  | Step 7: Let Rest | Let the radishes sit for 5 minutes to absorb flavors. |  | Step 8: Serve Fresh | Plate the radishes and serve immediately as a crunchy snack.",https://res.cloudinary.com/duegxp0u0/image/upload/v1748524315/gs3ljliekv6lfr0xifxw.jpg
68395ed6a1f9120d4641a55b,Herbed White Beans,breakfast,mediterranean,weight_loss,200.0,7.0,27.0,6.0,6.0,11.0,0.0,10,1,Herbed White Beans Herbed White Beans Herbed White Beans White beans Parsley Lemon juice Olive oil mediterranean,"gluten_free,nut_free,egg_free,lactose_free,low_sodium,low_sugar,low_cholesterol,dairy_free",White beans (100g); Parsley (10g); Lemon juice (15ml); Olive oil (5ml),"Step 1: Rinse Beans | Drain and rinse 100g cooked white beans (canned or pre-cooked) under cold water. |  | Step 2: Prep Parsley | Wash 10g parsley, remove stems, and finely chop the leaves. |  | Step 3: Juice Lemon | Squeeze half a lemon (about 15ml juice) into a small bowl, removing seeds. |  | Step 4: Measure Oil | Measure 5ml olive oil for mixing with the beans. |  | Step 5: Combine Ingredients | In a bowl, mix the white beans, chopped parsley, lemon juice, and olive oil. |  | Step 6: Season Mixture | Add a pinch of salt and pepper to taste, stirring gently to combine. |  | Step 7: Rest Flavors | Let the mixture sit for 2 minutes to meld the flavors. |  | Step 8: Serve Fresh | Transfer to a plate and serve as a light lunch dish, garnished with extra parsley if desired.",https://res.cloudinary.com/duegxp0u0/image/upload/v1748524315/ysuffzsx2lbwnmg3bdrx.jpg
68395eeaa1f9120d4641a625,Lentil-Stuffed Peppers with Light Spices,dinner,desi,weight_loss,150.0,6.0,20.0,4.0,6.0,300.0,0.0,45,4,Lentil-Stuffed Peppers with Light Spices Lentil-Stuffed Peppers with Light Spices Lentil-Stuffed Peppers with Light Spices Bell Peppers Lentils Onion Garlic Olive Oil Salt desi,"gluten_free,nut_free,egg_free,lactose_free,low_sodium,low_sugar,low_cholesterol,dairy_free","Bell Peppers (4 (400g, tops removed, seeded)); Lentils (1/2 cup (100g, dry, assumed yellow moong dal, cooked)); Onion (1 (100g, chopped)); Garlic (2 cloves (6g, minced)); Olive Oil (1 tbsp (14g)); Salt (To taste (assumed 1/2 tsp, 1.5g, not listed but implied))","Step 1: Cook the lentils: | Boil 1/2 cup of lentils in 3 cups of water until soft and fully cooked. Drain any excess water. | Step 2: Prepare the bell peppers: | Cut 4 bell peppers in half lengthwise and remove the seeds and membranes. | Step 3: Preheat the oven: | Preheat your oven to 350°F (175°C) while preparing the stuffing. | Step 4: Sauté aromatics: | In a pan, heat 1 tablespoon of olive oil. Sauté chopped onions, minced garlic, 1/2 teaspoon cumin, and 1/4 teaspoon turmeric until fragrant. | Step 5: Combine with lentils: | Add the cooked lentils to the sautéed mixture and stir well to combine. Adjust salt and pepper to taste. | Step 6: Stuff the peppers: | Fill each bell pepper half with the lentil mixture, pressing gently to pack it in. | Step 7: Bake the peppers: | Place the stuffed peppers in a baking dish and bake at 350°F (175°C) for 20–25 minutes until tender. | Step 8: Serve hot: | Remove from the oven and serve hot, optionally garnished with fresh herbs",https://res.cloudinary.com/duegxp0u0/image/upload/v1745169256/recipe_uploads/jcpry0a0veueq2iljhfy.jpg
68395ef0a1f9120d4641a707,Beef Haleem with Tandoori Roti,dinner,desi,weight_gain,573.0,20.0,40.0,15.0,5.0,1090.0,40.0,1,2,Beef Haleem with Tandoori Roti Beef Haleem with Tandoori Roti Beef Haleem with Tandoori Roti Boneless beef Chana dal Moong dal Masoor dal Broken wheat Onion Ghee Haleem masala Salt Tandoori roti Whole wheat flour Coriander leaves Green chilies Water Turmeric powder Red chili powder Garam masala desi,"nut_free,egg_free,low_sugar","Boneless beef (250g); Chana dal (½ cup); Moong dal (¼ cup); Masoor dal (¼ cup); Broken wheat (¼ cup); Onion (1 large, sliced); Ghee (3 tbsp); Haleem masala (1 tbsp); Salt (1 tsp); Tandoori roti (4 pieces); Whole wheat flour (1 cup); Coriander leaves (2 tbsp, chopped); Green chilies (1, sliced); Water (5 cups); Turmeric powder (¼ tsp); Red chili powder (½ tsp); Garam masala (¼ tsp)","Step 1: Gather the Ingredients: Collect ½ cup each of masoor, moong, and chana dal, ½ cup broken wheat, 4 tbsp ghee, 1 sliced onion, 250g beef (boneless), 1 tbsp ginger-garlic paste, 2 tbsp haleem masala, 1 tsp salt, 4 cups water, and tandoori roti for serving. | Step 2: Cook the Lentils and Wheat: In a pot, combine ½ cup each of masoor, moong, and chana dal with ½ cup broken wheat and 4 cups water, cooking for 45-60 minutes until soft and mushy. | Step 3: Heat the Ghee: In a separate large pot, melt 4 tbsp ghee over medium heat for 1-2 minutes until hot. | Step 4: Sauté the Onions: Add 1 sliced onion and sauté for 8-10 minutes, stirring occasionally, until deep brown. | Step 5: Cook the Beef: Stir in 250g beef and 1 tbsp ginger-garlic paste, cooking for 10 minutes until the beef browns and the aroma develops. | Step 6: Season the Mixture: Add 2 tbsp haleem masala and 1 tsp salt, mixing well, then pour in the cooked lentil-wheat mixture, stirring continuously to combine. | Step 7: Blend the Haleem: Use a hand blender to blend the mixture in the pot for 2-3 minutes until it becomes thick, smooth, and creamy, cooking for an additional 5 minutes on low heat. | Step 8: Serve with Tandoori Roti: Ladle the hot beef haleem into bowls, garnish with fried onions or coriander if desired, and serve with warm tandoori roti.",https://res.cloudinary.com/duegxp0u0/image/upload/v1746775920/lxlzbqih06ema7l6vr0o.jpg
68395ec7a1f9120d4641a4c7,Spinach Ricotta Pasta,dinner,vegetarian,weight_gain,550.0,28.0,65.0,25.0,5.0,650.0,40.0,30,2,Spinach Ricotta Pasta Spinach Ricotta Pasta Spinach Ricotta Pasta Pasta Ricotta Spinach Garlic Olive oil Salt Black pepper Parmesan vegetarian,"nut_free,egg_free,low_sugar",Pasta (200g); Ricotta (150g); Spinach (200g); Garlic (2 cloves); Olive oil (1 tbsp); Salt (1/2 tsp); Black pepper (1/2 tsp); Parmesan (1 tsp (optional)),"Step 1: Boil Water | Bring a large pot of water to a boil with a pinch of salt. | Step 2: Cook Pasta | Add 200g pasta (e.g., penne or fusilli) and cook for 8–10 minutes until al dente, then drain. | Step 3: Prepare Spinach | Wash 200g spinach and roughly chop if leaves are large. | Step 4: Mince Garlic | Peel and mince 2 garlic cloves finely. | Step 5: Sauté Garlic | Heat 1 tbsp olive oil in a large skillet over medium heat, add garlic, and sauté for 1 minute until fragrant. | Step 6: Cook Spinach | Add chopped spinach to the skillet and cook for 2–3 minutes until wilted. | Step 7: Combine Ingredients | Stir in 150g ricotta, 1/2 tsp salt, and 1/2 tsp black pepper, then add drained pasta, tossing to coat evenly. | Step 8: Serve | Cook for 1–2 more minutes to warm through, garnish with 1 tsp grated Parmesan if desired, and serve hot as a creamy dinner.",https://res.cloudinary.com/duegxp0u0/image/upload/v1748525341/swhah3o7xcniqjb9bulv.jpg
68395eeaa1f9120d4641a668,Whole Wheat Couscous with Lentil Gravy,lunch,desi,weight_loss,270.0,12.0,44.0,8.0,10.0,100.0,0.0,35,1,Whole Wheat Couscous with Lentil Gravy Whole Wheat Couscous with Lentil Gravy Whole Wheat Couscous with Lentil Gravy Whole Wheat Couscous Lentils Onion Tomato Olive Oil desi,"nut_free,egg_free,lactose_free,low_sodium,low_sugar,low_cholesterol,dairy_free","Whole Wheat Couscous (1/2 cup (80g, dry)); Lentils (1/2 cup (100g, dry, cooked)); Onion (1 (100g, chopped)); Tomato (1 (150g, chopped)); Olive Oil (1 tbsp (14g))","Step 1: Cook Couscous: | Cook 1/2 cup whole wheat couscous according to package instructions, fluffing it with a fork once done. | Step 2: Cook Lentils: | Cook 1/2 cup lentils in 3 cups water with 1/4 tsp turmeric and salt to taste until the lentils are tender. | Step 3: Prepare the Masala: | In a separate pan, sauté 1 onion, 1 tomato, and garlic in olive oil until the onion turns golden and the tomato softens. | Step 4: Add Lentils to Masala: | Mix the cooked lentils into the sautéed onion-tomato-garlic mixture, stirring well. | Step 5: Simmer the Lentil Gravy: | Let the lentil mixture simmer for 5-10 minutes to blend the flavors and thicken slightly. | Step 6: Adjust Consistency: | If the gravy is too thick, add a little water to reach the desired consistency. | Step 7: Taste and Adjust Seasoning: | Taste the lentil gravy and adjust the salt or spices as needed. | Step 8: Serve: | Serve the cooked couscous topped with the flavorful lentil gravy for a nutritious and hearty meal.",https://res.cloudinary.com/duegxp0u0/image/upload/v1745169083/recipe_uploads/ueuyt6ehzsgtkknqlmc7.jpg
68395eeaa1f9120d4641a666,Masoor Dal with Brown Rice & Pickled Onions,lunch,desi,weight_loss,230.0,12.0,42.0,1.0,8.0,100.0,0.0,40,1,Masoor Dal with Brown Rice & Pickled Onions Masoor Dal with Brown Rice & Pickled Onions Masoor Dal with Brown Rice & Pickled Onions Masoor Dal Brown Rice Onion Vinegar desi,"gluten_free,nut_free,egg_free,lactose_free,low_sodium,low_sugar,low_cholesterol,dairy_free","Masoor Dal (1/2 cup (100g, dry)); Brown Rice (1/2 cup (90g, dry)); Onion (1 small (70g, chopped)); Vinegar (1 tbsp (15ml))","Step 1: Cook Masoor Dal: | Cook 1/2 cup masoor dal with 2 cups water and 1/2 tsp turmeric in a pot until the dal is soft and tender. | Step 2: Cook Brown Rice: | In a separate pot, cook 1/2 cup brown rice with 1 cup water until the rice is fully cooked and tender. | Step 3: Prepare Pickled Onions: | Slice 1 small onion and marinate it with 1 tbsp vinegar, 1/4 tsp salt, and 1/4 tsp sugar for 15 minutes to pickle the onions. | Step 4: Adjust Consistency of Dal: | Check the dal and add more water if needed to reach your desired consistency. | Step 5: Taste and Adjust Seasoning: | Taste the dal and adjust salt or turmeric if needed to suit your flavor preferences. | Step 6: Fluff the Rice: | Once the rice is cooked, fluff it with a fork to separate the grains and ensure it's light and fluffy. | Step 7: Assemble the Dish: | Serve the dal in a bowl alongside the brown rice. | Step 8: Add Pickled Onions: | Serve the pickled onions on the side for an extra tangy and flavorful accompaniment.",https://res.cloudinary.com/duegxp0u0/image/upload/v1745169078/recipe_uploads/dwwtt6x0gqrrz5jmjmtg.jpg
68395eeaa1f9120d4641a688,"Cabbage & Chicken Stir Fry (Desi Flavored, Low Oil)",lunch,desi,weight_loss,260.0,32.0,12.0,8.0,4.0,400.0,85.0,25,3,"Cabbage & Chicken Stir Fry (Desi Flavored, Low Oil) Cabbage & Chicken Stir Fry (Desi Flavored, Low Oil) Cabbage & Chicken Stir Fry (Desi Flavored, Low Oil) Chicken Breast (cut) Onion (chopped) Green Chili (chopped) Cabbage (chopped) Turmeric Powder Cumin Powder Coriander Powder Salt Olive Oil desi","gluten_free,nut_free,egg_free,lactose_free,low_sodium,low_sugar","Chicken Breast (cut) (300g); Onion (chopped) (1 (100g)); Green Chili (chopped) (1 (5g)); Cabbage (chopped) (2 cups (200g)); Turmeric Powder (1/2 tsp (1g)); Cumin Powder (1 tsp (2g)); Coriander Powder (1 tsp (2g)); Salt (To taste (assumed 1 tsp, 3g)); Olive Oil (1 tsp (5g))","Step 1: Cut the chicken : | Cut 300g chicken breast into small bite-sized pieces and set aside. | Step 2: Heat the oil : | In a pan, heat 1 tsp olive oil over medium heat. | Step 3: Sauté the aromatics : | Add 1 chopped onion, 1 chopped green chili, and 1 tbsp ginger-garlic paste. Sauté until the onion is soft and translucent. | Step 4: Add the cabbage : | Add 2 cups of chopped cabbage to the pan and cook for 5-7 minutes until it begins to soften. | Step 5: Add the chicken : | Add the chicken pieces to the pan and stir to mix with the cabbage and aromatics. | Step 6: Add the spices : | Sprinkle in 1/2 tsp turmeric powder, 1 tsp cumin powder, 1 tsp coriander powder, and salt to taste. Mix well to coat the chicken and cabbage. | Step 7: Cook thoroughly : | Continue to stir fry for 10 minutes until the chicken is fully cooked and the cabbage is tender. | Step 8: Garnish and serve : | Garnish with fresh coriander and serve hot with roti.",https://res.cloudinary.com/duegxp0u0/image/upload/v1745169144/recipe_uploads/lac6nws3n5tqwcwk78jh.jpg
68395ecea1f9120d4641a542,Chicken & Spinach Stuffed Shells,dinner,non_vegetarian,weight_gain,540.0,52.0,45.0,25.0,5.0,650.0,120.0,50,3,Chicken & Spinach Stuffed Shells Chicken & Spinach Stuffed Shells Chicken & Spinach Stuffed Shells Chicken breast Jumbo shells Ricotta Spinach Olive oil Marinara sauce Garlic powder Salt Black pepper Parsley non_vegetarian,"nut_free,egg_free,low_sugar",Chicken breast (300g); Jumbo shells (12); Ricotta (100g); Spinach (100g); Olive oil (1 tsp); Marinara sauce (200g); Garlic powder (½ tsp); Salt (¼ tsp); Black pepper (¼ tsp); Parsley (1 tsp (optional)),"Step 1: Cook Pasta | Boil 12 jumbo pasta shells in salted water for 8–10 minutes until al dente, then drain and set aside to cool. | Step 2: Cook Chicken | Heat 1 tsp olive oil in a skillet over medium heat, add 300g diced chicken breast, and cook for 5–6 minutes until fully cooked, then shred. | Step 3: Prepare Spinach | Blanch 100g spinach in boiling water for 1 minute, drain, squeeze dry, and chop finely. | Step 4: Mix Filling | In a bowl, combine shredded chicken, chopped spinach, 100g ricotta, ¼ tsp salt, ¼ tsp black pepper, and ½ tsp garlic powder. | Step 5: Stuff Shells | Spoon ~2 tbsp of the chicken-spinach mixture into each cooled pasta shell, arranging them in a greased baking dish. | Step 6: Add Sauce | Pour 200g marinara sauce evenly over the stuffed shells, ensuring they’re well-coated. | Step 7: Bake Dish | Preheat oven to 180°C, cover dish with foil, and bake for 20–25 minutes until heated through. | Step 8: Serve | Sprinkle with 1 tsp chopped parsley, let rest for 5 minutes, and serve hot as a hearty dinner.",https://res.cloudinary.com/duegxp0u0/image/upload/v1748524633/vd6v8muiq9xc8bmhw1bs.jpg
68395eeaa1f9120d4641a6b0,"Chana Dal & Brown Rice Tikki (Baked, No Frying)",snack,desi,weight_loss,250.0,10.0,42.0,5.0,8.0,400.0,0.0,40,1,"Chana Dal & Brown Rice Tikki (Baked, No Frying) Chana Dal & Brown Rice Tikki (Baked, No Frying) Chana Dal & Brown Rice Tikki (Baked, No Frying) Chana Dal Brown Rice Cumin Powder Chili Powder Salt Oil Water Fresh Coriander desi","gluten_free,nut_free,egg_free,lactose_free,low_sodium,low_sugar,dairy_free","Chana Dal (1/2 cup (100g, dry)); Brown Rice (1/2 cup (100g, dry)); Cumin Powder (1/2 tsp (1g)); Chili Powder (1/4 tsp (0.5g)); Salt (To taste (assumed 1 tsp, 3g)); Oil (As needed (assumed 1 tsp, 5g, for cooking, not listed but implied)); Water (As needed (assumed 3 cups, 720ml, for cooking)); Fresh Coriander (For garnish (assumed 1 tbsp, 3g, chopped, not listed but implied))","Step 1: Soak Chana Dal : | Soak 1/2 cup chana dal overnight and cook until soft. | Step 2: Cook Brown Rice : | Cook 1/2 cup brown rice until tender. | Step 3: Mix Dal and Rice : | Mix the cooked dal and rice with 1/2 tsp cumin powder, 1/4 tsp chili powder, and salt. Shape into patties. | Step 4: Preheat the Oven : | Preheat the oven to 180°C (350°F). | Step 5: Bake the Patties : | Bake the patties for 20-25 minutes, or until golden and crispy. | Step 6: Check for Crispiness : | Ensure the patties are crisp on the outside while being tender inside. | Step 7: Serve with Chutney or Yogurt : | Serve the baked patties hot with green chutney or yogurt. | Step 8: Enjoy : | Enjoy your healthy and flavorful chana dal rice patties!",https://res.cloudinary.com/duegxp0u0/image/upload/v1745169442/recipe_uploads/ay1bfur3drqmv8w1lzoz.jpg
68395eeaa1f9120d4641a66a,Rajma & Barley Pilaf with Lemon Juice,lunch,desi,weight_loss,220.0,10.0,40.0,2.0,10.0,100.0,0.0,45,1,Rajma & Barley Pilaf with Lemon Juice Rajma & Barley Pilaf with Lemon Juice Rajma & Barley Pilaf with Lemon Juice Rajma (Kidney Beans) Barley Onion Tomato Lemon Juice desi,"gluten_free,nut_free,egg_free,lactose_free,low_sodium,low_sugar,low_cholesterol,dairy_free","Rajma (Kidney Beans) (1/2 cup (80g, cooked or canned, drained)); Barley (1/2 cup (90g, dry, cooked)); Onion (1 (100g, chopped)); Tomato (1 (150g, chopped)); Lemon Juice (1 tbsp (15ml))","Step 1: Cook Rajma and Barley: | Cook 1/2 cup rajma (kidney beans) and 1/2 cup barley separately until both are tender. | Step 2: Prepare the Masala: | Sauté 1 onion, 1 tomato, 1/2 tsp cumin seeds, and 1/2 tsp turmeric in olive oil until the onions become golden and the tomatoes soften. | Step 3: Add Cooked Rajma and Barley: | Add the cooked rajma and barley to the masala, mixing well to combine. | Step 4: Simmer: | Let the mixture simmer for 10 minutes, allowing the flavors to blend. | Step 5: Adjust Consistency: | If the mixture is too thick, add a little water to reach the desired consistency. | Step 6: Taste and Adjust Seasoning: | Taste the dish and adjust the salt or spices to your preference. | Step 7: Garnish (Optional): | Optionally, garnish with fresh coriander leaves for added flavor and color. | Step 8: Serve with Lemon Juice: | Squeeze fresh lemon juice over the dish just before serving for a tangy finish.",https://res.cloudinary.com/duegxp0u0/image/upload/v1745169085/recipe_uploads/qyaifes7ehu2ehpybo4h.jpg
68395eeaa1f9120d4641a5fa,Daal Masoor Toast,breakfast,desi,weight_loss,180.0,8.0,28.0,4.0,6.0,300.0,0.0,25,1,Daal Masoor Toast Daal Masoor Toast Daal Masoor Toast Red Lentils Whole Wheat Bread Green Chili Ginger Cumin Salt Olive Oil desi,"nut_free,egg_free,lactose_free,low_sodium,low_sugar,low_cholesterol,dairy_free","Red Lentils (¼ cup (50g, dry)); Whole Wheat Bread (2 slices (60g)); Green Chili (1 (5g, chopped)); Ginger (½ inch (5g, grated)); Cumin (¼ tsp (0.5g)); Salt (to taste (0.5g, pinch)); Olive Oil (1 tsp (5g))","Step 1: Soak Lentils: | Soak red lentils in water for 2 hours. | Step 2: Blend Ingredients: | Blend the soaked lentils with green chili, ginger, salt, and cumin until smooth. | Step 3: Prepare Toast: | Spread the lentil mixture evenly on slices of whole grain toast. | Step 4: Heat Oil: | Heat oil in a pan over medium heat. | Step 5: Shallow Fry: | Place the toast with lentil spread side down in the pan and shallow fry until crispy. | Step 6: Flip the Toast: | Flip the toast and cook the other side until golden and crispy. | Step 7: Remove from Pan: | Take the toast out of the pan once both sides are crispy. | Step 8: Serve: | Serve the crispy lentil-topped toast hot and enjoy.",https://res.cloudinary.com/duegxp0u0/image/upload/v1745168988/recipe_uploads/jeeh6fw1u6bsfc2qeulb.jpg
68395ed6a1f9120d4641a571,Herbed Cauliflower Rice,snack,mediterranean,weight_loss,110.0,4.0,11.0,7.0,5.0,65.0,0.0,15,2,Herbed Cauliflower Rice Herbed Cauliflower Rice Herbed Cauliflower Rice Cauliflower Mixed herbs Olive oil mediterranean,"gluten_free,nut_free,egg_free,lactose_free,low_sodium,low_carb,low_sugar,low_cholesterol,dairy_free",Cauliflower (200g); Mixed herbs (10g); Olive oil (7ml),"Step 1: Wash Cauliflower | Rinse 200g cauliflower under cold water to remove any dirt. |  | Step 2: Trim Cauliflower | Remove leaves and cut cauliflower into small florets. |  | Step 3: Pulse Cauliflower | Place florets in a food processor and pulse until rice-like granules form. |  | Step 4: Prep Herbs | Wash 10g mixed herbs (e.g., parsley, cilantro), pat dry, and finely chop. |  | Step 5: Heat Pan | Place a skillet over medium heat and let it warm up. |  | Step 6: Add Oil | Pour 7ml olive oil into the skillet and swirl to coat. |  | Step 7: Sauté Cauliflower | Add cauliflower rice and herbs, sauté for 5-7 minutes until tender, stirring occasionally. |  | Step 8: Serve Warm | Transfer to a plate, season with a pinch of salt if desired, and serve warm as a snack.",https://res.cloudinary.com/duegxp0u0/image/upload/v1748524315/rxwflw86berpw8oazxkn.jpg
68395eeaa1f9120d4641a604,Methi Oats Khichdi,breakfast,desi,weight_loss,150.0,5.0,18.0,6.0,4.0,160.0,0.0,25,1,Methi Oats Khichdi Methi Oats Khichdi Methi Oats Khichdi Oats Moong Dal Methi (Fenugreek) Cumin Asafoetida Turmeric Salt Olive Oil desi,"nut_free,egg_free,lactose_free,low_sodium,low_sugar,low_cholesterol,dairy_free","Oats (¼ cup (20g)); Moong Dal (1 tbsp (12g, dry)); Methi (Fenugreek) (½ cup (30g, chopped)); Cumin (¼ tsp (0.5g)); Asafoetida (pinch (0.2g)); Turmeric (pinch (0.2g)); Salt (to taste (0.5g, pinch)); Olive Oil (1 tsp (5g))","Step 1: Rinse Oats and Moong Dal: | Rinse ¼ cup oats and 1 tbsp moong dal under water. | Step 2: Boil Oats and Dal: | Boil the oats and moong dal in 1 cup water until soft. | Step 3: Heat Olive Oil: | Heat 1 tsp olive oil in a pan over medium heat. | Step 4: Add Spices: | Add cumin seeds and a pinch of asafoetida to the oil and let them sizzle. | Step 5: Sauté Methi Leaves: | Add chopped methi leaves to the pan and sauté for 3 minutes until they soften. | Step 6: Add Oats-Dal Mixture: | Add the boiled oats and dal mixture to the pan, along with salt and turmeric. | Step 7: Cook Together: | Cook everything for 4–5 minutes, stirring occasionally to combine the flavors. | Step 8: Serve: | Serve hot, garnished with fresh coriander.",https://res.cloudinary.com/duegxp0u0/image/upload/v1745169002/recipe_uploads/acdqoie0wc7xqipyim1s.jpg
68395ebfa1f9120d4641a458,Greek Yogurt & Nuts,snack,keto,weight_loss,290.0,18.0,8.0,22.0,2.0,60.0,20.0,5,1,Greek Yogurt & Nuts Greek Yogurt & Nuts Greek Yogurt & Nuts Greek yogurt (full-fat) Walnuts Cinnamon keto,"gluten_free,egg_free,low_carb,low_sugar",Greek yogurt (full-fat) (150g); Walnuts (30g); Cinnamon (½ tsp),Step 1: Prepare Yogurt | Spoon 150g full-fat Greek yogurt into a bowl. | Step 2: Chop Nuts | Roughly chop 30g walnuts into small pieces. | Step 3: Add Nuts | Sprinkle walnuts over yogurt evenly. | Step 4: Season Yogurt | Dust with ½ tsp cinnamon for flavor. | Step 5: Mix Gently | Stir lightly to combine nuts and cinnamon with yogurt. | Step 6: Check Consistency | Ensure yogurt remains thick and creamy. | Step 7: Garnish | Add a pinch of extra cinnamon for presentation. | Step 8: Serve | Serve immediately as a quick snack.,https://res.cloudinary.com/duegxp0u0/image/upload/v1748524023/v8pcrs1r9erwp8x349sc.jpg
68395eeaa1f9120d4641a6b5,Roasted Chana (Spiced Roasted Chickpeas),snack,desi,weight_loss,1140.0,6.0,16.0,6.0,5.0,300.0,0.0,35,2,Roasted Chana (Spiced Roasted Chickpeas) Roasted Chana (Spiced Roasted Chickpeas) Roasted Chana (Spiced Roasted Chickpeas) Chickpeas Olive Oil Cumin Powder Paprika Black Pepper Salt desi,"gluten_free,nut_free,egg_free,lactose_free,low_sodium,low_sugar,dairy_free","Chickpeas (1 cup (200g, cooked or canned, drained)); Olive Oil (1 tbsp (14g)); Cumin Powder (1 tsp (2g)); Paprika (1 tsp (2g)); Black Pepper (1/4 tsp (0.5g)); Salt (To taste (assumed 1/2 tsp, 1.5g, not listed but implied))","Step 1: Prepare the Chickpeas : | Drain and rinse the chickpeas thoroughly under cold water. Pat them dry using a paper towel to remove as much moisture as possible. | Step 2: Preheat the Oven : | Set your oven to preheat at 200°C (about 400°F) while you prepare the chickpeas. | Step 3: Season the Chickpeas : | Place the dry chickpeas in a large mixing bowl. Add olive oil, salt, cumin powder, paprika, and a pinch of black pepper. | Step 4: Toss Evenly : | Toss the chickpeas in the bowl until they are evenly coated with the oil and spices. | Step 5: Prepare Baking Sheet : | Line a baking sheet with parchment paper or lightly grease it to prevent sticking. | Step 6: Spread Chickpeas : | Spread the seasoned chickpeas in a single layer on the prepared baking sheet to ensure even roasting. | Step 7: Roast in Oven : | Place the baking sheet in the preheated oven and roast for 25–30 minutes. Shake the tray or stir the chickpeas halfway through to promote even browning. | Step 8: Cool and Serve : | Remove the chickpeas from the oven once crispy and golden brown. Allow them to cool slightly before serving as a healthy snack or topping.",https://res.cloudinary.com/duegxp0u0/image/upload/v1745169456/recipe_uploads/pjemo6l92csx1ifgnlrc.jpg
68395eeaa1f9120d4641a673,Low-Oil Chicken Kofta Handi (Yogurt-Based Curry),lunch,desi,weight_loss,280.0,26.0,14.0,12.0,3.0,150.0,75.0,40,2,"Low-Oil Chicken Kofta Handi (Yogurt-Based Curry) Low-Oil Chicken Kofta Handi (Yogurt-Based Curry) Low-Oil Chicken Kofta Handi (Yogurt-Based Curry) Ground Chicken Yogurt Onion Tomato Garlic Ginger Spices: Turmeric, Garam Masala, Chili desi","gluten_free,nut_free,egg_free,low_sodium,low_sugar","Ground Chicken (200g); Yogurt (1/2 cup (120g)); Onion (1 medium (100g, chopped)); Tomato (1 medium (150g, chopped)); Garlic (1 tbsp (9g, minced)); Ginger (1 tbsp (6g, grated)); Spices: Turmeric, Garam Masala, Chili (1 tsp each (6g total))","Step 1: Prepare Kofta Mixture : | Mix ground chicken with ginger-garlic paste, chopped onions, coriander, cumin powder, and salt. Form into small balls. | Step 2: Prepare Curry Base : | In a pan, heat oil and sauté onions until golden. Add tomatoes, yogurt, and spices (turmeric, garam masala, chili). | Step 3: Cook Curry Base : | Cook the curry base for 5-7 minutes, allowing the oil to separate from the mixture. | Step 4: Add Water : | Add water to the curry base to create a gravy-like consistency. Stir to combine. | Step 5: Add Koftas : | Gently add the prepared koftas into the simmering curry base. | Step 6: Simmer Koftas : | Cover and simmer the koftas in the curry for 25 minutes, stirring occasionally. | Step 7: Check for Doneness : | Check that the koftas are cooked through and tender. | Step 8: Serve : | Once done, serve the koftas in curry hot with rice or naan.",https://res.cloudinary.com/duegxp0u0/image/upload/v1745169096/recipe_uploads/fqngukwm1wr3xbjqu4rh.jpg
68395ecea1f9120d4641a4f2,Lamb Meatballs with Couscous,lunch,non_vegetarian,weight_gain,520.0,38.0,50.0,25.0,4.0,550.0,115.0,40,3,Lamb Meatballs with Couscous Lamb Meatballs with Couscous Lamb Meatballs with Couscous Lamb Couscous Parsley Egg Olive oil Cumin Garlic powder Salt Lemon juice Yogurt non_vegetarian,"nut_free,low_sugar",Lamb (300g); Couscous (150g); Parsley (10g); Egg (1); Olive oil (2 tsp); Cumin (1 tsp); Garlic powder (1/2 tsp); Salt (1/2 tsp); Lemon juice (1 tsp); Yogurt (1 tsp (optional sauce)),"Step 1: Preheat Oven | Preheat the oven to 200°C and line a baking sheet with parchment paper. | Step 2: Prepare Meatball Mixture | In a bowl, combine 300g ground lamb, 1 egg, 10g finely chopped parsley, 1 tsp cumin, 1/2 tsp garlic powder, and 1/4 tsp salt. | Step 3: Form Meatballs | Shape the mixture into 12 equal meatballs, about 1-inch in diameter, and place on the baking sheet. | Step 4: Bake Meatballs | Drizzle meatballs with 1 tsp olive oil and bake for 15–20 minutes until cooked through (internal temp 160°F/71°C). | Step 5: Prepare Couscous | Boil 200ml water with 1/4 tsp salt, add 150g couscous, cover, remove from heat, and let sit for 5 minutes. | Step 6: Fluff Couscous | Fluff couscous with a fork, mix in 1 tsp olive oil and 1 tsp lemon juice for flavor. | Step 7: Assemble Dish | Place a portion of couscous on each plate and top with 3–4 meatballs. | Step 8: Serve | Garnish with 1 tsp chopped parsley if desired, drizzle with a touch of yogurt sauce (optional), and serve warm as a hearty dinner.",https://res.cloudinary.com/duegxp0u0/image/upload/v1748524702/zcpxknz7tra7g5hx1gra.jpg
68395eeaa1f9120d4641a631,Dry-Fried Beef Strips with Ginger & Garlic,dinner,desi,weight_loss,220.0,24.0,4.0,12.0,0.0,600.0,70.0,20,2,Dry-Fried Beef Strips with Ginger & Garlic Dry-Fried Beef Strips with Ginger & Garlic Dry-Fried Beef Strips with Ginger & Garlic Lean Beef Ginger Garlic Soy Sauce Black Pepper Salt Oil desi,"nut_free,egg_free,lactose_free,low_sugar,low_carb","Lean Beef (200g (thinly sliced)); Ginger (1 tbsp (10g, grated)); Garlic (1 tbsp (15g, minced)); Soy Sauce (1 tbsp (15ml)); Black Pepper (1 tsp (2g)); Salt (To taste (assumed 1/4 tsp, 0.75g, not listed but implied, adjusted for soy sauce)); Oil (As needed (assumed 1 tsp, 5g, for cooking, not listed but implied))","Step 1: Slice the beef: | Slice lean beef into thin strips. | Step 2: Cook the beef: | Dry fry the beef strips in a non-stick pan for 5-6 minutes until cooked and browned. | Step 3: Add ginger and garlic: | Add minced ginger and garlic to the pan and cook for 2 minutes. | Step 4: Season the beef: | Season the beef with soy sauce and pepper to taste. | Step 5: Stir and cook: | Stir the beef well to coat evenly with the seasonings. | Step 6: Taste the beef: | Taste the beef and adjust seasoning, adding more soy sauce or pepper if needed. | Step 7: Simmer briefly: | Let the beef simmer for a minute or two to allow the flavors to combine. | Step 8: Serve: | Serve the beef hot with steamed rice or stir-fried vegetables.",https://res.cloudinary.com/duegxp0u0/image/upload/v1745169316/recipe_uploads/dbjr2dciplgvogajsmj6.jpg
68395eeaa1f9120d4641a684,Whole Green Gram Dal (Sabut Moong Dal Tadka),lunch,desi,weight_loss,230.0,12.0,36.0,4.0,10.0,200.0,2.0,35,2,Whole Green Gram Dal (Sabut Moong Dal Tadka) Whole Green Gram Dal (Sabut Moong Dal Tadka) Whole Green Gram Dal (Sabut Moong Dal Tadka) Whole Green Gram (Sabut Moong Dal) Onion Tomatoes Carrots Bell Peppers Green Chili Dried Red Chili Curry Leaves Turmeric Powder Coriander Powder Cumin Powder Red Chili Powder Asafoetida Cumin Seeds Oil Ghee Lemon Juice Salt Fresh Coriander Leaves desi,"gluten_free,nut_free,egg_free,low_sodium,low_sugar,low_cholesterol","Whole Green Gram (Sabut Moong Dal) (1 cup (200g, dry)); Onion (1/2 cup (60g, chopped)); Tomatoes (1/2 cup (90g, chopped)); Carrots (1/4 cup (30g, chopped)); Bell Peppers (1/4 cup (30g, chopped)); Green Chili (1 (5g, chopped)); Dried Red Chili (1 (2g)); Curry Leaves (few (assumed 5, 2g)); Turmeric Powder (1/2 tsp (1g)); Coriander Powder (1/2 tsp (1g)); Cumin Powder (1/4 tsp (0.5g)); Red Chili Powder (1/4 tsp (0.5g)); Asafoetida (a pinch (0.2g)); Cumin Seeds (1/2 tsp (1g)); Oil (1 tsp (5g)); Ghee (1/2 tsp (2.5g)); Lemon Juice (1 tsp (5ml)); Salt (to taste (1g, pinch)); Fresh Coriander Leaves (for garnish (assumed 1 tbsp, 3g))","Step 1: Soak and Cook the Dal : | Wash 1 cup whole green gram (sabut moong dal) and soak it in water for 2-3 hours. Drain, rinse again, and add it to a pressure cooker with 3 cups water, 1/2 tsp turmeric powder, and a pinch of salt. Pressure cook for 2-3 whistles, then cook on low heat for 5 minutes. Let the pressure release naturally. | Step 2: Sauté Onions and Tomatoes : | In a separate pan, heat 1 tsp oil and add 1/2 cup finely chopped onions. Sauté until golden brown, then add 1 tsp ginger-garlic paste and cook for a minute. Add 1/2 cup finely chopped tomatoes and cook until soft and mushy. | Step 3: Add Vegetables : | Add 1/4 cup finely chopped carrots and 1/4 cup finely chopped bell peppers. Sauté the vegetables for 3-4 minutes until they begin to soften. | Step 4: Add Spices : | Add 1/2 tsp coriander powder, 1/4 tsp cumin powder, 1/4 tsp red chili powder, and a pinch of asafoetida. Mix and sauté for 1-2 minutes until the spices are aromatic. | Step 5: Combine Dal and Vegetables : | Add the cooked dal to the spiced vegetable mixture and stir to combine. Simmer on low heat for 5-7 minutes, stirring occasionally. Adjust consistency by adding hot water if needed. | Step 6: Prepare the Tadka : | In a small pan, heat 1/2 tsp ghee and add 1/2 tsp cumin seeds. When they splutter, add 1 dried red chili, 1 chopped green chili, and a few curry leaves. Sauté for 30 seconds until aromatic. | Step 7: Add Tadka to Dal : | Pour the prepared tadka over the simmering dal and stir gently to mix the flavors. | Step 8: Serve the Dal : | Garnish with freshly chopped coriander and a squeeze of lemon juice. Serve hot with a small portion of brown rice or millet roti.",https://res.cloudinary.com/duegxp0u0/image/upload/v1745169134/recipe_uploads/wtyvmpa0ljlqhzvndzvt.jpg
68395eeaa1f9120d4641a5ff,Dahi Pudina Roti Wrap,breakfast,desi,weight_loss,120.0,5.0,20.0,2.0,4.0,350.0,3.0,10,1,Dahi Pudina Roti Wrap Dahi Pudina Roti Wrap Dahi Pudina Roti Wrap Fresh Mint Leaves (chopped) Salt Black Pepper Whole Wheat Roti Fresh Lettuce (chopped) Shredded Carrots Cucumber (sliced) desi,"nut_free,egg_free,low_sodium,low_sugar,low_cholesterol","Fresh Mint Leaves (chopped) (1 tablespoon (3g)); Salt (1/4 teaspoon (1.5g)); Black Pepper (1/4 teaspoon (0.5g)); Whole Wheat Roti (1 piece (30g, ~1 small roti)); Fresh Lettuce (chopped) (1/4 cup (15g)); Shredded Carrots (1/4 cup (30g)); Cucumber (sliced) (1/4 cup (30g))","Step 1: Prepare Yogurt Sauce: | Mix mint, salt, and black pepper into low-fats yogurt to make a smooth sauce. | Step 2: Prepare Roti: | Take a whole wheat roti and spread the yogurt sauce evenly on top. | Step 3: Add Vegetables: | Top the yogurt-covered roti with fresh lettuce, shredded carrots, and sliced cucumbers. | Step 4: Roll the Roti: | Carefully roll the roti with the fillings inside, making sure it is tightly wrapped. | Step 5: Chill: | Place the rolled roti in the refrigerator to chill for a few minutes. | Step 6: Serve: | Cut the roll into halves and serve chilled. Enjoy your fresh and healthy wrap.",https://res.cloudinary.com/duegxp0u0/image/upload/v1745168993/recipe_uploads/ctjkj0xrfwvjexfpybxz.jpg
68395ec7a1f9120d4641a4a8,Cheese Stuffed Shells,lunch,vegetarian,weight_gain,580.0,32.0,50.0,35.0,5.0,900.0,80.0,45,2,Cheese Stuffed Shells Cheese Stuffed Shells Cheese Stuffed Shells Pasta shells Ricotta Spinach Marinara sauce Salt Black pepper Parsley vegetarian,"nut_free,egg_free,low_sugar",Pasta shells (15); Ricotta (200g); Spinach (100g); Marinara sauce (200ml); Salt (1 pinch); Black pepper (1/2 tsp); Parsley (1 tsp (optional)),"Step 1: Boil Pasta Shells | Bring a large pot of salted water to a boil and cook 15 pasta shells for 8–10 minutes until al dente, then drain. | Step 2: Prepare Spinach | Wash 100g spinach, chop finely, and blanch in boiling water for 1 minute, then drain and squeeze dry. | Step 3: Mix Filling | In a bowl, combine 200g ricotta cheese, the chopped spinach, 1 pinch of salt, and 1/2 tsp black pepper. | Step 4: Preheat Oven | Preheat the oven to 180°C. | Step 5: Stuff Shells | Spoon the ricotta-spinach mixture evenly into the 15 cooked pasta shells. | Step 6: Prepare Baking Dish | Spread 100ml marinara sauce over the bottom of a baking dish. | Step 7: Assemble and Bake | Place the stuffed shells in the dish, pour another 100ml marinara sauce over them, and bake for 20 minutes until bubbly. | Step 8: Serve | Let the dish cool slightly, garnish with 1 tsp chopped parsley if desired, and serve warm.",https://res.cloudinary.com/duegxp0u0/image/upload/v1748524887/ae3irywi5epwf2eunfui.jpg
68395ed6a1f9120d4641a566,Anchovy Olive Bread,dinner,mediterranean,weight_gain,610.0,31.0,118.0,33.0,7.0,2256.0,25.0,45,1,Anchovy Olive Bread Anchovy Olive Bread Anchovy Olive Bread Anchovies Olives Flour Yeast Olive oil mediterranean,"nut_free,egg_free,lactose_free,low_sugar,low_cholesterol,dairy_free",Anchovies (50g); Olives (50g); Flour (150g); Yeast (5g); Olive oil (20ml),"Step 1: Activate Yeast | Dissolve 5g yeast in 120ml warm water and let sit for 5 minutes until foamy. |  | Step 2: Prep Anchovies | Rinse 50g anchovies (canned) to reduce saltiness and finely chop. |  | Step 3: Prep Olives | Pit and chop 50g olives into small pieces. |  | Step 4: Mix Dough | Combine 150g flour and a pinch of salt in a large mixing bowl. |  | Step 5: Knead Dough | Add yeast mixture and 20ml olive oil, knead for 8 minutes, then mix in anchovies and olives. |  | Step 6: Let Dough Rise | Cover the dough and let it rise in a warm place for 25 minutes. |  | Step 7: Shape and Bake | Shape dough into a small loaf, place on a baking sheet, and bake at 200°C for 35 minutes. |  | Step 8: Cool and Serve | Let the bread cool for 10 minutes, then slice and serve as a snack.",https://res.cloudinary.com/duegxp0u0/image/upload/v1748524192/axpsl5dt4pub2m30ipba.jpg
68395ed6a1f9120d4641a56d,Lemon Herb Mushrooms,dinner,mediterranean,weight_loss,120.0,5.0,7.0,9.0,3.0,10.0,0.0,15,1,Lemon Herb Mushrooms Lemon Herb Mushrooms Lemon Herb Mushrooms Mushrooms Lemon juice Thyme Olive oil mediterranean,"gluten_free,nut_free,egg_free,lactose_free,low_sodium,low_carb,low_sugar,low_cholesterol,dairy_free",Mushrooms (150g); Lemon juice (15ml); Thyme (5g); Olive oil (9ml),"Step 1: Clean Mushrooms | Wipe 150g mushrooms (e.g., cremini or button) with a damp cloth to remove dirt. |  | Step 2: Slice Mushrooms | Thinly slice the mushrooms to ensure even cooking. |  | Step 3: Prep Lemon | Cut half a lemon (about 30g) and squeeze 15ml juice into a small bowl, removing seeds. |  | Step 4: Prep Thyme | Wash 5g fresh thyme, strip leaves from stems, and roughly chop. |  | Step 5: Heat Pan | Place a skillet over medium heat and let it warm up. |  | Step 6: Add Oil | Pour 9ml olive oil into the skillet and swirl to coat. |  | Step 7: Sauté Mushrooms | Add mushrooms and thyme, sauté for 5 minutes, then add lemon juice and cook for 1 more minute. |  | Step 8: Serve Warm | Transfer to a plate, season with a pinch of salt if desired, and serve warm as a snack.",https://res.cloudinary.com/duegxp0u0/image/upload/v1748524394/liwegpkn9pvprzhpvhzb.jpg
68395eeaa1f9120d4641a6bf,"Air-Fried Sabudana Tikki (Tapioca Cutlets, No Oil)",snack,desi,weight_loss,80.0,1.0,18.0,0.0,1.0,200.0,0.0,20,1,"Air-Fried Sabudana Tikki (Tapioca Cutlets, No Oil) Air-Fried Sabudana Tikki (Tapioca Cutlets, No Oil) Air-Fried Sabudana Tikki (Tapioca Cutlets, No Oil) Sabudana Potatoes Cumin Powder Salt Fresh Coriander desi","gluten_free,nut_free,egg_free,lactose_free,low_sodium,low_sugar,low_fat,dairy_free","Sabudana (1/4 cup (40g, soaked)); Potatoes (1 medium (150g, boiled and mashed)); Cumin Powder (1/2 tsp (1g)); Salt (To taste (assumed 1/2 tsp, 1.5g, not listed but implied)); Fresh Coriander (For garnish (assumed 1 tbsp, 3g, chopped, not listed but implied))","Step 1: Soak the Sabudana : | Soak sabudana (tapioca pearls) in water overnight to allow them to soften and expand. | Step 2: Prepare the Mixture : | Drain the soaked sabudana and mix it with mashed potatoes, chopped coriander, cumin powder, and salt. Stir well until the mixture is well-combined. | Step 3: Form the Patties : | Take small portions of the mixture and form them into small, round patties using your hands. | Step 4: Preheat the Air Fryer : | Preheat your air fryer to 375°F (190°C) for a few minutes to ensure it’s ready for cooking. | Step 5: Arrange the Patties : | Place the formed patties in the air fryer basket, ensuring they are spaced evenly to allow air circulation for even cooking. | Step 6: Air Fry the Patties : | Air fry the patties at 375°F (190°C) for 10 minutes or until they turn crispy and golden brown, flipping halfway through for even crisping. | Step 7: Check for Crispiness : | After 10 minutes, check the patties to ensure they are crisp and golden on both sides. | Step 8: Serve and Enjoy : | Remove the patties from the air fryer and serve them hot as a healthy, crispy snack or appetizer.",https://res.cloudinary.com/duegxp0u0/image/upload/v1745169482/recipe_uploads/gpevy8p8oxnfzm4ckyyt.jpg
68395ebfa1f9120d4641a465,Butter-Infused Coffee,breakfast,keto,weight_loss,230.0,0.0,1.0,26.0,0.0,80.0,30.0,5,1,Butter-Infused Coffee Butter-Infused Coffee Butter-Infused Coffee Coffee Butter MCT oil Cinnamon Cocoa powder keto,"gluten_free,nut_free,egg_free,low_carb,low_sugar",Coffee (250ml); Butter (1 tbsp); MCT oil (1 tbsp); Cinnamon (pinch (optional)); Cocoa powder (pinch (optional)),"Step 1: Brew Coffee | Prepare 250ml hot black coffee. | Step 2: Add Fats | Pour coffee into a blender, add 1 tbsp butter and 1 tbsp MCT oil. | Step 3: Blend Mixture | Blend on high for 30 seconds until frothy. | Step 4: Check Texture | Ensure coffee is creamy and well-mixed. | Step 5: Season (Optional) | Add a pinch of cinnamon for flavor, if desired. | Step 6: Pour Drink | Pour into a mug. | Step 7: Garnish | Dust with a pinch of cocoa powder for aroma. | Step 8: Serve | Serve hot as a quick breakfast.",https://res.cloudinary.com/duegxp0u0/image/upload/v1745444785/xxfbennq4wmksnja0aps.jpg
68395ecea1f9120d4641a4ef,Chicken Shawarma Wrap,lunch,non_vegetarian,weight_loss,450.0,40.0,35.0,20.0,4.0,550.0,95.0,25,2,Chicken Shawarma Wrap Chicken Shawarma Wrap Chicken Shawarma Wrap Chicken thigh Yogurt Tortilla Olive oil Cucumber Tomato Lemon juice Cumin Paprika Garlic powder Salt Parsley non_vegetarian,"nut_free,egg_free,low_sugar",Chicken thigh (200g); Yogurt (50g); Tortilla (1); Olive oil (1 tsp); Cucumber (50g); Tomato (50g); Lemon juice (1 tsp); Cumin (1 tsp); Paprika (1/2 tsp); Garlic powder (1/2 tsp); Salt (1/4 tsp); Parsley (1 tsp (optional)),"Step 1: Prepare Marinade | In a bowl, mix 50g plain yogurt, 1 tsp lemon juice, 1 tsp cumin, 1/2 tsp paprika, 1/2 tsp garlic powder, and 1/4 tsp salt. | Step 2: Marinate Chicken | Slice 200g chicken thigh into thin strips, coat with marinade, and let sit for 10 minutes. | Step 3: Prepare Veggies | Thinly slice 50g cucumber and 50g tomato for the wrap filling. | Step 4: Heat Grill Pan | Heat 1 tsp olive oil in a grill pan or skillet over medium-high heat. | Step 5: Grill Chicken | Add marinated chicken strips to the pan, grill for 5–7 minutes, turning occasionally, until cooked through (internal temp 165°F/74°C). | Step 6: Warm Tortilla | Heat 1 whole-grain tortilla in a dry skillet or microwave for 10–15 seconds to make it pliable. | Step 7: Assemble Wrap | Place grilled chicken, cucumber, and tomato in the center of the tortilla, add 1 tbsp yogurt as a sauce if desired, and roll tightly. | Step 8: Serve | Cut the wrap in half if preferred, garnish with 1 tsp chopped parsley, and serve immediately as a flavorful lunch.",https://res.cloudinary.com/duegxp0u0/image/upload/v1748524630/tgj06xwrux98bciwa9pq.jpg
68395eeaa1f9120d4641a68e,Oats & Chicken Porridge (Desi Spiced),breakfast,desi,weight_loss,320.0,24.0,22.0,14.0,4.0,400.0,65.0,30,2,Oats & Chicken Porridge (Desi Spiced) Oats & Chicken Porridge (Desi Spiced) Oats & Chicken Porridge (Desi Spiced) Boneless Chicken (cubed) Oats Onion (chopped) Red Chili Powder Cumin Powder Garam Masala Fresh Coriander (for garnish) Salt Oil desi,"nut_free,egg_free,lactose_free,low_sodium,low_sugar","Boneless Chicken (cubed) (200g); Oats (1/2 cup (40g, rolled oats)); Onion (chopped) (1 (100g)); Red Chili Powder (1 tsp (2g)); Cumin Powder (1/2 tsp (1g)); Garam Masala (1/2 tsp (1g)); Fresh Coriander (for garnish) (As needed (assumed 1 tbsp, 3g)); Salt (To taste (assumed 1 tsp, 3g)); Oil (1 tbsp (14g))","Step 1: Cook the Chicken: | Heat 1 tbsp oil in a pot, sauté 1 chopped onion, and add 200g chicken (cubed). Cook until browned. | Step 2: Add Spices and Oats: | Add 1 tsp ginger-garlic paste, 1 tsp red chili powder, 1/2 tsp cumin powder, 1/2 tsp garam masala, and 1/2 cup oats. Mix well. | Step 3: Add Water and Cook: | Add 2 cups water, salt to taste, and cook for 15-20 minutes until the oats are soft and the chicken is tender. | Step 4: Check Consistency: | If the mixture is too thick, add a little more water to achieve the desired consistency. | Step 5: Adjust Seasoning: | Taste and adjust salt or spices if needed. | Step 6: Garnish: | Garnish the dish with fresh coriander leaves for added flavor. | Step 7: Let It Rest: | Let the dish sit for a few minutes to allow the flavors to settle. | Step 8: Serve: | Serve hot as a comforting, nutritious meal.",https://res.cloudinary.com/duegxp0u0/image/upload/v1745169165/recipe_uploads/pr52aptjjen8nbeehjok.jpg
68395ebfa1f9120d4641a48e,Keto Zucchini Lasagna,dinner,keto,weight_gain,540.0,41.0,10.0,37.0,2.0,360.0,85.0,55,1,"Keto Zucchini Lasagna Keto Zucchini Lasagna Keto Zucchini Lasagna Zucchini Ground beef Ricotta cheese Tomato paste Salt, black pepper keto","gluten_free,nut_free,egg_free,low_carb,low_sugar","Zucchini (100g); Ground beef (100g); Ricotta cheese (60g); Tomato paste (1 tbsp); Salt, black pepper (to taste)","Step 1: Prep Zucchini | Use 100g of zucchini as the base. | Step 2: Prepare Ground beef | Chop or measure 100g of ground beef. | Step 3: Combine Ingredients | Mix the prepared ingredients in a bowl. | Step 4: Add Ricotta cheese | Incorporate 60g of ricotta cheese for flavor. | Step 5: Season | Add salt, pepper, or additional spices as needed. | Step 6: Set Aside | Chill or let the mixture rest for a few minutes if needed. | Step 7: Final Mix | Stir everything together to ensure even coating. | Step 8: Serve | Plate and enjoy your freshly prepared meal.",https://res.cloudinary.com/duegxp0u0/image/upload/v1748524089/ay3d3pacpdfpykb25j7a.jpg
68395ef0a1f9120d4641a769,Chicken Reshmi Kabab Roll in Lachha Paratha,breakfast,desi,weight_gain,450.0,20.0,40.0,15.0,5.0,1090.0,50.0,35,1,Chicken Reshmi Kabab Roll in Lachha Paratha Chicken Reshmi Kabab Roll in Lachha Paratha Chicken Reshmi Kabab Roll in Lachha Paratha Chicken mince Cream Ginger garlic Spices Lachha paratha Onion Green chili Coriander leaves Whole wheat flour Ghee desi,"nut_free,egg_free,low_sugar","Chicken mince (150g); Cream (1 tbsp); Ginger garlic (1 tsp); Spices (to taste); Lachha paratha (1); Onion (1 small, sliced); Green chili (1, chopped); Coriander leaves (1 tbsp, chopped); Whole wheat flour (½ cup (for paratha)); Ghee (1 tsp (for paratha))","Step 1: Gather Ingredients: Collect 150g chicken (boneless, minced or cubed), 2 tbsp cream, 1 tbsp ginger-garlic paste, 1 tsp white pepper, 1 tsp salt, 1 tbsp oil, 2 cups whole wheat flour, ¾ cup water (for dough), 2 tbsp ghee, and 2 tbsp green chutney. | Step 2: Marinate Chicken: Mix 150g chicken with 2 tbsp cream, 1 tbsp ginger-garlic paste, 1 tsp white pepper, and 1 tsp salt; marinate for 1-2 hours. | Step 3: Cook Kababs: Heat 1 tbsp oil in a pan or grill over medium heat, shape the mixture into 6-8 long kababs (use skewers if desired), and cook for 5-7 minutes per side until tender and lightly golden. | Step 4: Prepare Dough: Mix 2 cups whole wheat flour with ¾ cup water, knead into a soft dough, and rest for 15 minutes. | Step 5: Shape Lachha Paratha: Divide dough into 4-6 balls, roll each into a thin circle, brush with ghee, pleat into layers, roll into a spiral, flatten, and roll aWeight Gain into a 7-8 inch circle. | Step 6: Cook Paratha: Heat a tawa, cook each paratha with ½ tbsp ghee per side for 1-2 minutes until golden and flaky. | Step 7: Roll and Serve: Place 1-2 reshmi kababs on each warm lachha paratha, drizzle with 2 tbsp green chutney, roll tightly, and serve hot.",https://res.cloudinary.com/duegxp0u0/image/upload/v1746813063/tih1lag2czdnrvo7ukny.jpg
68395ebfa1f9120d4641a472,Creamy Garlic Scallops,dinner,keto,weight_gain,640.0,24.0,3.0,26.0,0.0,500.0,110.0,25,1,Creamy Garlic Scallops Creamy Garlic Scallops Creamy Garlic Scallops Scallops Heavy cream Butter Garlic Salt Black pepper Parsley keto,"gluten_free,nut_free,egg_free,low_carb,low_sugar",Scallops (125g); Heavy cream (50ml); Butter (1 tbsp); Garlic (1½ cloves); Salt (⅛ tsp); Black pepper (pinch); Parsley (½ tsp (optional)),"Step 1: Prep Scallops | Pat 125g scallops dry, season with ⅛ tsp salt. | Step 2: Sear Scallops | Heat ½ tbsp butter in a skillet over high heat, sear scallops for 1–2 minutes per side, then set aside. | Step 3: Cook Garlic | Reduce heat to medium, add 1½ minced garlic cloves, sauté for 30 seconds. | Step 4: Make Sauce | Add 50ml heavy cream and ½ tbsp butter, simmer for 2–3 minutes until thickened. | Step 5: Combine Scallops | Return scallops to skillet, coat in sauce for 1 minute. | Step 6: Season Dish | Add a pinch of black pepper. | Step 7: Garnish | Sprinkle with ½ tsp chopped parsley. | Step 8: Serve | Serve hot as a rich dinner.", https://res.cloudinary.com/duegxp0u0/image/upload/v1748523936/s1wep8dc1lrkj5ts9pnw.jpg
68395ec7a1f9120d4641a4e2,Basil Pesto Paneer Tikka,dinner,vegetarian,weight_loss,270.0,15.0,5.0,15.0,1.0,1080.0,20.0,40,2,Basil Pesto Paneer Tikka Basil Pesto Paneer Tikka Basil Pesto Paneer Tikka Paneer Basil leaves Garlic Olive oil Lemon juice Salt Red chili flakes Yogurt Cumin powder Ginger paste Coriander leaves Turmeric powder vegetarian,"nut_free,egg_free,low_sugar,low_carb","Paneer (200g, cubed); Basil leaves (½ cup); Garlic (1 clove); Olive oil (1 tbsp); Lemon juice (1 tbsp); Salt (½ tsp); Red chili flakes (¼ tsp); Yogurt (2 tbsp); Cumin powder (¼ tsp); Ginger paste (½ tsp); Coriander leaves (1 tbsp, chopped); Turmeric powder (¼ tsp)","Step 1: Gather Ingredients: | Collect 1 cup basil leaves, 2 garlic cloves, 2 tbsp olive oil, 1 tbsp lemon juice, 1 tsp salt, 1 tsp red chili flakes, and 200g paneer (cubed). | Step 2: Blend the Pesto: | Blend basil, garlic, olive oil, lemon juice, salt, and chili flakes into a smooth pesto. | Step 3: Marinate Paneer: | Coat paneer cubes with pesto and marinate for 30 minutes. | Step 4: Preheat Grill: | Heat a grill or grill pan over medium-high heat for 5 minutes. | Step 5: Grill Paneer: | Grill marinated paneer for 4-5 minutes per side until golden. | Step 6: Check Doneness: | Ensure paneer is cooked with a golden crust. | Step 7: Serve Hot: | Plate the tikka and serve immediately.",https://res.cloudinary.com/duegxp0u0/image/upload/v1748524885/e0ycwog1qhrn2l4a6fbq.jpg
68395eeaa1f9120d4641a69c,Masoor Dal Soup (Protein Boosting),lunch,desi,weight_loss,220.0,14.0,32.0,4.0,10.0,400.0,0.0,40,2,Masoor Dal Soup (Protein Boosting) Masoor Dal Soup (Protein Boosting) Masoor Dal Soup (Protein Boosting) Masoor Dal (Red Lentils) Onion (chopped) Tomato (chopped) Cumin Powder Turmeric Powder Red Chili Powder Salt Fresh Coriander (for garnish) Oil desi,"gluten_free,nut_free,egg_free,lactose_free,low_sodium,low_sugar,low_cholesterol,dairy_free","Masoor Dal (Red Lentils) (1 cup (200g, dry)); Onion (chopped) (1 (100g)); Tomato (chopped) (1 (150g)); Cumin Powder (1/2 tsp (1g)); Turmeric Powder (1/2 tsp (1g)); Red Chili Powder (1/2 tsp (1g)); Salt (To taste (assumed 1 tsp, 3g)); Fresh Coriander (for garnish) (As needed (assumed 1 tbsp, 3g)); Oil (1 tbsp (14g))","Step 1: Prepare the Dal: | Wash 1 cup masoor dal (red lentils) and soak it for 30 minutes. Then, cook the dal in 4 cups of water for about 15-20 minutes until soft. | Step 2: Prepare the Seasoning: | In a pan, heat 1 tbsp oil and add 1 chopped onion, 1 tsp ginger-garlic paste, and 1 chopped tomato. Cook until the onions are golden and the tomatoes soften. | Step 3: Add Spices: | Add 1/2 tsp cumin powder, 1/2 tsp turmeric powder, 1/2 tsp red chili powder, and salt to taste. Stir well to combine. | Step 4: Combine the Dal and Seasoning: | Add the cooked masoor dal to the seasoning and cook for another 5 minutes, adjusting consistency with water as needed. | Step 5: Taste and Adjust: | Taste the dal and adjust salt or spices to your preference. | Step 6: Simmer: | Allow the dal to simmer for a few more minutes for the flavors to meld together. | Step 7: Garnish: | Garnish the dal with fresh coriander leaves for an added burst of flavor. | Step 8: Serve: | Serve the dal hot, and enjoy with steamed rice or naan.",https://res.cloudinary.com/duegxp0u0/image/upload/v1745169196/recipe_uploads/kml0fnibcw8zqymxxasf.jpg
68395eeaa1f9120d4641a68a,Black Chickpeas & Spinach Curry,lunch,desi,weight_loss,220.0,10.0,32.0,6.0,10.0,400.0,0.0,40,2,Black Chickpeas & Spinach Curry Black Chickpeas & Spinach Curry Black Chickpeas & Spinach Curry Black Chickpeas (Kala Chana) Spinach Onion Tomato Cumin Seeds Bay Leaf Cloves Turmeric Powder Coriander Powder Cumin Powder Red Chili Powder Garam Masala Oil Salt Fresh Coriander Leaves desi,"gluten_free,nut_free,egg_free,lactose_free,low_sodium,low_sugar,low_cholesterol,dairy_free","Black Chickpeas (Kala Chana) (1 cup (200g, dry, cooked)); Spinach (2 cups (120g, chopped)); Onion (1 medium (100g, chopped)); Tomato (1 medium (150g, chopped)); Cumin Seeds (1/2 tsp (1g)); Bay Leaf (1 (0.2g)); Cloves (2 (0.2g)); Turmeric Powder (1/2 tsp (1g)); Coriander Powder (1 tsp (2g)); Cumin Powder (1/2 tsp (1g)); Red Chili Powder (1/4 tsp (0.5g)); Garam Masala (1/4 tsp (0.5g)); Oil (1 tsp (5g)); Salt (to taste (assumed 1 tsp, 3g)); Fresh Coriander Leaves (for garnish (assumed 1 tbsp, 3g))","Step 1: Prepare the Black Chickpeas: | Wash 1 cup black chickpeas (kala chana) thoroughly and soak in water overnight or for at least 8 hours. Drain the water and rinse the chickpeas. In a pressure cooker, add the soaked chickpeas with 3 cups of water and a pinch of salt. Pressure cook for 3-4 whistles, then lower the heat and cook for another 5 minutes. Let the pressure release naturally, then drain and reserve 1 cup of the cooking liquid. | Step 2: Prepare the Spinach: | Wash 2 cups spinach leaves thoroughly. Blanch the spinach in boiling water for 1 minute, then immediately transfer to ice water to stop the cooking process. Drain and blend to a smooth paste. Set aside. | Step 3: Prepare the Curry Base: | In a pan, heat 1 tsp oil and add 1/2 tsp cumin seeds. When they start to splutter, add 1 bay leaf and 2 cloves. Add 1 finely chopped onion and sauté until golden brown. Add 1 tsp ginger-garlic paste and cook for a minute until the raw smell disappears. | Step 4: Add Tomatoes and Spices: | Add 1 finely chopped tomato and cook until it softens and becomes mushy. Add 1/2 tsp turmeric powder, 1 tsp coriander powder, 1/2 tsp cumin powder, 1/4 tsp red chili powder, and 1/4 tsp garam masala. Sauté for 2-3 minutes until the spices are well combined and aromatic. | Step 5: Combine and Simmer: | Add the cooked black chickpeas to the spice mixture and stir well. Add the reserved cooking liquid and simmer for 5 minutes. Add the spinach puree and mix well. Simmer for another 10 minutes on low heat, stirring occasionally. If the curry becomes too thick, add a little water to achieve desired consistency. | Step 6: Serve: | Garnish with freshly chopped coriander leaves. Serve hot with a small portion of brown rice or whole wheat roti.",https://res.cloudinary.com/duegxp0u0/image/upload/v1745169148/recipe_uploads/pi5xumb3xkg0dxsan2bb.jpg
68395ec7a1f9120d4641a4ca,Vegetable & Bean Enchiladas,dinner,vegetarian,weight_gain,590.0,32.0,65.0,30.0,12.0,900.0,45.0,50,3,Vegetable & Bean Enchiladas Vegetable & Bean Enchiladas Vegetable & Bean Enchiladas Mixed vegetables Black beans Tortillas Cheese Olive oil Enchilada sauce Cumin Salt Chili powder Cilantro vegetarian,"nut_free,egg_free,low_sugar",Mixed vegetables (300g); Black beans (200g); Tortillas (4); Cheese (150g); Olive oil (4 tsp); Enchilada sauce (200ml); Cumin (1 tsp); Salt (1/2 tsp); Chili powder (1/2 tsp); Cilantro (1 tsp (optional)),"Step 1: Preheat Oven | Preheat the oven to 180°C and grease a 9x13-inch baking dish with 1 tsp olive oil. | Step 2: Prepare Vegetables | Wash and dice 300g mixed vegetables (e.g., bell peppers, zucchini, onions) into small pieces. | Step 3: Sauté Filling | Heat 1 tbsp olive oil in a skillet over medium heat, add vegetables and 200g rinsed black beans, and sauté for 5–7 minutes until softened. | Step 4: Season Filling | Stir in 1 tsp cumin, 1/2 tsp salt, and 1/2 tsp chili powder, cooking for 1–2 minutes to blend flavors. | Step 5: Prepare Tortillas | Warm 4 tortillas (corn or flour) briefly to make them pliable. | Step 6: Assemble Enchiladas | Place 2 tbsp of the vegetable-bean mixture and 1 tbsp shredded cheese (from 150g total) on each tortilla, roll tightly, and place seam-side down in the baking dish. | Step 7: Top and Bake | Pour 200ml enchilada sauce over the rolled tortillas, sprinkle the remaining cheese on top, and bake for 25–30 minutes until bubbly and golden. | Step 8: Serve | Let cool for 5 minutes, garnish with 1 tsp chopped cilantro if desired, and serve warm as a hearty dinner.",https://res.cloudinary.com/duegxp0u0/image/upload/v1748525397/aqbcgoedzmjku0au844b.jpg
68395ebfa1f9120d4641a497,Chocolate Avocado Mousse with Cream,snack,keto,weight_loss,265.0,4.0,6.0,25.0,4.0,8.0,0.0,10,1,Chocolate Avocado Mousse with Cream Chocolate Avocado Mousse with Cream Chocolate Avocado Mousse with Cream Avocado Cocoa powder Coconut cream Erythritol Salt keto,"gluten_free,nut_free,egg_free,lactose_free,low_sodium,low_carb,low_sugar,low_cholesterol",Avocado (½ medium); Cocoa powder (1 tbsp); Coconut cream (25ml); Erythritol (1 tsp); Salt (pinch),"Step 1: Prep Avocado | Use ½ medium of avocado as the base. | Step 2: Prepare Cocoa powder | Chop or measure 1 tbsp of cocoa powder. | Step 3: Combine Ingredients | Mix the prepared ingredients in a bowl. | Step 4: Add Coconut cream | Incorporate 25ml of coconut cream for flavor. | Step 5: Season | Add salt, pepper, or additional spices as needed. | Step 6: Set Aside | Chill or let the mixture rest for a few minutes if needed. | Step 7: Final Mix | Stir everything together to ensure even coating. | Step 8: Serve | Plate and enjoy your freshly prepared meal.", https://res.cloudinary.com/duegxp0u0/image/upload/v1748523936/s2crr0eeea5r36folwsm.jpg
68395ed6a1f9120d4641a584,Tomato Basil Water,lunch,mediterranean,weight_loss,75.0,1.0,3.0,0.0,1.0,5.0,0.0,5,1,Tomato Basil Water Tomato Basil Water Tomato Basil Water Tomato Basil Water mediterranean,"gluten_free,nut_free,egg_free,lactose_free,low_sodium,low_carb,low_sugar,low_cholesterol,dairy_free",Tomato (75g); Basil (5g); Water (250ml),"Step 1: Wash Tomato | Rinse 75g tomato (about 1 small) under cold water and pat dry. |  | Step 2: Slice Tomato | Cut the tomato into thin slices to maximize flavor infusion. |  | Step 3: Prep Basil | Wash 5g fresh basil leaves, pat dry, and gently tear into smaller pieces. |  | Step 4: Prep Container | Fill a pitcher with 250ml of filtered water. |  | Step 5: Add Ingredients | Place the tomato slices and basil leaves into the water. |  | Step 6: Stir Gently | Stir the water lightly to start the infusion process. |  | Step 7: Chill Mixture | Refrigerate for at least 1 hour to let flavors meld (prep time excludes chilling). |  | Step 8: Serve Cold | Pour the infused water into a glass and serve as a refreshing snack.",https://res.cloudinary.com/duegxp0u0/image/upload/v1748524492/t5hsoebbehvvz62x3vkc.jpg
68395eeaa1f9120d4641a607,Lobia (Black-Eyed Pea) Cheela,breakfast,desi,weight_loss,150.0,7.0,22.0,4.0,6.0,160.0,0.0,30,1,Lobia (Black-Eyed Pea) Cheela Lobia (Black-Eyed Pea) Cheela Lobia (Black-Eyed Pea) Cheela Onion Coriander Green Chili Salt Spices Oil Water desi,"gluten_free,nut_free,egg_free,lactose_free,low_sodium,low_sugar,low_cholesterol,dairy_free","Onion (1 (100g, chopped)); Coriander (to taste (assumed 1 tbsp, 3g, chopped)); Green Chili (1 (5g, chopped)); Salt (to taste (0.5g, pinch)); Spices (to taste (assumed ¼ tsp cumin powder, 0.5g)); Oil (1 tsp (5g)); Water (to taste (assumed 1 cup, 240ml for cooking peas))","Step 1: Soak Lobia: | Soak ½ cup lobia overnight in water. | Step 2: Grind into Batter: | Drain the soaked lobia and grind it into a smooth batter. | Step 3: Add Vegetables and Spices: | Mix in chopped onion, coriander, green chili, and spices to the batter. | Step 4: Heat Pan: | Heat a non-stick pan and lightly grease it with 1 tsp oil. | Step 5: Pour Batter: | Pour the prepared batter onto the heated pan to form a pancake or patty. | Step 6: Cook One Side: | Cook on one side until it turns golden and firm. | Step 7: Flip and Cook: | Flip the patty and cook the other side until golden brown. | Step 8: Serve: | Serve the hot lobia pancake or patty immediately with chutney or yogurt.",https://res.cloudinary.com/duegxp0u0/image/upload/v1745169010/recipe_uploads/bimuhcmo3dd291nbmih9.jpg
68395eeaa1f9120d4641a600,Khichdi (Moong Dal + Brown Rice),breakfast,desi,weight_loss,150.0,7.0,26.0,2.0,5.0,160.0,0.0,25,1,Khichdi (Moong Dal + Brown Rice) Khichdi (Moong Dal + Brown Rice) Khichdi (Moong Dal + Brown Rice) Moong Dal Brown Rice Turmeric Salt Water Mustard Seeds (optional) Curry Leaves (optional) desi,"gluten_free,nut_free,egg_free,lactose_free,low_sodium,low_sugar,low_cholesterol,dairy_free","Moong Dal (¼ cup (50g, dry)); Brown Rice (¼ cup (45g, dry)); Turmeric (¼ tsp (0.5g)); Salt (to taste (0.5g, pinch)); Water (as needed (assumed 2 cups, 480ml)); Mustard Seeds (optional) (as desired (assumed ¼ tsp, 0.5g)); Curry Leaves (optional) (as desired (assumed 5 leaves, 2g))","Step 1: Rinse Dal and Rice: | Rinse moong dal and brown rice under water to remove excess starch. | Step 2: Pressure Cook: | Add the rinsed moong dal, brown rice, turmeric, salt, and water to a pressure cooker. | Step 3: Cook: | Close the pressure cooker and cook for 3-4 whistles or until both the dal and rice are soft and cooked through. | Step 4: (Optional) Prepare Tempering: | In a separate pan, heat a little oil, then add mustard seeds and curry leaves. Let them splutter. | Step 5: Add Tempering: | Pour the tempering over the cooked dal and rice mixture for added flavor (optional). | Step 6: Mix Well: | Stir the tempering into the dal and rice mixture if you used it. | Step 7: Serve: | Serve the hot moong dal and brown rice with a side of vegetables or yogurt if desired.",https://res.cloudinary.com/duegxp0u0/image/upload/v1745168994/recipe_uploads/xbdpdyn1hrxjbr5i6hwi.jpg
68395eeaa1f9120d4641a60e,Methi Thepla with Raita,breakfast,desi,weight_loss,160.0,5.0,26.0,4.0,5.0,100.0,2.0,30,1,Methi Thepla with Raita Methi Thepla with Raita Methi Thepla with Raita Whole Wheat Flour Methi (Fenugreek Leaves) Curd Cucumber Spices Oil desi,"nut_free,egg_free,low_sodium,low_sugar,low_cholesterol","Whole Wheat Flour (½ cup (60g)); Methi (Fenugreek Leaves) (½ cup (30g, chopped)); Curd (2 tbsp (30g)); Cucumber (½ (100g, chopped or sliced)); Spices (to taste (assumed ¼ tsp each of cumin, turmeric, and chili powder, 1.5g total)); Oil (1 tsp (5g))","Step 1: Prepare the Dough: | Knead ½ cup whole wheat flour with ½ cup methi leaves, spices, and water to form a smooth dough. | Step 2: Rest the Dough: | Let the dough rest for 10 minutes to allow the flavors to meld. | Step 3: Roll the Dough: | Roll the dough into small portions and flatten them into round discs using dry flour. | Step 4: Heat the Tawa: | Heat a tawa (griddle) on medium heat and lightly grease it with 1 tsp of oil. | Step 5: Cook the Paratha: | Place the rolled dough on the tawa and cook on both sides, applying a little oil, until golden brown. | Step 6: Prepare the Cucumber Raita: | Grate ½ cucumber and mix with 2 tbsp curd, seasoning with a pinch of salt and black pepper. | Step 7: Serve Paratha: | Once the paratha is cooked, remove it from the tawa and keep it warm. | Step 8: Serve with Raita: | Serve the methi paratha with the fresh cucumber raita for a flavorful meal.",https://res.cloudinary.com/duegxp0u0/image/upload/v1745169024/recipe_uploads/yyqyvwcnzzb36ylzlyle.jpg
68395eeaa1f9120d4641a6d8,Low-Oil Rajma Chaat (Kidney Beans with Lemon & Herbs),snack,desi,weight_loss,90.0,5.0,14.0,2.0,5.0,200.0,0.0,20,1,"Low-Oil Rajma Chaat (Kidney Beans with Lemon & Herbs) Low-Oil Rajma Chaat (Kidney Beans with Lemon & Herbs) Low-Oil Rajma Chaat (Kidney Beans with Lemon & Herbs) Kidney Beans Lemon Fresh Herbs (Coriander, Mint) Salt desi","gluten_free,nut_free,egg_free,lactose_free,low_sodium,low_sugar,low_fat,dairy_free","Kidney Beans (1/2 cup (100g, cooked or canned, drained)); Lemon (1 tbsp (15ml, juice)); Fresh Herbs (Coriander, Mint) (1 tbsp (3g, chopped, assumed equal mix)); Salt (To taste (assumed 1/4 tsp, 0.75g, not listed but implied))","Step 1: Boil the Kidney Beans : | Boil the kidney beans (راجما) in water until they are tender and soft. | Step 2: Prepare the Chaat Mix : | Mix the boiled kidney beans with chopped onions, tomatoes, and your choice of spices. | Step 3: Add Fresh Lemon Juice : | Drizzle fresh lemon juice (لیموں) over the mixture for a tangy flavor. | Step 4: Sprinkle Fresh Herbs : | Sprinkle fresh coriander (دھنیا) and mint (پودینہ) on top for added freshness and aroma. | Step 5: Stir Well : | Mix all the ingredients well to ensure the spices, lemon, and herbs are evenly distributed. | Step 6: Adjust Seasoning : | Taste and adjust seasoning by adding more salt or lemon juice if needed. | Step 7: Serve Chilled or at Room Temperature : | Serve this low-oil rajma chaat as a refreshing snack, either chilled or at room temperature. | Step 8: Garnish and Enjoy : | Garnish with extra fresh herbs if desired and enjoy the flavorful, healthy chaat!",https://res.cloudinary.com/duegxp0u0/image/upload/v1745169539/recipe_uploads/wcvaeve3qwujykqhvn70.jpg
68395ebfa1f9120d4641a488,Lamb & Halloumi Skewers,dinner,keto,weight_gain,710.0,29.0,2.0,28.0,0.0,650.0,120.0,30,2,Lamb & Halloumi Skewers Lamb & Halloumi Skewers Lamb & Halloumi Skewers Lamb leg Halloumi Olive oil Oregano Salt Parsley keto,"gluten_free,nut_free,egg_free,low_carb,low_sugar",Lamb leg (175g); Halloumi (75g); Olive oil (½ tbsp); Oregano (½ tsp); Salt (pinch); Parsley (½ tsp (optional)),"Step 1: Prep Lamb | Cube 175g lamb leg, toss with ½ tbsp olive oil, ½ tsp oregano, and a pinch of salt. | Step 2: Prep Halloumi | Cube 75g halloumi into bite-sized pieces. | Step 3: Assemble Skewers | Alternate lamb and halloumi on 2 skewers. | Step 4: Preheat Grill | Heat a grill pan or outdoor grill to medium-high. | Step 5: Grill Skewers | Grill skewers for 3–4 minutes per side until lamb is cooked (internal temp 65°C). | Step 6: Rest Skewers | Let skewers rest for 2 minutes. | Step 7: Garnish | Sprinkle with ½ tsp chopped parsley. | Step 8: Serve | Serve hot as a rich dinner.",https://res.cloudinary.com/duegxp0u0/image/upload/v1748524089/eebfx1np4upo6q48yk5p.jpg
68395eeaa1f9120d4641a634,"Lean Beef Stew with Vegetables (No Oil, Slow Cooked)",dinner,desi,weight_loss,300.0,22.0,28.0,10.0,4.0,400.0,50.0,3,2,"Lean Beef Stew with Vegetables (No Oil, Slow Cooked) Lean Beef Stew with Vegetables (No Oil, Slow Cooked) Lean Beef Stew with Vegetables (No Oil, Slow Cooked) Lean Beef Carrots Potatoes Celery Onion Garlic Bay Leaves Cumin Salt Oil Water desi","gluten_free,nut_free,egg_free,lactose_free,low_sodium,low_sugar","Lean Beef (250g (cubed)); Carrots (2 (150g, sliced)); Potatoes (2 medium (300g, cubed)); Celery (1 stalk (40g, chopped)); Onion (1 (100g, chopped)); Garlic (1 tbsp (15g, minced)); Bay Leaves (2 (0.4g)); Cumin (1/2 tsp (1g)); Salt (To taste (assumed 1 tsp, 3g, not listed but implied)); Oil (As needed (assumed 1 tbsp, 14g, for cooking, not listed but implied)); Water (As needed (assumed 3 cups, 720ml, for stew))","Step 1: Brown the beef: | Brown lean beef chunks with onions, garlic, and spices (bay leaves, cumin) in a pot or pan. | Step 2: Add vegetables: | Add chopped vegetables (carrots, potatoes, celery) to the pot. | Step 3: Add liquid: | Pour in water or broth to cover the ingredients. | Step 4: Bring to a boil: | Bring the mixture to a boil, then reduce the heat to a simmer. | Step 5: Slow cook the stew: | Cover and slow cook for 2-3 hours until the beef is tender. | Step 6: Check seasoning: | Taste the stew and adjust salt or spices as needed. | Step 7: Simmer further: | If the liquid is too thin, continue simmering uncovered to thicken. | Step 8: Serve hot: | Serve the stew hot, garnished with fresh herbs if desired.",https://res.cloudinary.com/duegxp0u0/image/upload/v1745169325/recipe_uploads/ssvicnwlxltr2kufohk0.jpg
68395ef0a1f9120d4641a78f,Makhan Paratha,breakfast,desi,weight_gain,420.0,6.0,35.0,28.0,2.0,300.0,60.0,10,1,Makhan Paratha Makhan Paratha Makhan Paratha Paratha Desi makhan (butter) Honey (optional) Cardamom powder desi,egg_free,Paratha (1); Desi makhan (butter) (2 tbsp); Honey (optional) (1 tsp); Cardamom powder (pinch),"Step 1: Gather Ingredients: Collect 2 cups whole wheat flour, ¾ cup water, 1 tsp salt, 2 tbsp ghee, ¼ cup desi makhan (full-fat homemade butter), and 1 tbsp honey. | Step 2: Prepare Paratha Dough: Mix 2 cups whole wheat flour with 1 tsp salt and ¾ cup water, knead into a soft dough, and rest for 15 minutes. | Step 3: Roll Paratha: Divide dough into 4-6 balls, roll each into a 7-8 inch circle, and lightly brush with ½ tsp ghee. | Step 4: Cook Paratha: Heat a tawa over medium heat, cook each paratha for 1-2 minutes per side, adding ½ tbsp ghee per side, until golden and slightly crisp. | Step 5: Apply Makhan: While the paratha is still warm, spread 1 tbsp desi makhan generously over the top of each paratha. | Step 6: Serve Warm: Drizzle 1 tbsp honey over the makhan-topped paratha and serve immediately for a warm, indulgent treat.",https://res.cloudinary.com/duegxp0u0/image/upload/v1746813063/pisuahmhor0ilunimjyg.jpg
68395ef0a1f9120d4641a6f3,Beef Biryani with Yogurt Raita,lunch,desi,weight_gain,645.0,20.0,60.0,20.0,3.0,1100.0,50.0,1,5,"Beef Biryani with Yogurt Raita Beef Biryani with Yogurt Raita Beef Biryani with Yogurt Raita Basmati rice Yogurt Onions Tomatoes Green chilies Cooking oil Biryani masala Salt Fresh coriander Fresh mint Whole spices (bay leaf, cloves, cinnamon) Water Cucumber Turmeric powder Red chili powder Cumin powder desi","nut_free,egg_free,low_sugar","Basmati rice (2 cups); Yogurt (½ cup); Onions (2 large, sliced); Tomatoes (2 medium, chopped); Green chilies (3, chopped); Cooking oil (4 tbsp); Biryani masala (2 tbsp); Salt (1 tsp); Fresh coriander (2 tbsp, chopped); Fresh mint (1 tbsp, chopped); Whole spices (bay leaf, cloves, cinnamon) (1 tsp); Water (3.5 cups); Cucumber (1 small, grated); Turmeric powder (½ tsp); Red chili powder (1 tsp); Cumin powder (½ tsp)","Step 1: Prepare the Ingredients: Gather 500g beef, 4 tbsp oil, 2 sliced onions, 1 tbsp ginger-garlic paste, 2 chopped tomatoes, 2-3 green chilies, 2 tbsp biryani masala, 1 tsp salt, ½ cup yogurt, 2 cups basmati rice, whole spices (1 cinnamon stick, 2 cloves, 2 cardamom pods), and chopped coriander and mint for garnish. | Step 2: Fry the Onions: Heat 4 tbsp oil in a large pot over medium heat and fry 2 sliced onions until golden brown, about 8-10 minutes, stirring occasionally. | Step 3: Cook the Beef Base: Add 1 tbsp ginger-garlic paste and 500g beef pieces to the pot, frying for 5-7 minutes until the beef is lightly browned and aromatic. | Step 4: Add Spices and Tomatoes: Stir in 2 chopped tomatoes, 2-3 green chilies, 2 tbsp biryani masala, and 1 tsp salt, cooking for 10 minutes until the tomatoes soften into a thick masala. | Step 5: Simmer with Yogurt: Mix in ½ cup yogurt, reduce heat to low, cover, and cook for 40 minutes until the beef is tender, adding a little water if it gets too dry. | Step 6: Boil the Rice: In a separate pot, bring 6 cups of water to a boil with 1 cinnamon stick, 2 cloves, and 2 cardamom pods. Add 2 cups basmati rice and cook until 80% done, about 6-8 minutes, then drain. | Step 7: Layer and Steam: In the beef pot, layer the partially cooked rice over the beef curry. Sprinkle chopped coriander and mint on top, cover tightly, and steam on low heat for 10 minutes to blend the flavors. | Step 8: Serve with Raita: Fluff the biryani gently, then serve hot with a side of yogurt raita made by mixing 1 cup yogurt with a pinch of salt, cumin, and chopped cucumber.",https://res.cloudinary.com/duegxp0u0/image/upload/v1746775920/o3snmuxvvdcz0ixvsksa.jpg
68395ef0a1f9120d4641a74c,Hareesa with Taftan Roti,dinner,desi,weight_gain,450.0,15.0,45.0,15.0,5.0,1080.0,40.0,1,1,Hareesa with Taftan Roti Hareesa with Taftan Roti Hareesa with Taftan Roti Wheat & barley mix Boneless beef Ginger garlic paste Cinnamon Cloves Ghee Salt Taftan roti Green chilies Coriander leaves Whole wheat flour Milk Water desi,"nut_free,egg_free,low_sugar","Wheat & barley mix (½ cup); Boneless beef (½ cup); Ginger garlic paste (1 tsp); Cinnamon (1 small stick); Cloves (2); Ghee (2 tbsp); Salt (1 tsp); Taftan roti (1); Green chilies (1, sliced); Coriander leaves (1 tbsp, chopped); Whole wheat flour (½ cup (for taftan)); Milk (1 tbsp (for taftan)); Water (2 cups (for hareesa))","Step 1: Gather Ingredients: Collect 500g beef (shank or stew cuts), 1 tbsp ginger-garlic paste, 1 tsp red chili powder, 1 tsp garam masala, 1 tsp salt, 4 cups water, ½ cup wheat grains, ½ cup barley, 2 tbsp ghee, 2 cups all-purpose flour, 1 tsp yeast, ½ cup milk, 1 tsp sugar, and 1 tbsp ghee (for taftan). | Step 2: Cook Beef: In a pressure cooker, add 500g beef, 1 tbsp ginger-garlic paste, 1 tsp red chili powder, 1 tsp garam masala, 1 tsp salt, and 4 cups water, cook for 45-60 minutes until tender. | Step 3: Cook Grains: In a separate pot, soak ½ cup wheat grains and ½ cup barley for 2 hours, then boil in 4 cups water with a pinch of salt for 30-40 minutes until soft. | Step 4: Shred Beef: Remove the beef from the cooker, shred it with a fork, reserving the broth. | Step 5: Blend Mixture: Combine the shredded beef and cooked grains in a blender or pot, adding some reserved broth, and blend or mash until smooth and porridge-like. | Step 6: Simmer Hareesa: Heat 2 tbsp ghee in a pot, add the blended mixture, and simmer on low heat for 10-15 minutes until thick and creamy, stirring occasionally. | Step 7: Prepare Taftan Dough: In a bowl, mix 2 cups all-purpose flour with 1 tsp yeast, ½ cup milk, 1 tsp sugar, and a pinch of salt, knead into a soft dough, rest for 1 hour, then roll into 4-6 ovals. | Step 8: Cook Taftan and Serve: Heat a tawa or oven (250°C), cook each taftan for 2-3 minutes per side until puffed and golden, brush with 1 tbsp ghee, and serve warm with the Lahori hareesa.",https://res.cloudinary.com/duegxp0u0/image/upload/v1746772235/iidp1fb5ej5yqfb3ku3k.jpg
68395ed6a1f9120d4641a56a,Herb-Infused Water,dinner,mediterranean,weight_loss,75.0,0.0,1.0,0.0,1.0,1.0,0.0,5,1,Herb-Infused Water Herb-Infused Water Herb-Infused Water Mint Lemon slices Cucumber slices Water mediterranean,"gluten_free,nut_free,egg_free,lactose_free,low_sodium,low_carb,low_sugar,low_cholesterol,dairy_free",Mint (5g); Lemon slices (15g); Cucumber slices (25g); Water (1L),"Step 1: Prep Mint | Wash 5g mint leaves thoroughly and gently pat dry. |  | Step 2: Slice Lemon | Cut 3 thin slices from a lemon (about 15g total). |  | Step 3: Slice Cucumber | Cut 5 thin slices from a cucumber (about 25g total). |  | Step 4: Fill Pitcher | Pour 1L cold water into a large pitcher or jug. |  | Step 5: Add Mint | Place the mint leaves into the water, distributing evenly. |  | Step 6: Add Lemon and Cucumber | Add lemon and cucumber slices to the water, stirring gently. |  | Step 7: Steep Overnight | Cover the pitcher and refrigerate overnight to infuse flavors. |  | Step 8: Serve Chilled | Pour 250ml into a glass and serve chilled as a refreshing snack.",https://res.cloudinary.com/duegxp0u0/image/upload/v1748524395/m1boygayfaushz4q2onm.jpg
68395ef0a1f9120d4641a773,Beef Shashlik with Spicy Sauce,lunch,desi,weight_gain,310.0,25.0,10.0,15.0,3.0,1090.0,60.0,60,2,Beef Shashlik with Spicy Sauce Beef Shashlik with Spicy Sauce Beef Shashlik with Spicy Sauce Beef cubes Bell peppers Onion Spicy sauce Ginger garlic paste Red chili powder Soy sauce Tomato paste Coriander leaves Oil desi,"nut_free,egg_free,low_sugar,low_carb","Beef cubes (200g); Bell peppers (1 cup); Onion (1); Spicy sauce (2 tbsp); Ginger garlic paste (1 tsp); Red chili powder (½ tsp); Soy sauce (1 tsp (for spicy sauce)); Tomato paste (1 tbsp (for spicy sauce)); Coriander leaves (1 tbsp, chopped); Oil (1 tbsp)","Step 1: Gather Ingredients: Collect 200g beef (cubed), 1 bell pepper (cubed), 1 onion (cubed), 2 tbsp yogurt, 1 tbsp ginger-garlic paste, 1 tsp red chili powder, 1 tsp salt, 1 tbsp oil, 2 tbsp tomato paste, 1 tsp chili sauce, and 1 tbsp vinegar. | Step 2: Marinate Beef: Mix 2 tbsp yogurt, 1 tbsp ginger-garlic paste, 1 tsp red chili powder, and 1 tsp salt; coat 400g beef cubes and marinate for 1-2 hours. | Step 3: Prepare Vegetables: Cut 1 bell pepper and 1 onion into bite-sized cubes, keeping them similar in size to the beef. | Step 4: Skewer Ingredients: Thread the marinated beef, bell pepper, and onion alternately onto 4-6 skewers. | Step 5: Grill Shashlik: Heat 1 tbsp oil in a grill pan over medium heat, grill skewers for 8-10 minutes, turning occasionally, until beef is tender and vegetables are charred. | Step 6: Make Spicy Sauce: In a bowl, mix 2 tbsp tomato paste, 1 tsp chili sauce, 1 tbsp vinegar, and a pinch of salt until smooth. | Step 7: Serve Hot: Plate the beef shashlik skewers and serve hot with spicy sauce on the side.",https://res.cloudinary.com/duegxp0u0/image/upload/v1746813068/kfnmlnjojbxsozj6cefh.jpg
68395eeaa1f9120d4641a65a,Pumpkin & Coconut Milk Curry (Pakistani Style),dinner,desi,weight_loss,250.0,4.0,16.0,20.0,4.0,400.0,0.0,10,3,Pumpkin & Coconut Milk Curry (Pakistani Style) Pumpkin & Coconut Milk Curry (Pakistani Style) Pumpkin & Coconut Milk Curry (Pakistani Style) Pumpkin Coconut Milk Cumin Seeds Turmeric Powder Onion Salt Fresh Coriander Oil desi,"gluten_free,nut_free,egg_free,lactose_free,low_sodium,low_sugar,dairy_free","Pumpkin (1/2 small (300g, peeled and cubed)); Coconut Milk (1 cup (240ml)); Cumin Seeds (1/2 tsp (1g)); Turmeric Powder (1/2 tsp (1g)); Onion (1 medium (100g, chopped)); Salt (To taste (assumed 1 tsp, 3g)); Fresh Coriander (For garnish (assumed 1 tbsp, 3g, chopped)); Oil (As needed (assumed 1 tbsp, 14g, for cooking, not listed but implied))","Step 1: Cook the Pumpkin : | Peel and chop 1/2 small pumpkin into cubes. In a pan, sauté with 1 tsp oil for 5-7 minutes until slightly tender. | Step 2: Add Spices : | Add 1/2 tsp cumin seeds, 1/2 tsp turmeric, 1 tsp ginger-garlic paste, and 1 chopped onion. Sauté for 2-3 minutes until the onions are softened. | Step 3: Add Coconut Milk : | Pour 1 cup coconut milk and 1/2 cup water into the pan. Stir well and cook for 10 minutes on medium heat. | Step 4: Simmer : | Let the curry simmer until the pumpkin is fully tender, and the flavors meld together. | Step 5: Adjust the Seasoning : | Taste and adjust the salt and spices as needed to suit your preference. | Step 6: Stir Occasionally : | Stir the curry occasionally to ensure even cooking and prevent it from sticking to the pan. | Step 7: Garnish : | Garnish with freshly chopped coriander leaves for a burst of color and freshness. | Step 8: Serve : | Serve the delicious pumpkin curry hot with steamed rice for a comforting meal.",https://res.cloudinary.com/duegxp0u0/image/upload/v1745169424/recipe_uploads/lcqmd9r4mlcnzkdwpzrr.jpg
68395ef0a1f9120d4641a70a,Chicken Changezi with Saffron Roti,lunch,desi,weight_gain,585.0,25.0,30.0,20.0,3.0,1090.0,70.0,50,5,Chicken Changezi with Saffron Roti Chicken Changezi with Saffron Roti Chicken Changezi with Saffron Roti Chicken Yogurt Onion Tomato puree Ghee Salt Red chili powder Turmeric powder Garam masala Saffron Whole wheat flour Water Coriander leaves Cumin powder Water desi,"nut_free,egg_free,low_sugar","Chicken (500g, boneless); Yogurt (½ cup); Onion (1 large, sliced); Tomato puree (½ cup); Ghee (2 tbsp); Salt (1 tsp); Red chili powder (½ tsp); Turmeric powder (¼ tsp); Garam masala (½ tsp); Saffron (¼ tsp); Whole wheat flour (1 cup); Water (½ cup); Coriander leaves (1 tbsp, chopped); Cumin powder (½ tsp); Water (1 cup (for curry))","Step 1: Gather the Ingredients: Collect 3 tbsp ghee, 1 sliced onion, 1 tbsp ginger-garlic paste, 1 cup tomato puree, ½ cup yogurt, 1 tsp salt, 1 tsp garam masala, 500g chicken (cut into pieces), 2 cups whole wheat flour, ½ tsp saffron (soaked in 2 tbsp warm water), and extra ghee for roti. | Step 2: Heat the Ghee: Melt 3 tbsp ghee in a pan over medium heat for 1-2 minutes until hot and aromatic. | Step 3: Sauté the Onions: Add 1 sliced onion and sauté for 5-7 minutes, stirring occasionally, until golden brown. | Step 4: Add Ginger-Garlic Paste: Stir in 1 tbsp ginger-garlic paste and cook for 1 minute until the raw smell fades. | Step 5: Cook the Base: Mix in 1 cup tomato puree, ½ cup yogurt, 1 tsp salt, and 1 tsp garam masala, cooking for 5-7 minutes until the mixture thickens. | Step 6: Cook the Chicken: Add 500g chicken pieces, stir well, cover, and cook on low heat for 20-25 minutes until the chicken is tender and the gravy is rich. | Step 7: Prepare Saffron Roti: Knead 2 cups whole wheat flour with saffron-infused water (½ tsp saffron soaked in 2 tbsp warm water) into a soft dough, roll into rotis, and cook on a tawa with a dab of ghee for 1-2 minutes per side until golden. | Step 8: Serve Hot: Plate the hot chicken Changezi and serve with warm saffron roti for a fragrant, flavorful meal.",https://res.cloudinary.com/duegxp0u0/image/upload/v1746775920/gsizbh6lihfg9v1tyxr4.jpg
68395ec7a1f9120d4641a4b9,Dal Makhani,breakfast,vegetarian,weight_gain,520.0,24.0,70.0,18.0,15.0,600.0,25.0,65,2,Dal Makhani Dal Makhani Dal Makhani Black lentils Kidney beans Tomatoes Cream Olive oil Ginger paste Garlic paste Garam masala Salt Cilantro vegetarian,"gluten_free,nut_free,egg_free,low_sugar",Black lentils (200g); Kidney beans (100g); Tomatoes (300g); Cream (50ml); Olive oil (1 tbsp); Ginger paste (1 tsp); Garlic paste (1 tsp); Garam masala (1 tsp); Salt (1/2 tsp); Cilantro (1 tsp (optional)),"Step 1: Soak Lentils | Soak 200g black lentils and 100g kidney beans in water overnight, then drain. | Step 2: Cook Lentils | In a pot, add soaked lentils and beans with 1L water, bring to a boil, then simmer for 45 minutes until soft. | Step 3: Prepare Tomatoes | Chop 300g tomatoes finely or blend into a puree. | Step 4: Heat Oil | Heat 1 tbsp olive oil in a large pan over medium heat. | Step 5: Sauté Spices | Add 1 tsp ginger paste, 1 tsp garlic paste, and 1 tsp garam masala, cooking for 1–2 minutes until fragrant. | Step 6: Add Tomatoes | Stir in the tomato puree and cook for 10 minutes until the mixture thickens. | Step 7: Combine and Simmer | Add cooked lentils and beans, 50ml cream, and 1/2 tsp salt, then simmer for 15 minutes to blend flavors. | Step 8: Serve | Garnish with 1 tsp chopped cilantro if desired, and serve warm with rice or naan.",https://res.cloudinary.com/duegxp0u0/image/upload/v1748525102/ljolxvd6arlrs3ozolow.jpg
68395ecea1f9120d4641a51a,Beef & Lentil Shepherd's Pie,dinner,non_vegetarian,weight_gain,520.0,48.0,40.0,22.0,12.0,550.0,80.0,55,3,Beef & Lentil Shepherd's Pie Beef & Lentil Shepherd's Pie Beef & Lentil Shepherd's Pie Ground beef Lentils Cauliflower Mixed vegetables Olive oil Beef broth Garlic Thyme Salt Black pepper Milk Parsley non_vegetarian,"nut_free,egg_free,low_sugar",Ground beef (250g); Lentils (100g); Cauliflower (300g); Mixed vegetables (150g); Olive oil (2 tsp); Beef broth (100ml); Garlic (1 clove); Thyme (½ tsp); Salt (¼ tsp); Black pepper (¼ tsp); Milk (1 tbsp (or water)); Parsley (1 tsp (optional)),"Step 1: Preheat Oven | Preheat the oven to 190°C and lightly grease a baking dish with 1 tsp olive oil. | Step 2: Cook Lentils | Rinse 100g lentils, simmer in 300ml water for 15–20 minutes until tender, then drain and set aside. | Step 3: Cook Beef | Heat 1 tbsp olive oil in a skillet over medium heat, add 250g ground beef, and cook for 5–6 minutes until browned, breaking it apart. | Step 4: Add Vegetables | Add 150g mixed vegetables (e.g., carrots, peas, corn) and 1 minced garlic clove to the beef, cooking for 3–4 minutes until softened. | Step 5: Season Filling | Stir in cooked lentils, ½ tsp thyme, ¼ tsp salt, and 100ml beef broth, simmering for 5 minutes until thickened. | Step 6: Prepare Cauliflower Mash | Steam 300g cauliflower florets for 10 minutes until soft, then blend with 1 tbsp milk (or water) and ¼ tsp black pepper until smooth. | Step 7: Assemble Pie | Spread the beef-lentil mixture in the baking dish, top evenly with cauliflower mash. | Step 8: Bake and Serve | Bake for 20–25 minutes until golden, let rest for 5 minutes, garnish with 1 tsp chopped parsley if desired, and serve warm as a hearty dinner.",https://res.cloudinary.com/duegxp0u0/image/upload/v1748524578/bkki4b7e7n6wgwtm2mx8.jpg
68395eeaa1f9120d4641a62c,Mutton Kunna (Slow-Cooked Mutton in Bone Broth),dinner,desi,weight_loss,350.0,28.0,10.0,22.0,2.0,500.0,90.0,3,3,Mutton Kunna (Slow-Cooked Mutton in Bone Broth) Mutton Kunna (Slow-Cooked Mutton in Bone Broth) Mutton Kunna (Slow-Cooked Mutton in Bone Broth) Mutton Bone Broth Onion Garlic Ginger Tomatoes Cinnamon Cloves Black Cardamom Salt Oil desi,"gluten_free,nut_free,egg_free,lactose_free,low_sodium,low_sugar,low_carb","Mutton (300g (cubed)); Bone Broth (2 cups (480ml)); Onion (1 (100g, chopped)); Garlic (1 tbsp (15g, minced)); Ginger (1 inch (10g, grated)); Tomatoes (2 (300g, chopped)); Cinnamon (1 small stick (1g)); Cloves (2 (0.2g)); Black Cardamom (1 pod (1g)); Salt (To taste (assumed 1 tsp, 3g, not listed but implied)); Oil (As needed (assumed 1 tbsp, 14g, for cooking, not listed but implied))","Step 1: Sauté onions, garlic, ginger, and whole spices: | Heat oil in a pan and sauté onions, garlic, ginger, and whole spices (cinnamon, cloves, black cardamom) until fragrant. | Step 2: Brown the mutton pieces: | Add mutton pieces to the pan and brown them on all sides. | Step 3: Add bone broth and tomatoes: | Add bone broth and chopped tomatoes to the pan, mixing well. | Step 4: Add spices: | Season with cumin and coriander, stirring to combine with the other ingredients. | Step 5: Bring to a boil: | Bring the mixture to a boil, then reduce the heat. | Step 6: Slow cook the mutton: | Cover and slow-cook for 2-3 hours until the mutton becomes tender and fully cooked. | Step 7: Check for seasoning: | Taste the curry and adjust the seasoning with salt or additional spices if needed. | Step 8: Serve hot: | Serve the slow-cooked mutton curry hot with rice or flatbread.",https://res.cloudinary.com/duegxp0u0/image/upload/v1745169296/recipe_uploads/zybtqqnodiml7j8g8x6u.jpg
68395eeaa1f9120d4641a654,Mixed Dal Soup (High-Protein Lentil Broth),dinner,desi,weight_loss,180.0,10.0,28.0,3.0,8.0,400.0,0.0,25,1,Mixed Dal Soup (High-Protein Lentil Broth) Mixed Dal Soup (High-Protein Lentil Broth) Mixed Dal Soup (High-Protein Lentil Broth) Moong Dal Masoor Dal Toor Dal Onion Tomatoes Carrots Beans Cumin Seeds Turmeric Powder Coriander Powder Red Chili Powder Garam Masala Oil Lemon Juice Fresh Coriander Leaves Salt Water desi,"gluten_free,nut_free,egg_free,lactose_free,low_sodium,low_sugar,dairy_free","Moong Dal (1/4 cup (50g, dry)); Masoor Dal (1/4 cup (50g, dry)); Toor Dal (1/4 cup (50g, dry)); Onion (1/2 cup (60g, chopped)); Tomatoes (1/2 cup (90g, chopped)); Carrots (1/4 cup (30g, chopped)); Beans (1/4 cup (30g, chopped, assumed green beans)); Cumin Seeds (1/2 tsp (1g)); Turmeric Powder (1/2 tsp (1g)); Coriander Powder (1/2 tsp (1g)); Red Chili Powder (1/4 tsp (0.5g)); Garam Masala (1/4 tsp (0.5g)); Oil (1 tsp (5g)); Lemon Juice (1 tbsp (15ml)); Fresh Coriander Leaves (2 tbsp (6g, chopped)); Salt (To taste (assumed 1 tsp, 3g)); Water (As needed (assumed 4 cups, 960ml, for cooking))","Step 1: Prepare the Dal : | Wash 1/4 cup each of moong dal, masoor dal, and toor dal thoroughly and drain. | In a pressure cooker, add the mixed dals with 4 cups of water, 1/2 tsp turmeric powder, and a pinch of salt. | Pressure cook for 3-4 whistles, then lower the heat and cook for another 5 minutes. | Let the pressure release naturally, then mash the dal slightly. | Step 2: Prepare the Vegetable Base : | In a pot, heat 1 tsp oil and add 1/2 tsp cumin seeds. | When they start to splutter, add 1/2 cup finely chopped onions and sauté until golden brown. | Add 1 tsp ginger-garlic paste and cook for a minute until the raw smell disappears. | Step 3: Add Vegetables : | Add 1/2 cup finely chopped tomatoes, 1/4 cup chopped carrots, and 1/4 cup chopped beans. | Sauté for 3-4 minutes until the vegetables start to soften. | Step 4: Combine and Season : | Add the cooked dal to the vegetable mixture. | Add 1/2 tsp coriander powder, 1/4 tsp red chili powder, and 1/4 tsp garam masala. | Mix well and simmer for 5-7 minutes on low heat. | Add more water if necessary to achieve a soup-like consistency. | Step 5: Add Freshness : | Stir in 1 tbsp lemon juice and 2 tbsp finely chopped coriander leaves. | Adjust salt and spices according to taste. | Step 6: Serve : | Garnish with a few more chopped coriander leaves and a lemon wedge. | Serve hot as a comforting, protein-rich soup.",https://res.cloudinary.com/duegxp0u0/image/upload/v1745169412/recipe_uploads/tikxjw29drmss0zpk7ii.jpg
68395ecea1f9120d4641a52a,Chicken & Broccoli Alfredo,snack,non_vegetarian,weight_gain,520.0,55.0,50.0,20.0,6.0,650.0,140.0,35,3,Chicken & Broccoli Alfredo Chicken & Broccoli Alfredo Chicken & Broccoli Alfredo Chicken breast Broccoli Whole-wheat pasta Light cream Olive oil Parmesan cheese Garlic powder Salt Black pepper Nutmeg Parsley non_vegetarian,"nut_free,egg_free,low_sugar",Chicken breast (300g); Broccoli (200g); Whole-wheat pasta (150g); Light cream (100ml); Olive oil (1 tsp); Parmesan cheese (30g); Garlic powder (½ tsp); Salt (¼ tsp); Black pepper (¼ tsp); Nutmeg (¼ tsp); Parsley (1 tsp (optional)),"Step 1: Cook Pasta | Bring a pot of water to a boil, cook 150g whole-wheat pasta for 8–10 minutes until al dente, then drain and set aside. | Step 2: Prepare Chicken | Cut 300g chicken breast into 1-inch cubes and season with ¼ tsp salt and ¼ tsp black pepper. | Step 3: Sauté Chicken | Heat 1 tsp olive oil in a large skillet over medium heat, sauté chicken for 5–6 minutes until cooked through, then remove and set aside. | Step 4: Cook Broccoli | In the same skillet, add 200g broccoli florets and 2 tbsp water, cover, and steam for 3–4 minutes until tender, then remove and set aside. | Step 5: Make Alfredo Sauce | In the skillet, add 100ml light cream, 30g grated parmesan, and ½ tsp garlic powder, stirring over low heat for 2–3 minutes until thickened. | Step 6: Combine Ingredients | Return chicken, broccoli, and pasta to the skillet, tossing to coat evenly with the sauce. | Step 7: Adjust Seasoning | Add ¼ tsp nutmeg and adjust salt and pepper to taste, stirring for 1 minute to blend flavors. | Step 8: Serve | Divide into bowls, sprinkle with 1 tsp chopped parsley, and serve hot as a creamy dinner.",https://res.cloudinary.com/duegxp0u0/image/upload/v1748524579/xr5lwcgjt0tagic22td4.jpg
68395ecea1f9120d4641a504,Beef & Potato Skillet,breakfast,non_vegetarian,weight_gain,540.0,42.0,50.0,25.0,6.0,500.0,90.0,45,2,Beef & Potato Skillet Beef & Potato Skillet Beef & Potato Skillet Beef Potatoes Onion Rosemary Olive oil Garlic Salt Black pepper Parsley non_vegetarian,"gluten_free,nut_free,egg_free,lactose_free,low_sodium,low_sugar,dairy_free",Beef (250g); Potatoes (200g); Onion (50g); Rosemary (1 tsp); Olive oil (1 tbsp); Garlic (1 clove); Salt (¼ tsp); Black pepper (¼ tsp); Parsley (1 tsp (optional)),"Step 1: Prepare Potatoes | Wash and dice 200g potatoes into ½-inch cubes for even cooking. | Step 2: Prepare Beef | Cut 250g beef into 1-inch cubes and pat dry with a paper towel for better browning. | Step 3: Chop Onion | Finely chop 50g onion to add sweetness and depth to the dish. | Step 4: Heat Oil | Heat 1 tbsp olive oil in a large skillet over medium-high heat. | Step 5: Brown Beef | Add beef cubes to the skillet, cook for 4–5 minutes until browned on all sides, then remove and set aside. | Step 6: Cook Potatoes and Onion | Add potatoes and onion to the skillet, cook for 8–10 minutes, stirring occasionally, until potatoes are golden and tender. | Step 7: Season Dish | Return beef to the skillet, add 1 tsp rosemary, 1 minced garlic clove, ¼ tsp salt, and ¼ tsp black pepper, stirring for 2–3 minutes until fragrant. | Step 8: Serve | Transfer to a serving dish, garnish with 1 tsp chopped parsley if desired, and serve hot as a hearty dinner.",https://res.cloudinary.com/duegxp0u0/image/upload/v1748524578/qokpwes28vgt1taej801.jpg
68395ef0a1f9120d4641a763,Shahi Tukray Paratha with Rabri,breakfast,desi,weight_gain,480.0,8.0,60.0,15.0,3.0,500.0,10.0,35,1,Shahi Tukray Paratha with Rabri Shahi Tukray Paratha with Rabri Shahi Tukray Paratha with Rabri Bread Milk Sugar Ghee Cardamom Paratha Rabri Whole wheat flour Saffron desi,"nut_free,egg_free","Bread (2 slices); Milk (1 cup); Sugar (2 tbsp); Ghee (1 tbsp); Cardamom (1); Paratha (1); Rabri (2 tbsp); Whole wheat flour (½ cup (for paratha)); Saffron (a pinch (optional, for rabri))","Step 1: Gather Ingredients: Collect 2 slices white bread, oil (for frying), 2 cups milk, ½ cup sugar, 1 tsp cardamom powder, 1 cup milk (for rabri), 2 tbsp sugar (for rabri), 1 tbsp chopped nuts (almonds, pistachios), 2 cups whole wheat flour, ¾ cup water (for dough), and 2 tbsp ghee. | Step 2: Fry Bread: Heat oil in a pan over medium heat, fry 2 slices of white bread until golden and crisp (2-3 minutes per side), then drain on paper towels. | Step 3: Prepare Sweetened Milk: In a saucepan, heat 2 cups milk with ½ cup sugar and 1 tsp cardamom powder, stirring until the sugar dissolves; simmer for 5 minutes, then remove from heat. | Step 4: Soak Bread: Place the fried bread slices in a shallow dish, pour the warm sweetened milk over them, ensuring they soak evenly, and let them sit for 10-15 minutes. | Step 5: Make Rabri: In another pan, heat 1 cup milk with 2 tbsp sugar, simmer on low heat for 15-20 minutes, stirring occasionally, until it thickens to a creamy consistency; add 1 tbsp chopped nuts and cool slightly. | Step 6: Chill Shahi Tukray: Layer the soaked bread with the rabri, chill in the refrigerator for 30-60 minutes to set. | Step 7: Prepare Paratha Dough: In a bowl, mix 2 cups whole wheat flour with ¾ cup water, knead into a soft dough, rest for 15 minutes, roll into 4-6 circles, and cook on a tawa with ½ tbsp ghee per side for 1-2 minutes until golden. | Step 8: Serve Together: Plate the chilled shahi tukray topped with rabri alongside a warm paratha for a sweet-savory contrast.",https://res.cloudinary.com/duegxp0u0/image/upload/v1746813062/leqk6u5a2fvngtqkoo0m.jpg
68395ecea1f9120d4641a518,Egg & Beef Breakfast Hash,breakfast,non_vegetarian,weight_loss,520.0,42.0,35.0,28.0,4.0,500.0,350.0,35,2,Egg & Beef Breakfast Hash Egg & Beef Breakfast Hash Egg & Beef Breakfast Hash Ground beef Potatoes Eggs Paprika Olive oil Onion Salt Black pepper Parsley non_vegetarian,"gluten_free,nut_free,lactose_free,low_sugar,dairy_free",Ground beef (200g); Potatoes (250g); Eggs (4); Paprika (1 tsp); Olive oil (2 tsp); Onion (50g); Salt (¼ tsp); Black pepper (¼ tsp); Parsley (1 tsp (optional)),"Step 1: Prepare Potatoes | Peel and dice 250g potatoes into ½-inch cubes, then rinse under cold water to remove excess starch. | Step 2: Cook Potatoes | Heat 1 tbsp olive oil in a large skillet over medium heat, add potatoes, and cook for 10–12 minutes, stirring occasionally, until golden and tender. | Step 3: Cook Beef | Add 200g ground beef to the skillet with potatoes, breaking it apart, and sauté for 5–6 minutes until browned. | Step 4: Season Hash | Stir in 1 tsp paprika, ¼ tsp salt, and ¼ tsp black pepper, cooking for 1 minute to blend flavors. | Step 5: Add Onion | Add 50g finely chopped onion to the skillet, sauté for 2–3 minutes until softened. | Step 6: Fry Eggs | In a separate non-stick skillet, heat 1 tsp olive oil over medium heat, crack 4 eggs, and fry for 2–3 minutes until whites are set but yolks are runny (or to preference). | Step 7: Assemble Hash | Spoon the beef-potato mixture onto plates, top each portion with a fried egg. | Step 8: Serve | Garnish with 1 tsp chopped parsley if desired, and serve hot as a hearty breakfast.",https://res.cloudinary.com/duegxp0u0/image/upload/v1748524629/eoigx3ivt3zglgammdpl.jpg
68395eeaa1f9120d4641a686,"Tandoori Chicken Wings (Oven-Baked, No Butter)",lunch,desi,weight_loss,260.0,22.0,2.0,18.0,0.0,400.0,90.0,1,5,"Tandoori Chicken Wings (Oven-Baked, No Butter) Tandoori Chicken Wings (Oven-Baked, No Butter) Tandoori Chicken Wings (Oven-Baked, No Butter) Chicken Wings Yogurt Cumin Powder Coriander Powder Paprika Turmeric Powder Red Chili Powder Salt desi","gluten_free,nut_free,egg_free,low_sodium,low_sugar","Chicken Wings (500g); Yogurt (1 tbsp (15g)); Cumin Powder (1 tsp (2g)); Coriander Powder (1 tsp (2g)); Paprika (1 tsp (2g)); Turmeric Powder (1/2 tsp (1g)); Red Chili Powder (1/2 tsp (1g)); Salt (To taste (assumed 1 tsp, 3g))","Step 1: Prepare the chicken wings : | Clean and pat dry 500g chicken wings, removing any excess moisture before marinating. | Step 2: Mix the marinade : | In a mixing bowl, combine 1 tbsp yogurt, 1 tsp cumin powder, 1 tsp coriander powder, 1 tsp paprika, 1/2 tsp turmeric powder, 1/2 tsp red chili powder, 1 tsp ginger-garlic paste, and salt to taste. | Step 3: Marinate the wings : | Add the chicken wings to the bowl and coat them well with the marinade. Cover and let them marinate in the refrigerator for at least 1 hour. | Step 4: Preheat the oven : | Preheat your oven to 200°C (400°F) while the wings finish marinating. | Step 5: Prepare the baking tray : | Line a baking tray with parchment paper or lightly grease it with oil to prevent sticking. | Step 6: Bake the wings : | Arrange the marinated wings on the tray in a single layer. Bake for 25-30 minutes, flipping them halfway through for even cooking. | Step 7: Check for doneness : | Ensure the wings are cooked through and have a golden, slightly charred exterior. You can broil them for an extra 2-3 minutes if you prefer a crispier texture. | Step 8: Serve : | Serve the hot tandoori chicken wings with mint chutney or a fresh vegetable salad on the side.",https://res.cloudinary.com/duegxp0u0/image/upload/v1745169139/recipe_uploads/qmxif0qwnlzomqvkv8tx.jpg
68395ecea1f9120d4641a506,Lamb & Feta Stuffed Peppers,dinner,non_vegetarian,weight_gain,570.0,46.0,30.0,35.0,8.0,650.0,110.0,50,2,Lamb & Feta Stuffed Peppers Lamb & Feta Stuffed Peppers Lamb & Feta Stuffed Peppers Ground lamb Feta cheese Bell peppers Oregano Olive oil Garlic Salt Black pepper Parsley non_vegetarian,"gluten_free,nut_free,egg_free,low_sugar",Ground lamb (250g); Feta cheese (60g); Bell peppers (4 (~150g each)); Oregano (1 tsp); Olive oil (2 tsp); Garlic (1 clove); Salt (¼ tsp); Black pepper (¼ tsp); Parsley (1 tbsp),"Step 1: Preheat Oven | Preheat the oven to 190°C and prepare a baking dish lightly greased with 1 tsp olive oil. | Step 2: Prepare Peppers | Cut the tops off 4 bell peppers (about 150g each), remove seeds and membranes, and set aside. | Step 3: Cook Lamb | Heat 1 tsp olive oil in a skillet over medium heat, add 250g ground lamb, and cook for 5–6 minutes, breaking it apart until browned. | Step 4: Season Lamb | Add 1 tsp oregano, 1 minced garlic clove, ¼ tsp salt, and ¼ tsp black pepper to the lamb, stirring for 1 minute, then remove from heat. | Step 5: Prepare Filling | In a bowl, mix the cooked lamb with 60g crumbled feta cheese and 1 tbsp chopped parsley for extra flavor. | Step 6: Stuff Peppers | Spoon the lamb-feta mixture evenly into the hollowed bell peppers, packing lightly to fill. | Step 7: Bake Peppers | Place stuffed peppers upright in the baking dish, cover with foil, and bake for 25 minutes, then uncover and bake for 10 more minutes until peppers are tender. | Step 8: Serve | Let peppers rest for 5 minutes, garnish with a sprinkle of parsley if desired, and serve warm as a flavorful dinner.",https://res.cloudinary.com/duegxp0u0/image/upload/v1748524702/kbbaavueo5qkvanx7qei.jpg
68395eeaa1f9120d4641a64d,Slow-Cooked Chicken Broth with Whole Spices,dinner,desi,weight_loss,260.0,26.0,2.0,16.0,0.0,400.0,80.0,6,3,Slow-Cooked Chicken Broth with Whole Spices Slow-Cooked Chicken Broth with Whole Spices Slow-Cooked Chicken Broth with Whole Spices Whole Chicken (skinless) Garlic Ginger Cinnamon Salt Oil Water desi,"gluten_free,nut_free,egg_free,lactose_free,low_sodium,low_sugar,low_carb,dairy_free","Whole Chicken (skinless) (300g (cut into pieces)); Garlic (2 cloves (6g, minced)); Ginger (1 tbsp (10g, grated)); Cinnamon (1 stick (1g)); Salt (To taste (assumed 1/2 tsp, 1.5g, not listed but implied)); Oil (As needed (assumed 1 tbsp, 14g, for cooking, not listed but implied)); Water (As needed (assumed 1 cup, 240ml, for cooking))","Step 1: Prepare the Chicken : | Place a whole skinless chicken into a slow cooker. Add enough water to fully submerge the chicken, along with garlic, ginger, cinnamon, and cloves. | Step 2: Set the Slow Cooker : | Set the slow cooker to cook on low heat for 6-8 hours. This allows the chicken to become tender and the broth to develop a rich flavor. | Step 3: Check for Tenderness : | After the cooking time has passed, check if the chicken is fully cooked and tender, with the meat easily falling off the bone. | Step 4: Strain the Broth : | Carefully remove the chicken from the slow cooker and set it aside. Strain the broth to remove any solids, leaving a clear, flavorful liquid. | Step 5: Shred the Chicken : | Once the chicken has cooled slightly, shred the meat using two forks, discarding any bones or skin. | Step 6: Combine Shredded Chicken with Broth : | Return the shredded chicken to the strained broth, mixing it well to combine the flavors. | Step 7: Serve the Soup : | Serve the chicken and broth as a comforting soup, optionally garnished with fresh herbs or vegetables. | Step 8: Store for Later Use : | If not serving immediately, allow the soup to cool, then store it in an airtight container in the fridge for up to a few days, or freeze for later use.",https://res.cloudinary.com/duegxp0u0/image/upload/v1745169376/recipe_uploads/kmehsvu7bnetvf800ywg.jpg
68395ec7a1f9120d4641a4e8,Zafrani Kheer with Almonds & Pistachios,snack,vegetarian,weight_loss,320.0,8.0,48.0,12.0,1.0,100.0,20.0,45,3,Zafrani Kheer with Almonds & Pistachios Zafrani Kheer with Almonds & Pistachios Zafrani Kheer with Almonds & Pistachios Milk Rice Sugar Saffron Cardamom Almonds Pistachios Rose water vegetarian,"egg_free,low_sodium",Milk (3 cups); Rice (¼ cup); Sugar (3 tbsp); Saffron (pinch); Cardamom (2 pods); Almonds (1 tbsp); Pistachios (1 tbsp); Rose water (¼ tsp),"Step 1: Gather Ingredients: | Collect ¼ cup basmati rice, 1 liter full-fat milk, ¼ tsp saffron strands, ⅓ cup sugar, ½ tsp cardamom powder, 2 tbsp almonds (slivered), 2 tbsp pistachios (slivered), and 1 tbsp warm milk (for saffron). | Step 2: Soak Saffron: | Dissolve ¼ tsp saffron strands in 1 tbsp warm milk and set aside for 15-20 minutes to infuse. | Step 3: Prepare Rice: | Rinse ¼ cup basmati rice thoroughly, soak in water for 30 minutes, then drain. | Step 4: Boil Milk: | Pour 1 liter full-fat milk into a heavy-bottomed pan, bring to a boil over medium heat, stirring occasionally to prevent sticking. | Step 5: Cook Rice: | Add the soaked rice to the boiling milk, reduce heat to low, and simmer for 30-40 minutes, stirring occasionally, until the rice is soft and the milk thickens. | Step 6: Sweeten and Flavor: | Stir in ⅓ cup sugar, ½ tsp cardamom powder, and the saffron-infused milk; cook for 5-7 minutes until fully blended and aromatic. | Step 7: Serve with Garnish: | Remove from heat, let cool slightly or chill, then serve in bowls garnished with 2 tbsp slivered almonds and 2 tbsp slivered pistachios.",https://res.cloudinary.com/duegxp0u0/image/upload/v1748525434/srqyifnoexplkyemj1bg.jpg
68395ed6a1f9120d4641a555,Stuffed Bell Peppers,breakfast,mediterranean,weight_gain,480.0,13.0,85.0,37.0,12.0,17.0,0.0,45,4,Stuffed Bell Peppers Stuffed Bell Peppers Stuffed Bell Peppers Bell peppers Rice Pine nuts Currants Olive oil mediterranean,"gluten_free,egg_free,lactose_free,low_sodium,low_sugar,low_cholesterol,dairy_free",Bell peppers (400g); Rice (150g); Pine nuts (30g); Currants (20g); Olive oil (1 tbsp),"Step 1: Cook Rice | Rinse 150g rice and cook in 300ml water for 15 minutes until tender, then cool slightly. |  | Step 2: Prep Peppers | Wash 4 medium bell peppers (about 400g total) and cut off the tops to create lids. |  | Step 3: Hollow Peppers | Remove seeds and membranes from the peppers, keeping them intact for stuffing. |  | Step 4: Toast Pine Nuts | Lightly toast 30g pine nuts in a dry pan for 2 minutes until golden, then set aside. |  | Step 5: Mix Filling | Combine cooked rice, pine nuts, 20g currants, 1 tbsp olive oil, and a pinch of salt in a bowl. |  | Step 6: Stuff Peppers | Spoon the rice mixture into the hollowed peppers, filling them evenly. |  | Step 7: Bake Peppers | Place stuffed peppers in a baking dish, cover with their lids, and bake at 180°C for 35 minutes. |  | Step 8: Serve Hot | Remove from the oven, let cool slightly, and serve as a hearty dinner.",https://res.cloudinary.com/duegxp0u0/image/upload/v1748524449/qtkyjhhcnlagp8qvbbgg.jpg
68395eeaa1f9120d4641a6cb,Air-Fried Sweet Potato Cutlets,snack,desi,weight_loss,70.0,2.0,14.0,1.0,2.0,200.0,0.0,20,1,Air-Fried Sweet Potato Cutlets Air-Fried Sweet Potato Cutlets Air-Fried Sweet Potato Cutlets Sweet Potato Breadcrumbs Spices Salt Fresh Coriander desi,"nut_free,egg_free,lactose_free,low_sodium,low_sugar,low_fat,dairy_free","Sweet Potato (1/2 cup (100g, boiled and mashed)); Breadcrumbs (2 tbsp (15g)); Spices (1 tsp (2g, assumed cumin and coriander powder mix)); Salt (To taste (assumed 1/4 tsp, 0.75g, not listed but implied)); Fresh Coriander (For garnish (assumed 1 tbsp, 3g, chopped, not listed but implied))","Step 1: Grate the Sweet Potato : | Grate the sweet potato and place it in a bowl. Add spices, breadcrumbs, and a pinch of salt to the grated sweet potato. | Step 2: Shape the Cutlets : | Mix all the ingredients well and shape the mixture into small cutlets or patties. | Step 3: Preheat the Air Fryer : | Preheat your air fryer to 180°C (350°F) for a few minutes. | Step 4: Air Fry the Cutlets : | Place the shaped cutlets in the air fryer basket and air fry for 10-15 minutes until they are golden and crispy. | Step 5: Check for Crispiness : | After 10 minutes, check the cutlets for crispiness, and air fry for an additional 5 minutes if needed. | Step 6: Prepare the Dips : | While the cutlets are cooking, prepare a refreshing mint chutney or a yogurt dip for serving. | Step 7: Remove the Cutlets : | Once the cutlets are crispy and golden, carefully remove them from the air fryer. | Step 8: Serve and Enjoy : | Serve the sweet potato cutlets with the mint chutney or yogurt dip and enjoy your healthy snack!",https://res.cloudinary.com/duegxp0u0/image/upload/v1745169507/recipe_uploads/ohyizvpx5qevq03sm7s9.jpg
68395ed6a1f9120d4641a557,Cheese-Stuffed Figs,breakfast,mediterranean,weight_gain,440.0,15.0,51.0,29.0,3.0,402.0,80.0,10,1,Cheese-Stuffed Figs Cheese-Stuffed Figs Cheese-Stuffed Figs Figs Goat cheese Honey mediterranean,"gluten_free,nut_free,egg_free,low_sodium",Figs (120g); Goat cheese (100g); Honey (30g),"Step 1: Prep Figs | Wash 8 fresh figs (about 120g total) and pat them dry with a towel. |  | Step 2: Halve Figs | Cut each fig in half lengthwise to create 16 halves. |  | Step 3: Soften Cheese | Let 100g goat cheese sit at room temperature for 5 minutes to soften. |  | Step 4: Stuff Figs | Spoon about 1 tsp of goat cheese onto the cut side of each fig half. |  | Step 5: Arrange Figs | Place the stuffed fig halves on a serving plate, cheese side up. |  | Step 6: Measure Honey | Measure 30g honey and warm slightly if too thick for drizzling. |  | Step 7: Drizzle Honey | Drizzle the honey evenly over the stuffed figs for sweetness. |  | Step 8: Serve Fresh | Serve immediately as a sweet and savory snack, garnished with a pinch of sea salt if desired.",https://res.cloudinary.com/duegxp0u0/image/upload/v1748524192/biehisivxtztr6t37lqz.jpg
68395eeaa1f9120d4641a6af,Oats & Besan Tikki (Baked Chickpea & Oat Patties),breakfast,desi,weight_loss,200.0,8.0,28.0,6.0,4.0,300.0,0.0,40,1,Oats & Besan Tikki (Baked Chickpea & Oat Patties) Oats & Besan Tikki (Baked Chickpea & Oat Patties) Oats & Besan Tikki (Baked Chickpea & Oat Patties) Oats Besan (Chickpea Flour) Turmeric Powder Cumin Seeds Salt Water Oil desi,"nut_free,egg_free,lactose_free,low_sodium,low_sugar,dairy_free","Oats (1/2 cup (40g, rolled or ground into powder)); Besan (Chickpea Flour) (1/2 cup (50g)); Turmeric Powder (1/4 tsp (0.5g)); Cumin Seeds (1/2 tsp (1g)); Salt (To taste (assumed 1/2 tsp, 1.5g)); Water (As needed (assumed 3/4 cup, 180ml, for batter consistency)); Oil (As needed (assumed 1 tsp, 5g, for cooking, not listed but implied))","Step 1: Prepare the Mixture : | Mix 1/2 cup oats, 1/2 cup besan (chickpea flour), 1/4 tsp turmeric, 1/2 tsp cumin seeds, and salt in a bowl. | Step 2: Form the Dough : | Add water to the mixture to form a dough, then shape the dough into patties. | Step 3: Preheat the Oven : | Preheat the oven to 180°C (350°F). | Step 4: Place Patties on Baking Sheet : | Place the patties on a baking sheet lined with parchment paper. | Step 5: Bake the Patties : | Bake for 20-25 minutes, flipping halfway through for even cooking. | Step 6: Check for Crispiness : | Ensure the patties are crispy and golden brown on both sides. | Step 7: Serve with Chutney : | Serve the baked patties hot with mint chutney on the side. | Step 8: Enjoy : | Enjoy the flavorful and healthy oats besan patties!",https://res.cloudinary.com/duegxp0u0/image/upload/v1745169440/recipe_uploads/rhnjfydr1iiq3k5wwklr.jpg
68395eeaa1f9120d4641a6dc,Sattu Drink (Roasted Gram Flour with Lemon & Water),snack,desi,weight_loss,50.0,3.0,8.0,1.0,2.0,150.0,0.0,5,1,Sattu Drink (Roasted Gram Flour with Lemon & Water) Sattu Drink (Roasted Gram Flour with Lemon & Water) Sattu Drink (Roasted Gram Flour with Lemon & Water) Sattu (Roasted Gram Flour) Lemon Juice Black Salt Cumin Powder Water desi,"gluten_free,nut_free,egg_free,lactose_free,low_sodium,low_sugar,low_fat,dairy_free","Sattu (Roasted Gram Flour) (2 tbsp (20g)); Lemon Juice (1 tbsp (15ml)); Black Salt (1/4 tsp (0.75g)); Cumin Powder (1/2 tsp (1g)); Water (As needed (assumed 1 cup, 240ml, for drink consistency))","Step 1: Prepare Sattu Drink : | In a glass, mix 1-2 tablespoons of sattu (roasted gram flour) with cold water and stir well to avoid any lumps. | Step 2: Add Lemon Juice : | Squeeze fresh lemon juice into the glass, adding a tangy flavor to the drink. | Step 3: Season with Black Salt : | Add black salt to the mixture for a savory touch that enhances the taste. | Step 4: Add Cumin Powder : | Sprinkle a pinch of cumin powder to give the drink a warm, earthy flavor. | Step 5: Stir the Mixture : | Stir all the ingredients thoroughly to ensure they blend evenly and there are no lumps. | Step 6: Adjust Consistency : | If the drink is too thick, add more cold water to reach your desired consistency. | Step 7: Chill the Drink : | Place the glass in the refrigerator or add ice cubes to chill the drink. | Step 8: Serve and Enjoy : | Serve the sattu drink chilled as a refreshing, healthy beverage, perfect for a hot day.",https://res.cloudinary.com/duegxp0u0/image/upload/v1745169544/recipe_uploads/klhvhcmpiebfuci5yrju.jpg
68395ecea1f9120d4641a4fb,Egg & Beef Breakfast Burrito,breakfast,non_vegetarian,weight_gain,500.0,40.0,40.0,22.0,3.0,650.0,290.0,20,2,Egg & Beef Breakfast Burrito Egg & Beef Breakfast Burrito Egg & Beef Breakfast Burrito Eggs Ground beef Tortilla Salsa Olive oil Salt Black pepper Cumin Cilantro non_vegetarian,"nut_free,low_sugar",Eggs (3); Ground beef (100g); Tortilla (1); Salsa (2 tbsp); Olive oil (1 tsp); Salt (¼ tsp); Black pepper (¼ tsp); Cumin (½ tsp); Cilantro (1 tsp (optional)),"Step 1: Prepare Beef | Heat 1 tsp olive oil in a skillet over medium heat, add 100g ground beef, and cook for 4–5 minutes, breaking it apart until browned. | Step 2: Season Beef | Season beef with ¼ tsp salt, ¼ tsp black pepper, and ½ tsp cumin, stirring for 1 minute, then set aside. | Step 3: Whisk Eggs | Crack 3 eggs into a bowl, whisk with a pinch of salt until well combined. | Step 4: Scramble Eggs | In the same skillet, add the eggs and scramble over medium heat for 2–3 minutes until just set. | Step 5: Combine Filling | Add the cooked beef back to the skillet with the eggs, mixing gently to combine, then remove from heat. | Step 6: Warm Tortilla | Heat 1 tortilla in a dry skillet or microwave for 10–15 seconds to make it pliable. | Step 7: Assemble Burrito | Place the egg-beef mixture in the center of the tortilla, top with 2 tbsp salsa, and fold tightly, tucking in the ends. | Step 8: Serve | Cut the burrito in half if desired, garnish with 1 tsp chopped cilantro if preferred, and serve warm as a hearty breakfast.",https://res.cloudinary.com/duegxp0u0/image/upload/v1748524629/ifaleph4rndz1pjpmt1l.jpg
68395eeaa1f9120d4641a6b9,Masoor Dal Crackers (Homemade Baked Lentil Chips),snack,desi,weight_loss,100.0,6.0,15.0,2.0,4.0,300.0,0.0,30,1,Masoor Dal Crackers (Homemade Baked Lentil Chips) Masoor Dal Crackers (Homemade Baked Lentil Chips) Masoor Dal Crackers (Homemade Baked Lentil Chips) Masoor Dal Cumin Powder Black Pepper Salt Water Oil desi,"gluten_free,nut_free,egg_free,lactose_free,low_sodium,low_sugar,dairy_free","Masoor Dal (1/2 cup (100g, dry)); Cumin Powder (1 tsp (2g)); Black Pepper (1/4 tsp (0.5g)); Salt (1/2 tsp (1.5g)); Water (As needed (assumed 1/2 cup, 120ml, for dough consistency)); Oil (As needed (assumed 1 tsp, 5g, for brushing, not listed but implied for baking))","Step 1: Soak the Masoor Dal : | Rinse the red lentils thoroughly and soak them in water for 2–3 hours until they become soft. | Step 2: Grind into a Batter : | Drain the soaked dal and grind it into a smooth, thick batter using a blender or food processor, adding minimal water. | Step 3: Add Spices to the Batter : | Mix salt, cumin powder, black pepper, and turmeric powder into the batter for flavor and color. | Step 4: Preheat the Oven : | Preheat your oven to 180°C (350°F) to ensure even baking. | Step 5: Prepare the Baking Sheet : | Line a baking sheet with parchment paper or lightly grease it to prevent sticking. | Step 6: Spread the Batter : | Pour a portion of the batter onto the baking sheet and spread it thinly and evenly using a spatula. | Step 7: Bake Until Crisp : | Bake the spread batter in the preheated oven for 15–20 minutes, flipping it halfway through for even crispness. | Step 8: Cool and Serve : | Remove from the oven once golden and crispy, let it cool slightly, then cut into pieces and serve as a healthy snack.",https://res.cloudinary.com/duegxp0u0/image/upload/v1745169469/recipe_uploads/obhp4giidoblhhxqo01r.jpg
68395eeaa1f9120d4641a6b6,Masala Makhana (Spicy Roasted Fox Nuts),snack,desi,weight_loss,90.0,2.0,10.0,5.0,1.0,150.0,5.0,15,1,Masala Makhana (Spicy Roasted Fox Nuts) Masala Makhana (Spicy Roasted Fox Nuts) Masala Makhana (Spicy Roasted Fox Nuts) Fox Nuts (Makhana) Ghee Salt Chili Powder Cumin Powder desi,"gluten_free,nut_free,egg_free,low_sodium,low_sugar",Fox Nuts (Makhana) (1 cup (30g)); Ghee (1 tsp (5g)); Salt (1/4 tsp (0.75g)); Chili Powder (1/2 tsp (1g)); Cumin Powder (1/2 tsp (1g)),"Step 1: Heat the Ghee : | Place a pan on medium heat and add ghee. Allow it to melt completely and heat up. | Step 2: Add the Fox Nuts : | Once the ghee is hot, add the fox nuts (makhana) to the pan. | Step 3: Begin Toasting : | Stir the fox nuts continuously and toast them in the ghee for 5–7 minutes until they become light and crispy. | Step 4: Check for Crispiness : | Take one fox nut and press it—if it breaks easily and feels light, it's properly toasted. | Step 5: Add Seasonings : | Sprinkle salt, chili powder, cumin powder, and your choice of dried herbs into the pan. | Step 6: Mix Well : | Stir everything thoroughly so the spices coat the fox nuts evenly. | Step 7: Cook for Extra Flavor : | Let the spiced fox nuts cook for another 2 minutes on low heat to enhance the flavor. | Step 8: Cool and Store : | Remove from heat and let them cool completely before storing in an airtight container for a crunchy snack.",https://res.cloudinary.com/duegxp0u0/image/upload/v1745169458/recipe_uploads/z6oxbogiig1cqwg1fkb4.jpg
68395ec7a1f9120d4641a4d6,Spinach Ricotta Stuffed Shells,snack,vegetarian,weight_gain,560.0,32.0,55.0,30.0,6.0,850.0,70.0,50,2,Spinach Ricotta Stuffed Shells Spinach Ricotta Stuffed Shells Spinach Ricotta Stuffed Shells Pasta shells Ricotta Spinach Marinara Olive oil Mozzarella Garlic powder Salt Black pepper Basil vegetarian,"nut_free,egg_free,low_sugar",Pasta shells (15); Ricotta (250g); Spinach (150g); Marinara (200ml); Olive oil (2 tsp); Mozzarella (50g); Garlic powder (1/2 tsp); Salt (1/2 tsp); Black pepper (1/4 tsp); Basil (1 tsp (optional)),"Step 1: Preheat Oven | Preheat the oven to 180°C and lightly grease a 9x13-inch baking dish with 1 tsp olive oil. | Step 2: Cook Pasta Shells | Boil 15 jumbo pasta shells in salted water for 8–10 minutes until al dente, then drain and cool slightly. | Step 3: Prepare Spinach | Wash 150g spinach, chop roughly, and sauté in 1 tsp olive oil for 2–3 minutes until wilted, then cool. | Step 4: Mix Filling | In a bowl, combine 250g ricotta, sautéed spinach, 1/2 tsp garlic powder, 1/2 tsp salt, and 1/4 tsp black pepper until smooth. | Step 5: Stuff Shells | Spoon about 1–2 tbsp of the ricotta-spinach mixture into each pasta shell, filling generously. | Step 6: Spread Marinara | Pour 100ml marinara sauce into the bottom of the baking dish, place stuffed shells on top, and drizzle with remaining 100ml marinara. | Step 7: Add Cheese Topping | Sprinkle 50g shredded mozzarella over the shells for a cheesy finish. | Step 8: Bake and Serve | Bake for 25–30 minutes until bubbly and golden. Let cool for 5 minutes, garnish with 1 tsp chopped basil if desired, and serve warm as a rich dinner.",https://res.cloudinary.com/duegxp0u0/image/upload/v1748525342/husq13af9wfozcpsebqw.jpg
68395ecea1f9120d4641a50d,Beef & Egg Breakfast Skillet,breakfast,non_vegetarian,weight_loss,420.0,36.0,10.0,28.0,2.0,500.0,290.0,20,2,Beef & Egg Breakfast Skillet Beef & Egg Breakfast Skillet Beef & Egg Breakfast Skillet Beef sirloin Eggs Onion Olive oil Salt Black pepper Paprika Parsley non_vegetarian,"gluten_free,nut_free,lactose_free,low_carb,low_sodium,low_sugar,dairy_free",Beef sirloin (150g); Eggs (3); Onion (50g); Olive oil (1 tbsp); Salt (¼ tsp); Black pepper (¼ tsp); Paprika (½ tsp (optional)); Parsley (1 tsp (optional)),"Step 1: Prepare Beef | Cut 150g beef sirloin into ½-inch cubes and pat dry with a paper towel. | Step 2: Chop Onion | Finely chop 50g onion for even cooking and flavor. | Step 3: Heat Oil | Heat 1 tbsp olive oil in a large skillet over medium-high heat. | Step 4: Sauté Beef | Add beef cubes to the skillet, sauté for 3–4 minutes until browned, then remove and set aside. | Step 5: Sauté Onion | In the same skillet, add chopped onion, sauté for 2–3 minutes until soft and translucent. | Step 6: Scramble Eggs | Crack 3 eggs into a bowl, whisk with ¼ tsp salt and ¼ tsp black pepper, then pour into the skillet with onions, stirring gently. | Step 7: Combine Ingredients | Return beef to the skillet, stir with eggs and onions for 1–2 minutes until eggs are fully cooked and scrambled. | Step 8: Serve | Season with ½ tsp paprika if desired, garnish with 1 tsp chopped parsley, and serve hot as a hearty breakfast.",https://res.cloudinary.com/duegxp0u0/image/upload/v1748524578/utpqyaejwse5lsht5wco.jpg
68395ec7a1f9120d4641a4b0,Spinach & Ricotta Stuffed Shells,lunch,vegetarian,weight_gain,590.0,35.0,50.0,35.0,5.0,850.0,90.0,50,2,Spinach & Ricotta Stuffed Shells Spinach & Ricotta Stuffed Shells Spinach & Ricotta Stuffed Shells Pasta shells Ricotta Spinach Marinara sauce Olive oil Salt Black pepper Parsley vegetarian,"nut_free,egg_free,low_sugar",Pasta shells (12); Ricotta (250g); Spinach (150g); Marinara sauce (200ml); Olive oil (2 tsp); Salt (1/2 tsp); Black pepper (1/2 tsp); Parsley (1 tsp (optional)),"Step 1: Cook Pasta Shells | Boil 12 pasta shells in salted water for 8–10 minutes until al dente, then drain and cool slightly. | Step 2: Prepare Spinach | Wash 150g spinach, chop finely, and sauté in 1 tsp olive oil for 2–3 minutes until wilted, then drain excess liquid. | Step 3: Mix Filling | In a bowl, combine 250g ricotta cheese, sautéed spinach, 1/2 tsp salt, and 1/2 tsp black pepper. | Step 4: Preheat Oven | Preheat the oven to 180°C and lightly grease a baking dish with 1 tsp olive oil. | Step 5: Stuff Shells | Spoon the ricotta-spinach mixture evenly into the 12 cooked pasta shells. | Step 6: Prepare Baking Dish | Spread 50ml marinara sauce over the bottom of the baking dish. | Step 7: Assemble and Bake | Place the stuffed shells in the dish, pour 150ml marinara sauce over them, and bake for 30 minutes until bubbly. | Step 8: Serve | Let cool for 5 minutes, garnish with 1 tsp chopped parsley if desired, and serve warm.",https://res.cloudinary.com/duegxp0u0/image/upload/v1748525341/c7c5tq8btgmmhawlgqsh.jpg
68395ef0a1f9120d4641a77f,Crispy Chicken Strips with Chili Mayo,snack,desi,weight_gain,580.0,24.0,30.0,40.0,1.0,1000.0,120.0,30,2,Crispy Chicken Strips with Chili Mayo Crispy Chicken Strips with Chili Mayo Crispy Chicken Strips with Chili Mayo Chicken strips Bread crumbs Egg Oil Chili mayo Red chili powder Garlic powder Cumin powder Salt Black pepper Lemon juice Fresh cilantro Green chili Mayonnaise desi,"nut_free,low_sugar",Chicken strips (8 pieces); Bread crumbs (200g); Egg (4); Oil (4 cups); Chili mayo (8 tbsp); Red chili powder (½ tsp); Garlic powder (½ tsp); Cumin powder (¼ tsp); Salt (1 tsp); Black pepper (½ tsp); Lemon juice (1 tbsp); Fresh cilantro (2 tbsp); Green chili (1); Mayonnaise (4 tbsp),"Step 1: Gather Ingredients: Collect 400g chicken breast (cut into strips), 1 egg, 1 cup breadcrumbs, 1 tsp red chili powder, 1 tsp salt, oil (for frying), ¼ cup mayonnaise, and 1 tsp chili sauce. | Step 2: Prepare Chicken: Slice 400g chicken breast into thin strips and pat dry. | Step 3: Coat Strips: Beat 1 egg in a bowl; in another, mix 1 cup breadcrumbs with 1 tsp red chili powder and 1 tsp salt. Dip chicken strips in egg, then coat with breadcrumb mixture. | Step 4: Heat Oil: Heat oil in a deep pan over medium-high heat until hot (test with a breadcrumb; it should sizzle). | Step 5: Fry Strips: Fry the coated strips in batches for 3-4 minutes until golden and crispy, then drain on paper towels. | Step 6: Serve with Chili Mayo: Mix ¼ cup mayonnaise with 1 tsp chili sauce; serve the hot chicken strips with chili mayo on the side.",https://res.cloudinary.com/duegxp0u0/image/upload/v1746813064/c3p64llh5rqifirz6uxm.jpg
68395eeaa1f9120d4641a6a3,Baked Chicken Meatballs (With Coriander & Cumin),lunch,desi,weight_loss,250.0,26.0,10.0,12.0,1.0,400.0,80.0,40,5,Baked Chicken Meatballs (With Coriander & Cumin) Baked Chicken Meatballs (With Coriander & Cumin) Baked Chicken Meatballs (With Coriander & Cumin) Ground Chicken Breadcrumbs Fresh Coriander Cumin Powder Red Chili Powder Garlic Powder Salt Pepper desi,"nut_free,egg_free,lactose_free,low_sodium,low_sugar","Ground Chicken (500g); Breadcrumbs (1/2 cup (50g)); Fresh Coriander (1/4 cup (15g, chopped)); Cumin Powder (1 tsp (2g)); Red Chili Powder (1/2 tsp (1g)); Garlic Powder (1 tsp (3g)); Salt (To taste (assumed 1 tsp, 3g)); Pepper (To taste (assumed 1/2 tsp, 1g))","Step 1: Gather ingredients | Measure out all ingredients: 500g ground chicken, 1/2 cup breadcrumbs, 1/4 cup chopped fresh coriander, 1 tsp cumin powder, 1/2 tsp red chili powder, 1 tsp garlic powder, salt, and pepper. | Step 2: Preheat the oven | Set your oven to 180°C (350°F) and allow it to fully preheat while you prepare the meatball mixture. | Step 3: Prepare mixing bowl | In a large mixing bowl, add the ground chicken and all the other dry ingredients including breadcrumbs, coriander, spices, salt, and pepper. | Step 4: Mix ingredients | Using clean hands or a spoon, mix all ingredients thoroughly until they are well combined and evenly distributed throughout the chicken. | Step 5: Shape the meatballs | Scoop out small portions of the mixture and roll them into bite-sized balls using your palms. Try to keep them uniform in size for even cooking. | Step 6: Line baking tray | Line a baking tray with parchment paper or lightly grease it to prevent sticking. Arrange the meatballs on the tray with space between each one. | Step 7: Bake the meatballs | Place the tray in the preheated oven and bake for 20–25 minutes, or until the meatballs are golden brown and fully cooked through. | Step 8: Serve and enjoy | Remove the meatballs from the oven and let them cool slightly. Serve warm with a dipping sauce or pair with a fresh salad for a light lunch.",https://res.cloudinary.com/duegxp0u0/image/upload/v1745169215/recipe_uploads/u925xezicm9aerg2717k.jpg
68395eeaa1f9120d4641a5f6,Red Lentil Pancakes with Green Chilies,breakfast,desi,weight_loss,170.0,12.0,28.0,1.0,7.0,150.0,0.0,10,1,Red Lentil Pancakes with Green Chilies Red Lentil Pancakes with Green Chilies Red Lentil Pancakes with Green Chilies Red Lentils (Masoor Dal) Water Cumin Powder Turmeric Powder Green Chili (chopped) Salt desi,"gluten_free,nut_free,egg_free,lactose_free,low_sodium,low_sugar,low_cholesterol,dairy_free","Red Lentils (Masoor Dal) (1/2 cup (100g, dry)); Water (1/4 cup (60ml)); Cumin Powder (1/2 tsp (1g)); Turmeric Powder (1/2 tsp (1g)); Green Chili (chopped) (1 (5g)); Salt (to taste (0.5g, pinch))","Step 1: Soak the Lentils: | Soak 1/2 cup red lentils (masoor dal) in water for 2 hours until they soften. | Step 2: Blend into Batter: | Drain the soaked lentils and blend with 1/4 cup water to form a smooth batter. | Step 3: Add Spices: | Add 1/2 tsp cumin, 1/2 tsp turmeric, 1 finely chopped green chili, and salt to taste into the batter. | Step 4: Mix Well: | Stir the batter thoroughly to evenly distribute all spices and ingredients. | Step 5: Heat the Pan: | Heat a non-stick pan over medium heat and lightly grease it if needed. | Step 6: Cook the Pancake: | Pour a ladle of batter onto the pan and spread it gently into a thin circle. | Step 7: Flip and Cook: | Cook until golden brown on one side, then flip and cook the other side evenly. | Step 8: Serve and Enjoy: | Serve hot with mint chutney or yogurt for a delicious desi breakfast.",https://res.cloudinary.com/duegxp0u0/image/upload/v1745168977/recipe_uploads/hl5gowzigzh9hf6eurj8.jpg
68395ef0a1f9120d4641a724,Coconut Chicken Curry with Zeera Rice,lunch,desi,weight_gain,510.0,20.0,50.0,15.0,2.0,1090.0,40.0,55,2,Coconut Chicken Curry with Zeera Rice Coconut Chicken Curry with Zeera Rice Coconut Chicken Curry with Zeera Rice Chicken Coconut milk Onion Garlic paste Red chili powder Cumin seeds Salt Zeera rice Basmati rice Turmeric powder Oil Water Ginger paste Coriander leaves Garam masala Water desi,"nut_free,egg_free,low_sugar","Chicken (200g); Coconut milk (½ cup); Onion (1, chopped); Garlic paste (1 tsp); Red chili powder (½ tsp); Cumin seeds (½ tsp); Salt (½ tsp); Zeera rice (1 cup); Basmati rice (1 cup); Turmeric powder (¼ tsp); Oil (1 tbsp); Water (¼ cup); Ginger paste (½ tsp); Coriander leaves (1 tbsp, chopped); Garam masala (¼ tsp); Water (2 cups (for rice))","Step 1: Gather Ingredients: Collect 2 tbsp oil, 1 chopped onion, 1 tsp garlic paste, 1 tsp cumin seeds, 200g chicken (cubed), 1 tsp red chili powder, 1 tsp salt, 1 cup coconut milk, 2 cups basmati rice, and 4 cups water. | Step 2: Heat Oil: Pour 2 tbsp oil into a pan and heat over medium heat for 1-2 minutes. | Step 3: Sauté Base: Add 1 chopped onion, 1 tsp garlic paste, and 1 tsp cumin seeds, sautéing for 5-7 minutes until golden. | Step 4: Cook Chicken: Stir in 200g chicken, 1 tsp red chili powder, and 1 tsp salt, cooking for 10-15 minutes until tender. | Step 5: Add Coconut Milk: Pour in 1 cup coconut milk, mix well, and simmer for 10 minutes until the curry thickens. | Step 6: Prepare Zeera Rice: Heat 1 tsp oil in a pot, add 1 tsp cumin seeds, toast for 30 seconds, then add 2 cups basmati rice and 4 cups water, cooking for 10-12 minutes. | Step 7: Check Consistency: Ensure the curry is creamy and the rice is fluffy; adjust seasoning if needed. | Step 8: Serve Hot: Plate the coconut chicken curry and serve with hot zeera rice.",https://res.cloudinary.com/duegxp0u0/image/upload/v1746778283/lkihx2icr4tfpyvwhzvb.jpg
68395ef0a1f9120d4641a702,Anda Shami Kabab Roll,breakfast,desi,weight_gain,465.0,15.0,35.0,15.0,5.0,1090.0,105.0,30,1,Anda Shami Kabab Roll Anda Shami Kabab Roll Anda Shami Kabab Roll Shami kabab Whole wheat paratha Eggs Onions Tomatoes Green chutney Butter Whole wheat flour Coriander leaves Mint leaves Green chilies Salt Cooking oil Red chili powder Garam masala Cumin powder desi,"nut_free,low_sugar","Shami kabab (2 pieces (made with 250g minced beef, ¼ cup chana dal)); Whole wheat paratha (4 pieces); Eggs (2, beaten); Onions (1 large, sliced); Tomatoes (1 medium, sliced); Green chutney (2 tbsp); Butter (1 tbsp); Whole wheat flour (1 cup); Coriander leaves (1 tbsp, chopped); Mint leaves (1 tbsp, chopped); Green chilies (1, chopped); Salt (1 tsp); Cooking oil (1 tbsp); Red chili powder (½ tsp); Garam masala (¼ tsp); Cumin powder (¼ tsp)","Step 1: Gather the Ingredients: Collect 2 tbsp butter, 4 pre-made shami kababs, 2 eggs (beaten), 4 parathas, 1 sliced onion, 1 sliced tomato, 2 tbsp green chutney, and salt to taste. | Step 2: Heat the Butter: Melt 2 tbsp butter in a frying pan over medium heat for 1-2 minutes until it’s hot and sizzling. | Step 3: Cook the Shami Kababs: Place 4 shami kababs in the pan and cook for 3-4 minutes per side until crispy and golden brown, then set aside. | Step 4: Prepare the Omelet: In the same pan, pour 2 beaten eggs with a pinch of salt, cooking for 2-3 minutes until set into a thin omelet, then remove from heat. | Step 5: Warm the Paratha: Heat a paratha on a dry tawa or pan for 1-2 minutes per side until soft and lightly toasted. | Step 6: Assemble the Base: Lay the warm paratha flat, place the omelet on top, and spread ½ tbsp green chutney over the omelet. | Step 7: Add Fillings: Arrange 1-2 shami kababs on the omelet, then top with a few slices of onion and tomato for crunch and flavor. | Step 8: Roll and Serve: Fold the paratha tightly around the fillings to form a roll, then serve hot for a delicious, hearty meal.",https://res.cloudinary.com/duegxp0u0/image/upload/v1746775919/fhqsnhwqwqceqoqph8op.jpg
68395ec7a1f9120d4641a4bb,Stuffed Portobello Mushrooms,breakfast,vegetarian,weight_gain,490.0,20.0,45.0,30.0,7.0,850.0,45.0,40,2,Stuffed Portobello Mushrooms Stuffed Portobello Mushrooms Stuffed Portobello Mushrooms Portobello mushrooms Quinoa Spinach Feta Olive oil Garlic powder Salt vegetarian,"gluten_free,nut_free,egg_free,low_sugar",Portobello mushrooms (4); Quinoa (100g); Spinach (100g); Feta (80g); Olive oil (2 tsp); Garlic powder (1/2 tsp); Salt (1/2 tsp),"Step 1: Preheat Oven | Preheat the oven to 180°C and line a baking sheet with parchment paper. | Step 2: Prepare Mushrooms | Clean 4 portobello mushrooms, remove stems, and gently scoop out gills with a spoon. | Step 3: Cook Quinoa | Rinse 100g quinoa, cook in 200ml water for 15 minutes, then fluff with a fork and cool slightly. | Step 4: Prepare Spinach | Wash and chop 100g spinach, then sauté in 1 tsp olive oil for 2–3 minutes until wilted. | Step 5: Mix Filling | In a bowl, combine cooked quinoa, sautéed spinach, 80g crumbled feta, 1/2 tsp garlic powder, and 1/2 tsp salt. | Step 6: Stuff Mushrooms | Spoon the quinoa-spinach mixture evenly into the 4 mushroom caps, pressing lightly to pack. | Step 7: Bake Mushrooms | Place stuffed mushrooms on the baking sheet and bake for 25 minutes until tender and golden. | Step 8: Serve | Remove from oven, drizzle with 1 tsp olive oil if desired, and serve warm as a hearty dinner.",https://res.cloudinary.com/duegxp0u0/image/upload/v1748525397/uc5aycq91qg8csguelhy.jpg
68395eeaa1f9120d4641a5e1,Ragi (Finger Millet) Porridge with Jaggery,breakfast,desi,weight_loss,220.0,5.0,35.0,7.0,4.0,10.0,0.0,15,1,Ragi (Finger Millet) Porridge with Jaggery Ragi (Finger Millet) Porridge with Jaggery Ragi (Finger Millet) Porridge with Jaggery Ragi Flour Jaggery Chopped Almonds (optional) Chopped Cashews (optional) desi,"gluten_free,egg_free,lactose_free,low_sodium,low_sugar,low_cholesterol,dairy_free",Ragi Flour (1/2 cup (60g)); Jaggery (1 tbsp (12g)); Chopped Almonds (optional) (1 tbsp (10g)); Chopped Cashews (optional) (1 tbsp (10g)),"Step 1: Heat Water: | In a saucepan, bring 1 cup water to a gentle boil over medium heat. | Step 2: Add Ragi Flour: | Gradually add 1/2 cup ragi flour to the boiling water, stirring continuously to prevent lumps from forming. | Step 3: Cook Porridge: | Cook the mixture for 5-7 minutes, stirring frequently, until it thickens to a smooth, creamy consistency. | Step 4: Sweeten with Jaggery: | Add 1 tbsp jaggery to the porridge and stir well until it dissolves completely, blending into the mixture. | Step 5: Check Texture: | If the porridge is too thick, add a small amount of water, about 1/4 cup, and stir to achieve the desired consistency. | Step 6: Cool Slightly: | Remove the saucepan from heat and let the porridge cool for a minute to avoid serving it too hot. | Step 7: Garnish: | Sprinkle a handful of chopped nuts, such as almonds or cashews, over the porridge for added crunch, if desired. | Step 8: Serve Warm: | Serve the ragi porridge warm in a bowl, perfect for a nutritious breakfast or snack.",https://res.cloudinary.com/duegxp0u0/image/upload/v1745168930/recipe_uploads/sbqrzptll0lmigbguvk5.jpg
68395ec7a1f9120d4641a4dc,Chana Pulao,lunch,vegetarian,weight_gain,458.0,10.0,60.0,10.0,5.0,1080.0,0.0,30,3,"Chana Pulao Chana Pulao Chana Pulao Basmati rice Boiled chickpeas Onion Tomato Garlic paste Ginger paste Ghee Salt Black pepper Cumin seeds Water Coriander leaves Green chili Whole spices (cloves, cardamom) Turmeric powder vegetarian","nut_free,egg_free,low_sugar,low_cholesterol","Basmati rice (1 cup); Boiled chickpeas (1 cup); Onion (1 medium, sliced); Tomato (1 medium, chopped); Garlic paste (1 tsp); Ginger paste (1 tsp); Ghee (2 tbsp); Salt (1 tsp); Black pepper (½ tsp); Cumin seeds (1 tsp); Water (2 cups); Coriander leaves (2 tbsp, chopped); Green chili (1, chopped); Whole spices (cloves, cardamom) (½ tsp); Turmeric powder (¼ tsp)","Step 1: Gather the Ingredients: | Collect 3 tbsp ghee, 1 sliced onion, 2 garlic cloves (minced), 1 tsp ginger paste, 2 chopped tomatoes, 1 cup cooked chickpeas, 1 tsp salt, ½ tsp black pepper, 1 tsp cumin seeds, 2 cups basmati rice (washed), and 4 cups water. | Step 2: Heat the Ghee: | Melt 3 tbsp ghee in a large pot over medium heat for 1-2 minutes until it’s hot and fragrant. | Step 3: Sauté the Onions: | Add 1 sliced onion and sauté for 5-7 minutes, stirring occasionally, until golden brown. | Step 4: Add Garlic and Ginger: | Stir in 2 minced garlic cloves and 1 tsp ginger paste, cooking for 1-2 minutes until the aroma releases. | Step 5: Cook the Tomatoes: | Mix in 2 chopped tomatoes and cook for 5 minutes, stirring, until they soften into a thick base. | Step 6: Season with Chickpeas and Spices: | Add 1 cup cooked chickpeas, 1 tsp salt, ½ tsp black pepper, and 1 tsp cumin seeds, stirring well to coat everything evenly. | Step 7: Add Rice and Water: | Stir in 2 cups washed basmati rice, pour in 4 cups water, bring to a boil, then reduce heat to low and cover, cooking for 15-20 minutes until the rice is tender. | Step 8: Fluff and Serve: | Remove the lid, fluff the pulao with a fork, and serve hot for a protein-rich, flavorful meal.",https://res.cloudinary.com/duegxp0u0/image/upload/v1748524887/hlaev3qzmdegr6pj5c3f.jpg
68395ed6a1f9120d4641a57d,Marinated Mushrooms,snack,mediterranean,weight_loss,80.0,3.0,5.0,7.0,2.0,8.0,0.0,65,1,Marinated Mushrooms Marinated Mushrooms Marinated Mushrooms Mushrooms Lemon juice Oregano Olive oil mediterranean,"gluten_free,nut_free,egg_free,lactose_free,low_sodium,low_carb,low_sugar,low_cholesterol,dairy_free",Mushrooms (100g); Lemon juice (15ml); Oregano (5g); Olive oil (7ml),"Step 1: Clean Mushrooms | Wipe 100g mushrooms (e.g., cremini or button) with a damp cloth to remove dirt. |  | Step 2: Slice Mushrooms | Thinly slice the mushrooms and place them in a shallow bowl. |  | Step 3: Juice Lemon | Squeeze half a lemon (about 30g) to extract 15ml juice, removing seeds. |  | Step 4: Prep Oregano | Finely chop 5g fresh oregano leaves (or use dried if fresh is unavailable). |  | Step 5: Make Marinade | In a small bowl, whisk lemon juice, 7ml olive oil, and chopped oregano until combined. |  | Step 6: Marinate Mushrooms | Pour the marinade over the mushrooms, tossing to coat evenly, and cover the bowl. |  | Step 7: Chill Mixture | Refrigerate the mushrooms for 1 hour, stirring once halfway through. |  | Step 8: Serve Cold | Transfer marinated mushrooms to a plate and serve chilled as a snack.",https://res.cloudinary.com/duegxp0u0/image/upload/v1748524396/khwia5bgr1rsqq8bj74s.jpg
68395ebfa1f9120d4641a454,Garlic Butter Steak Bites,lunch,keto,weight_gain,660.0,55.0,3.0,50.0,0.0,500.0,190.0,25,3,Garlic Butter Steak Bites Garlic Butter Steak Bites Garlic Butter Steak Bites Ribeye Butter Garlic Salt Black pepper Parsley keto,"gluten_free,nut_free,egg_free,low_carb,low_sugar",Ribeye (300g); Butter (2 tbsp); Garlic (3 cloves); Salt (¼ tsp); Black pepper (¼ tsp); Parsley (1 tsp (optional)),"Step 1: Prepare Steak | Cut 300g ribeye into 1-inch cubes and season with ¼ tsp salt and ¼ tsp black pepper. | Step 2: Heat Pan | Melt 1 tbsp butter in a large skillet over high heat. | Step 3: Sear Steak | Add steak cubes in a single layer, sear for 2–3 minutes per side until browned, then remove and set aside. | Step 4: Add More Butter | Reduce heat to medium, add remaining 1 tbsp butter to the skillet. | Step 5: Cook Garlic | Add 3 minced garlic cloves, sauté for 30 seconds until fragrant. | Step 6: Combine Steak | Return steak to skillet, toss in garlic butter for 1 minute to coat. | Step 7: Garnish | Sprinkle with 1 tsp chopped parsley for freshness. | Step 8: Serve | Plate steak bites and serve hot as a rich dinner.",https://res.cloudinary.com/duegxp0u0/image/upload/v1745444786/rzxqdvagnizkii2cepia.webp
68395ebfa1f9120d4641a45c,Creamy Coffee Power Bites,snack,keto,weight_loss,220.0,1.0,2.0,24.0,0.0,80.0,30.0,5,1,Creamy Coffee Power Bites Creamy Coffee Power Bites Creamy Coffee Power Bites Coffee MCT oil Butter Cinnamon keto,"gluten_free,nut_free,low_carb,low_sugar",Coffee (200ml); MCT oil (1 tbsp); Butter (1 tbsp); Cinnamon (½ tsp),"Step 1: Brew Coffee | Prepare 200ml hot black coffee. | Step 2: Add Fats | Pour coffee into a blender, add 1 tbsp MCT oil and 1 tbsp butter. | Step 3: Season Coffee | Sprinkle in ½ tsp cinnamon. | Step 4: Blend Mixture | Blend on high for 30 seconds until frothy. | Step 5: Check Texture | Ensure coffee is creamy and well-mixed. | Step 6: Pour Drink | Pour into a mug. | Step 7: Garnish | Dust with a pinch of cinnamon for aroma. | Step 8: Serve | Serve hot as a quick breakfast.",https://res.cloudinary.com/duegxp0u0/image/upload/v1748523937/hghv5ib5ju5txumpqvxe.jpg
68395ec7a1f9120d4641a4b5,Cottage Cheese & Cucumber Toast,breakfast,vegetarian,weight_loss,250.0,22.0,25.0,8.0,4.0,500.0,20.0,10,1,Cottage Cheese & Cucumber Toast Cottage Cheese & Cucumber Toast Cottage Cheese & Cucumber Toast Cottage cheese Whole-grain bread Cucumber Olive oil Salt Black pepper vegetarian,"nut_free,egg_free,low_carb,low_sugar,low_cholesterol",Cottage cheese (100g); Whole-grain bread (2 slices); Cucumber (100g); Olive oil (1 tsp (optional)); Salt (1 pinch); Black pepper (1/2 tsp),"Step 1: Select Bread | Choose 2 slices of whole-grain bread for a nutritious base. | Step 2: Toast Bread | Toast the bread slices in a toaster or pan until golden and crisp. | Step 3: Prepare Cottage Cheese | Measure 100g cottage cheese and stir in a bowl for a smooth consistency. | Step 4: Prepare Cucumber | Wash 100g cucumber and slice thinly into rounds. | Step 5: Spread Cottage Cheese | Evenly spread 50g cottage cheese over each toasted bread slice. | Step 6: Add Cucumber | Layer the cucumber slices neatly over the cottage cheese on both toasts. | Step 7: Season Toast | Sprinkle 1 pinch of salt and 1/2 tsp black pepper over the cucumber slices for flavor. | Step 8: Serve | Drizzle 1 tsp olive oil lightly over the toasts if desired, and serve immediately as a light snack.",https://res.cloudinary.com/duegxp0u0/image/upload/v1748525070/fyvkaoxlqryvkopgtxdq.jpg
68395eeaa1f9120d4641a6a6,Masala Soya Chunks (Vegetarian Protein Source),lunch,desi,weight_loss,250.0,18.0,14.0,14.0,8.0,400.0,0.0,25,1,Masala Soya Chunks (Vegetarian Protein Source) Masala Soya Chunks (Vegetarian Protein Source) Masala Soya Chunks (Vegetarian Protein Source) Soya Chunks Oil Onion Cumin Powder Turmeric Powder Red Chili Powder Garam Masala Salt Fresh Coriander (for garnish) desi,"gluten_free,nut_free,egg_free,lactose_free,low_sodium,low_sugar,low_cholesterol,dairy_free","Soya Chunks (1 cup (100g, dry, soaked)); Oil (1 tbsp (14g)); Onion (1 medium (100g, chopped)); Cumin Powder (1 tsp (2g)); Turmeric Powder (1/2 tsp (1g)); Red Chili Powder (1 tsp (2g)); Garam Masala (1 tsp (2g)); Salt (To taste (assumed 1 tsp, 3g)); Fresh Coriander (for garnish) (As needed (assumed 1 tbsp, 3g))","Step 1: Prepare the Soya Chunks: | Boil 1 cup soya chunks in water for 10 minutes, then drain and squeeze out excess water. | Step 2: Prepare the Masala: | In a pan, heat 1 tbsp oil, add 1 chopped onion, and sauté until golden brown. Add 1 tsp ginger-garlic paste and cook for 1-2 minutes. | Step 3: Add Spices: | Add 1 tsp cumin powder, 1/2 tsp turmeric powder, 1 tsp red chili powder, 1 tsp garam masala, and salt. Cook for 2 minutes. | Step 4: Combine: | Add the boiled soya chunks to the masala, mix well, and cook for 5 minutes. | Step 5: Garnish: | Garnish with fresh coriander leaves for added flavor and color. | Step 6: Adjust Consistency: | If the dish is too dry, add a splash of water and cook for another 2 minutes to adjust the consistency. | Step 7: Serve: | Serve the soya chunks masala hot with rice, roti, or paratha. | Step 8: Enjoy: | Enjoy your delicious and nutritious soya chunks masala meal!",https://res.cloudinary.com/duegxp0u0/image/upload/v1745169228/recipe_uploads/zt9or05bb3dxwjqaud3w.jpg
68395ed6a1f9120d4641a570,Lemon Parsley Potatoes,dinner,mediterranean,weight_loss,180.0,4.0,36.0,3.0,4.0,24.0,0.0,25,2,Lemon Parsley Potatoes Lemon Parsley Potatoes Lemon Parsley Potatoes Potatoes Lemon juice Parsley Olive oil mediterranean,"gluten_free,nut_free,egg_free,lactose_free,low_sodium,low_sugar,low_cholesterol,dairy_free",Potatoes (200g); Lemon juice (15ml); Parsley (5g); Olive oil (3ml),"Step 1: Wash Potatoes | Rinse 200g potatoes under cold water to remove dirt. |  | Step 2: Cut Potatoes | Peel and cut potatoes into bite-sized chunks for even cooking. |  | Step 3: Boil Water | Fill a pot with water, add a pinch of salt, and bring to a boil. |  | Step 4: Cook Potatoes | Add potato chunks to boiling water and cook for 15 minutes until tender. |  | Step 5: Prep Lemon | Cut half a lemon (about 30g) and squeeze 15ml juice into a bowl, removing seeds. |  | Step 6: Prep Parsley | Wash 5g fresh parsley, pat dry, and finely chop the leaves. |  | Step 7: Toss Potatoes | Drain potatoes, place in a bowl, and toss with lemon juice, parsley, and 3ml olive oil. |  | Step 8: Serve Warm | Transfer to a plate and serve warm as a snack, optionally with a pinch of black pepper.",https://res.cloudinary.com/duegxp0u0/image/upload/v1748524394/cerkrquaw84q5aekwgik.jpg
68395eeaa1f9120d4641a63d,"Grilled Mutton Seekh Kebabs (No Butter, No Frying)",dinner,desi,weight_loss,280.0,20.0,4.0,20.0,1.0,400.0,70.0,30,2,"Grilled Mutton Seekh Kebabs (No Butter, No Frying) Grilled Mutton Seekh Kebabs (No Butter, No Frying) Grilled Mutton Seekh Kebabs (No Butter, No Frying) Minced Mutton Onion Garlic Ginger Coriander Cumin Chili Powder Salt Oil desi","gluten_free,nut_free,egg_free,lactose_free,low_sodium,low_sugar,low_carb,dairy_free","Minced Mutton (200g); Onion (1 small (70g, chopped)); Garlic (1 tbsp (15g, minced)); Ginger (1 tbsp (10g, grated)); Coriander (1/2 tsp (1g)); Cumin (1/2 tsp (1g)); Chili Powder (1/2 tsp (1g)); Salt (To taste (assumed 1/2 tsp, 1.5g, not listed but implied)); Oil (As needed (assumed 1 tbsp, 14g, for cooking, not listed but implied))","Step 1: Mix the ingredients: | In a large bowl, combine minced mutton with finely chopped onions, garlic, ginger, coriander, cumin, and chili powder. Mix thoroughly to ensure all the ingredients are well incorporated. | Step 2: Shape into kebabs: | Divide the mixture into small portions and shape them into seekh kebabs, forming them around skewers or as individual pieces. | Step 3: Preheat the grill: | Preheat the grill to medium-high heat and lightly grease the grill rack to prevent the kebabs from sticking. | Step 4: Grill the kebabs: | Place the seekh kebabs on the grill and cook for 10-15 minutes, turning them occasionally, until they are fully cooked through and browned on all sides. | Step 5: Check doneness: | Ensure the kebabs are cooked through by checking their internal temperature or cutting one in half to check for pinkness. | Step 6: Prepare accompaniments: | While the kebabs are grilling, prepare a side of fresh salad or yogurt dip for serving. | Step 7: Serve the kebabs: | Once the kebabs are cooked, remove them from the grill and arrange them on a serving platter. | Step 8: Enjoy the meal: | Serve the seekh kebabs hot with a side of fresh salad or yogurt dip, and enjoy a delicious meal.",https://res.cloudinary.com/duegxp0u0/image/upload/v1745169345/recipe_uploads/uswe0sviui3b8zngz0ai.jpg
68395eeaa1f9120d4641a6c6,Homemade Makhana & Nut Trail Mix,snack,desi,weight_loss,130.0,4.0,6.0,11.0,2.0,100.0,0.0,10,1,Homemade Makhana & Nut Trail Mix Homemade Makhana & Nut Trail Mix Homemade Makhana & Nut Trail Mix Makhana Almonds Walnuts Salt desi,"gluten_free,egg_free,lactose_free,low_sodium,low_sugar,dairy_free","Makhana (1/4 cup (8g)); Almonds (10 nuts (12g)); Walnuts (5 halves (10g)); Salt (To taste (assumed 1/8 tsp, 0.4g, not listed but implied for roasting))","Step 1: Roast the Nuts and Makhanas : | Lightly roast makhana (fox nuts), almonds, walnuts, and cashews in a pan on low to medium heat without using any oil. | Step 2: Stir Occasionally : | Stir the nuts and makhanas occasionally to ensure they roast evenly and don't burn. | Step 3: Add Seasonings : | Once the nuts and makhanas are roasted, add a pinch of salt, black pepper, and dried herbs of your choice for seasoning. | Step 4: Mix Well : | Toss the roasted nuts and makhanas with the seasoning to ensure they are evenly coated. | Step 5: Cool the Mixture : | Let the roasted mixture cool down to room temperature after mixing the seasonings. | Step 6: Store in an Airtight Container : | Transfer the cooled mixture into an airtight container to keep it fresh. | Step 7: Keep for Snacking : | Store the container in a cool, dry place, and keep it handy for quick, healthy snacks. | Step 8: Enjoy : | Enjoy the roasted mix of makhanas and nuts as a nutritious and crunchy snack on the go!",https://res.cloudinary.com/duegxp0u0/image/upload/v1745169494/recipe_uploads/ut3duxny6guks5uzd59i.jpg
68395eeaa1f9120d4641a67a,"Low-Oil Mutton Biryani (Brown Rice, No Butter)",lunch,desi,weight_loss,450.0,28.0,56.0,14.0,4.0,150.0,80.0,45,2,"Low-Oil Mutton Biryani (Brown Rice, No Butter) Low-Oil Mutton Biryani (Brown Rice, No Butter) Low-Oil Mutton Biryani (Brown Rice, No Butter) Mutton Brown Rice Garlic Ginger Yogurt Garam Masala Cumin Cardamom desi","gluten_free,nut_free,egg_free,low_sodium,low_sugar","Mutton (200g (lean, cubed)); Brown Rice (1 cup (180g, dry)); Garlic (1 tbsp (9g, minced)); Ginger (1 tbsp (6g, grated)); Yogurt (2 tbsp (30g)); Garam Masala (1 tsp (2g)); Cumin (1 tsp (2g)); Cardamom (2 pods (1g))","Step 1: Marinate Mutton : | Marinate mutton with yogurt, garlic, ginger, and spices (garam masala, cumin, cardamom) for at least 1 hour. | Step 2: Cook Brown Rice : | Cook brown rice according to package instructions and set aside. | Step 3: Layer Mutton and Rice : | In a pot, layer the marinated mutton with the cooked rice. | Step 4: Add Water : | Add a small amount of water to the pot to prevent burning and ensure even cooking. | Step 5: Cook on Low Heat : | Cook the mutton and rice on low heat for 20-25 minutes, allowing the flavors to combine. | Step 6: Check for Tenderness : | Ensure the mutton is tender and the rice has absorbed the flavors. | Step 7: Garnish : | Garnish with fresh coriander or fried onions for extra flavor. | Step 8: Serve : | Serve the mutton rice with a side of yogurt or salad.",https://res.cloudinary.com/duegxp0u0/image/upload/v1745169107/recipe_uploads/nyqye8eyjaiywt83crod.jpg
68395ef0a1f9120d4641a77a,Dahi Baray with Tamarind Chutney,snack,desi,weight_gain,380.0,14.0,40.0,18.0,5.0,700.0,15.0,35,2,Dahi Baray with Tamarind Chutney Dahi Baray with Tamarind Chutney Dahi Baray with Tamarind Chutney Moong dal Yogurt Tamarind chutney Red chili powder Cumin powder Chaat masala Salt Baking soda Oil Fresh cilantro Green chili Sugar Water desi,"nut_free,egg_free,low_sugar",Moong dal (200g); Yogurt (400g); Tamarind chutney (8 tbsp); Red chili powder (½ tsp); Cumin powder (½ tsp); Chaat masala (1 tsp); Salt (½ tsp); Baking soda (¼ tsp); Oil (4 cups); Fresh cilantro (2 tbsp); Green chili (1); Sugar (1 tsp); Water (½ cup),"Step 1: Gather Ingredients: Collect 1 cup urad dal, ¼ tsp baking soda, 1 tsp salt, oil (for frying), 2 cups water (for soaking baray), 2 cups yogurt, 1 tsp cumin powder, 2 tbsp tamarind paste, 1 tbsp sugar, 1 tsp red chili powder, and 2 tbsp coriander (chopped). | Step 2: Soak Dal: Rinse 1 cup urad dal and soak in water for 4-6 hours, then drain. | Step 3: Blend Batter: Blend the soaked dal with a splash of water into a smooth, thick paste; mix in ¼ tsp baking soda and ½ tsp salt. | Step 4: Fry Baray: Heat oil in a deep pan over medium heat; drop spoonfuls of batter into the oil, frying for 3-4 minutes until golden and fluffy, then drain on paper towels. | Step 5: Soak Baray: Soak the fried baray in 2 cups warm water for 10-15 minutes, then gently squeeze out excess water and set aside. | Step 6: Prepare Yogurt: Whisk 2 cups yogurt with ½ tsp salt and 1 tsp cumin powder until smooth. | Step 7: Make Tamarind Chutney: Mix 2 tbsp tamarind paste, 1 tbsp sugar, 1 tsp red chili powder, and a splash of water, simmering for 2-3 minutes until thickened. | Step 8: Serve: Arrange baray in a dish, pour yogurt over them, drizzle with tamarind chutney, sprinkle with cumin powder and 2 tbsp chopped coriander, and serve chilled or at room temperature.",https://res.cloudinary.com/duegxp0u0/image/upload/v1746813063/gb9hgqf4of7byz3zpclh.jpg
68395ecea1f9120d4641a509,Egg & Turkey Breakfast Muffins,breakfast,non_vegetarian,weight_loss,290.0,28.0,5.0,18.0,1.0,550.0,340.0,25,2,Egg & Turkey Breakfast Muffins Egg & Turkey Breakfast Muffins Egg & Turkey Breakfast Muffins Eggs Turkey slices Spinach Olive oil Salt Black pepper Paprika Parsley non_vegetarian,"gluten_free,nut_free,lactose_free,low_carb,low_sugar,dairy_free",Eggs (4); Turkey slices (80g); Spinach (50g); Olive oil (1 tsp); Salt (¼ tsp); Black pepper (¼ tsp); Paprika (½ tsp); Parsley (1 tsp (optional)),"Step 1: Preheat Oven | Preheat the oven to 180°C and lightly grease a 6-cup muffin tin with 1 tsp olive oil. | Step 2: Prepare Turkey | Finely dice 80g turkey slices (deli or roasted) into small pieces. | Step 3: Prepare Spinach | Wash 50g spinach leaves, chop roughly, and pat dry with a paper towel. | Step 4: Whisk Eggs | Crack 4 eggs into a large bowl, whisk with ¼ tsp salt and ¼ tsp black pepper until smooth. | Step 5: Combine Ingredients | Add diced turkey, chopped spinach, and ½ tsp paprika to the eggs, stirring gently to mix evenly. | Step 6: Fill Muffin Tin | Pour the egg mixture evenly into the muffin cups, filling each about two-thirds full. | Step 7: Bake Muffins | Bake for 18–20 minutes until the muffins are set and slightly golden on top. | Step 8: Serve | Let muffins cool for 5 minutes, remove from tin, garnish with 1 tsp chopped parsley if desired, and serve warm as a portable breakfast.",https://res.cloudinary.com/duegxp0u0/image/upload/v1748524633/xzpvhfe4w0zory4bnbmy.jpg
68395ebfa1f9120d4641a453,Avocado & Shrimp Salad,lunch,keto,weight_loss,390.0,32.0,8.0,28.0,5.0,450.0,225.0,15,1,Avocado & Shrimp Salad Avocado & Shrimp Salad Avocado & Shrimp Salad Shrimp Avocado Olive oil Lemon juice Salt Black pepper Cilantro or parsley Paprika keto,"gluten_free,nut_free,egg_free,lactose_free,low_carb,low_sugar,dairy_free",Shrimp (150g); Avocado (½ (~70g)); Olive oil (1 tbsp); Lemon juice (1 tsp); Salt (¼ tsp); Black pepper (¼ tsp); Cilantro or parsley (5g); Paprika (pinch (optional)),"Step 1: Cook Shrimp | Boil 150g peeled shrimp in salted water for 2–3 minutes until pink, then drain and cool. | Step 2: Prepare Avocado | Halve ½ avocado, remove pit, scoop flesh, and dice into cubes. | Step 3: Combine Base | Mix shrimp and avocado in a bowl. | Step 4: Make Dressing | Whisk 1 tbsp olive oil, 1 tsp lemon juice, ¼ tsp salt, and ¼ tsp black pepper. | Step 5: Dress Salad | Pour dressing over shrimp-avocado mix, toss gently. | Step 6: Add Herbs | Chop 5g cilantro or parsley, sprinkle over salad, and mix. | Step 7: Chill (Optional) | Refrigerate for 5 minutes to meld flavors. | Step 8: Serve | Garnish with a pinch of paprika and serve fresh.",https://res.cloudinary.com/duegxp0u0/image/upload/v1745444786/z7gmrfsjdn23snptk4hk.jpg
68395ef0a1f9120d4641a726,Shami Kabab with Masala Roti,breakfast,desi,weight_gain,435.0,20.0,25.0,15.0,3.0,1090.0,40.0,50,2,Shami Kabab with Masala Roti Shami Kabab with Masala Roti Shami Kabab with Masala Roti Beef minced Chana dal Onion Green chilies Ginger garlic paste Cumin powder Coriander powder Salt Whole wheat roti Red chili powder Oil Whole wheat flour Water Coriander leaves Garam masala Cumin seeds desi,"nut_free,egg_free,low_sugar","Beef minced (200g); Chana dal (¼ cup); Onion (1, chopped); Green chilies (1, chopped); Ginger garlic paste (1 tsp); Cumin powder (½ tsp); Coriander powder (½ tsp); Salt (½ tsp); Whole wheat roti (1); Red chili powder (¼ tsp); Oil (1 tbsp); Whole wheat flour (¼ cup); Water (3 tbsp); Coriander leaves (1 tbsp, chopped); Garam masala (¼ tsp); Cumin seeds (¼ tsp (for roti))","Step 1: Gather Ingredients: Collect 200g beef mince, ½ cup chana dal, 1 chopped onion, 1 green chili (chopped), 1 tsp ginger-garlic paste, 1 tsp cumin powder, 1 tsp coriander powder, 1 tsp salt, 2 tbsp oil, 2 cups whole wheat flour, ½ tsp red chili powder, and mint chutney. | Step 2: Cook Mixture: In a pot, combine 200g beef mince, ½ cup chana dal, 1 chopped onion, 1 green chili, 1 tsp ginger-garlic paste, 1 tsp cumin powder, 1 tsp coriander powder, 1 tsp salt, and 2 cups water, cooking for 30-40 minutes until soft and dry. | Step 3: Blend Paste: Let the mixture cool slightly, then blend into a fine paste using a processor or grinder. | Step 4: Shape Kababs: Form the paste into round, flat patties, pressing firmly to hold shape. | Step 5: Fry Kababs: Heat 2 tbsp oil in a pan over medium heat, shallow-fry the kababs for 3-4 minutes per side until golden brown. | Step 6: Make Masala Roti: Knead 2 cups flour with ½ tsp red chili powder, a pinch of salt, and water into dough, roll into rotis, and cook on a tawa for 1-2 minutes per side. | Step 7: Serve Hot: Plate the shami kababs, serve with hot masala roti and mint chutney on the side.",https://res.cloudinary.com/duegxp0u0/image/upload/v1746778284/trinkxh7kftdxl7cbwul.jpg
68395ecea1f9120d4641a535,Beef and Potato Hash,snack,non_vegetarian,weight_gain,580.0,45.0,50.0,28.0,5.0,600.0,300.0,40,3,Beef and Potato Hash Beef and Potato Hash Beef and Potato Hash Beef chuck Potatoes Eggs Olive oil Onion Smoked paprika Salt Black pepper Parsley non_vegetarian,"nut_free,lactose_free,low_sugar,dairy_free",Beef chuck (300g); Potatoes (300g); Eggs (4); Olive oil (1 tbsp); Onion (50g); Smoked paprika (½ tsp); Salt (¼ tsp); Black pepper (¼ tsp); Parsley (1 tsp (optional)),"Step 1: Prepare Potatoes | Peel and dice 300g potatoes into ½-inch cubes, rinse, and pat dry. | Step 2: Cook Potatoes | Heat 1 tbsp olive oil in a large skillet over medium heat, add potatoes, and cook for 10–12 minutes, stirring occasionally, until golden and tender. | Step 3: Prepare Beef | Cut 300g beef chuck into ½-inch cubes and season with ¼ tsp salt and ¼ tsp black pepper. | Step 4: Sauté Beef | Add beef to the skillet with potatoes, cooking for 5–6 minutes until browned. | Step 5: Add Onions | Add 50g chopped onion to the skillet, sauté for 2–3 minutes until softened. | Step 6: Season Hash | Sprinkle ½ tsp smoked paprika over the mixture, stirring to combine, and cook for 1 minute. | Step 7: Fry Eggs | In a separate non-stick skillet, fry 4 eggs sunny-side up or to desired doneness, about 2–3 minutes. | Step 8: Serve | Spoon hash onto plates, top each serving with a fried egg, garnish with 1 tsp chopped parsley, and serve hot as a hearty breakfast.",https://res.cloudinary.com/duegxp0u0/image/upload/v1748524579/j6e0odlxbmlsasboiwx7.jpg
68395ecea1f9120d4641a515,Turkey & Avocado Lettuce Wraps,dinner,non_vegetarian,weight_loss,320.0,38.0,12.0,16.0,5.0,450.0,80.0,20,2,Turkey & Avocado Lettuce Wraps Turkey & Avocado Lettuce Wraps Turkey & Avocado Lettuce Wraps Ground turkey Avocado Lettuce leaves Taco seasoning Olive oil Cumin Lemon juice Cilantro non_vegetarian,"gluten_free,nut_free,egg_free,lactose_free,low_carb,low_sodium,low_sugar,dairy_free",Ground turkey (200g); Avocado (½ (~70g)); Lettuce leaves (6); Taco seasoning (1 tsp); Olive oil (1 tsp); Cumin (½ tsp); Lemon juice (1 tsp); Cilantro (1 tsp (optional)),"Step 1: Prepare Turkey | Pat 200g ground turkey dry with a paper towel to ensure even cooking. | Step 2: Heat Oil | Heat 1 tsp olive oil in a skillet over medium heat. | Step 3: Sauté Turkey | Add ground turkey to the skillet, cook for 4–5 minutes, breaking it apart until browned. | Step 4: Season Turkey | Sprinkle 1 tsp taco seasoning and ½ tsp cumin over the turkey, stirring for 1 minute to coat evenly, then remove from heat. | Step 5: Prepare Avocado | Halve ½ avocado (~70g), remove the pit, scoop out the flesh, and mash with 1 tsp lemon juice. | Step 6: Prepare Lettuce | Wash 6 large lettuce leaves (e.g., romaine or butter lettuce), pat dry, and lay flat. | Step 7: Assemble Wraps | Spread mashed avocado evenly on each lettuce leaf, top with turkey mixture, and add a sprinkle of 1 tsp chopped cilantro if desired. | Step 8: Serve | Fold or roll lettuce leaves around the filling, secure with a toothpick if needed, and serve fresh as a light lunch.",https://res.cloudinary.com/duegxp0u0/image/upload/v1748524791/ofspxvr6e0kmrln6lldz.jpg
68395eeaa1f9120d4641a6ae,Boiled Black Chickpeas with Cumin & Rock Salt,snack,desi,weight_loss,160.0,8.0,24.0,4.0,8.0,400.0,0.0,45,2,Boiled Black Chickpeas with Cumin & Rock Salt Boiled Black Chickpeas with Cumin & Rock Salt Boiled Black Chickpeas with Cumin & Rock Salt Black Chickpeas Cumin Seeds Rock Salt Lemon Juice Coriander Leaves Oil desi,"gluten_free,nut_free,egg_free,lactose_free,low_sodium,low_sugar,dairy_free","Black Chickpeas (1 cup (200g, dry, soaked and cooked)); Cumin Seeds (1/2 tsp (1g)); Rock Salt (To taste (assumed 1 tsp, 3g)); Lemon Juice (1 tbsp (15ml)); Coriander Leaves (For garnish (assumed 1 tbsp, 3g, chopped)); Oil (As needed (assumed 1 tsp, 5g, for tempering, not listed but implied))","Step 1: Soak Chickpeas : | Soak 1 cup black chickpeas overnight. | Step 2: Boil Chickpeas : | Boil the soaked chickpeas in 3 cups of water for 30 minutes or until soft. | Step 3: Heat Cumin Seeds : | In a pan, heat 1/2 tsp cumin seeds until fragrant. | Step 4: Drain Chickpeas : | Drain the boiled chickpeas and set aside. | Step 5: Toss Chickpeas : | Toss the drained chickpeas with cumin seeds, rock salt, and lemon juice. | Step 6: Mix Well : | Ensure the chickpeas are evenly coated with the spices and lemon juice. | Step 7: Garnish : | Garnish with fresh coriander leaves for added flavor and color. | Step 8: Serve : | Serve immediately and enjoy as a delicious, healthy snack.",https://res.cloudinary.com/duegxp0u0/image/upload/v1745169438/recipe_uploads/t4meauadfk9xmpomeii2.jpg
68395ef0a1f9120d4641a73c,Lobia Pulao with Fried Green Chilies,lunch,desi,weight_gain,430.0,10.0,55.0,10.0,6.0,1080.0,0.0,40,3,Lobia Pulao with Fried Green Chilies Lobia Pulao with Fried Green Chilies Lobia Pulao with Fried Green Chilies Basmati rice Onion Ginger garlic paste Green chilies Tomatoes Cumin seeds Red chili powder Salt Oil Water Coriander leaves Whole spices Water desi,"nut_free,egg_free,low_sugar,low_cholesterol","Basmati rice (1 cup); Onion (1, chopped); Ginger garlic paste (1 tsp); Green chilies (4, fried); Tomatoes (2, chopped); Cumin seeds (½ tsp); Red chili powder (½ tsp); Salt (1 tsp); Oil (2 tbsp); Water (as needed); Coriander leaves (2 tbsp, chopped); Whole spices (1 tbsp); Water (2 cups (for rice))","Step 1: Gather Ingredients: Collect 2 tbsp oil, 1 tsp cumin seeds, 1 sliced onion, 1 tbsp ginger-garlic paste, 2 chopped tomatoes, 1 tsp red chili powder, 1 tsp salt, 1 cup lobia (black-eyed peas, soaked overnight), 4 cups water, 2 cups basmati rice, and 4 green chilies. | Step 2: Sauté Base: Heat 2 tbsp oil in a pot over medium heat, add 1 tsp cumin seeds and 1 sliced onion, sautéing for 5-7 minutes until onions are golden. | Step 3: Cook Aromatics: Stir in 1 tbsp ginger-garlic paste and 2 chopped tomatoes, cooking for 3-4 minutes until tomatoes soften. | Step 4: Add Lobia: Mix in 1 tsp red chili powder, 1 tsp salt, and 1 cup soaked lobia, cooking for 5 minutes to coat with spices. | Step 5: Simmer Lobia: Add 2 cups water, cover, and cook for 20-25 minutes until lobia softens. | Step 6: Cook Pulao: Add 2 cups basmati rice and 2 cups water, bring to a boil, then reduce heat, cover, and cook for 12-15 minutes until rice is done. | Step 7: Garnish and Serve: In a small pan, heat 1 tsp oil, fry 4 green chilies for 1-2 minutes until crisp, fluff the pulao, garnish with fried chilies, and serve hot.",https://res.cloudinary.com/duegxp0u0/image/upload/v1746770522/gkbpwwctpsdu99ajz0g0.jpg
68395ef0a1f9120d4641a794,Ghee-Soaked Coconut Ladoo,snack,desi,weight_gain,480.0,6.0,44.0,32.0,4.0,120.0,40.0,20,1,Ghee-Soaked Coconut Ladoo Ghee-Soaked Coconut Ladoo Ghee-Soaked Coconut Ladoo Desiccated coconut Condensed milk Cardamom Ghee Chopped pistachios Saffron desi,egg_free,Desiccated coconut (1 cup); Condensed milk (½ cup); Cardamom (½ tsp); Ghee (2 tbsp); Chopped pistachios (½ tbsp); Saffron (small pinch),"Step 1: Gather Ingredients: Collect 2 cups desiccated coconut, ¾ cup condensed milk, ½ tsp cardamom powder, ¼ cup ghee, 2 tbsp milk (optional, for binding), and 2 tbsp coconut powder (for coating). | Step 2: Mix Coconut Base: In a large bowl, combine 2 cups desiccated coconut, ¾ cup condensed milk, and ½ tsp cardamom powder, stirring well to form a sticky mixture; add 2 tbsp milk if too dry. | Step 3: Cook Mixture: Heat a non-stick pan over low heat, add the coconut mixture, and cook for 5-7 minutes, stirring constantly until it thickens slightly and comes together. | Step 4: Cool Slightly: Remove from heat and let the mixture cool for 5-10 minutes until it’s comfortable to handle but still warm. | Step 5: Shape Ladoos: Grease your hands with a little ghee, take small portions of the mixture, and roll into 10-12 smooth, round balls (ladoos). | Step 6: Coat with Ghee: Warm ¼ cup ghee slightly, dip or brush each ladoo lightly in the ghee to coat, then roll in 2 tbsp coconut powder for a final touch. | Step 7: Set and Serve: Place the ladoos on a plate, let them set at room temperature for 30 minutes, and serve or store in an airtight container.",https://res.cloudinary.com/duegxp0u0/image/upload/v1746813062/vlgid5jqq0npuop5kkio.jpg
68395ebfa1f9120d4641a467,Egg Salad Lettuce Wraps,breakfast,keto,weight_loss,310.0,22.0,3.0,25.0,1.0,400.0,380.0,15,2,Egg Salad Lettuce Wraps Egg Salad Lettuce Wraps Egg Salad Lettuce Wraps Eggs Mayo Lettuce Mustard Salt Black pepper Chives keto,"gluten_free,nut_free,low_carb,low_sugar",Eggs (4); Mayo (1 tbsp); Lettuce (4 leaves); Mustard (1 tsp); Salt (pinch); Black pepper (pinch); Chives (1 tsp (optional)),"Step 1: Boil Eggs | Boil 4 eggs for 10 minutes, cool in ice water, then peel and chop. | Step 2: Mix Salad | In a bowl, combine chopped eggs, 1 tbsp mayo, 1 tsp mustard, and a pinch of salt. | Step 3: Prep Lettuce | Wash and dry 4 lettuce leaves to use as cups. | Step 4: Season Salad | Add a pinch of black pepper to egg mixture, stir well. | Step 5: Fill Wraps | Spoon egg salad evenly into lettuce leaves. | Step 6: Garnish | Sprinkle with 1 tsp chopped chives for freshness. | Step 7: Chill (Optional) | Refrigerate for 5 minutes to set flavors. | Step 8: Serve | Serve as a light lunch.",https://res.cloudinary.com/duegxp0u0/image/upload/v1748524024/bstwpbhpclhuewsjaoyj.jpg
68395ebfa1f9120d4641a47e,Keto Taco Salad,snack,keto,weight_loss,420.0,19.0,5.0,15.0,3.0,350.0,70.0,25,1,Keto Taco Salad Keto Taco Salad Keto Taco Salad Ground beef Romaine Avocado Sour cream Taco seasoning Black pepper Cilantro keto,"gluten_free,nut_free,egg_free,low_carb",Ground beef (150g); Romaine (75g); Avocado (¼ (~35g)); Sour cream (1 tbsp); Taco seasoning (½ tsp); Black pepper (pinch); Cilantro (½ tsp (optional)),"Step 1: Prep Beef | Season 150g ground beef with ½ tsp taco seasoning (chili powder, cumin, paprika mix). | Step 2: Cook Beef | In a skillet, cook beef over medium heat for 5–7 minutes until browned, drain excess fat. | Step 3: Prep Greens | Chop 75g romaine into bite-sized pieces, place in a bowl. | Step 4: Slice Avocado | Slice ¼ avocado (~35g) thinly. | Step 5: Assemble Salad | Top romaine with beef, avocado, and 1 tbsp sour cream. | Step 6: Season Salad | Sprinkle with a pinch of black pepper. | Step 7: Garnish | Add ½ tsp chopped cilantro for freshness. | Step 8: Serve | Serve fresh as a light lunch.",https://res.cloudinary.com/duegxp0u0/image/upload/v1748524089/rlqzgcpp8bhxcq3mcmax.jpg      
68395ecea1f9120d4641a502,Salmon & Spinach Pasta,dinner,non_vegetarian,weight_gain,520.0,45.0,60.0,22.0,8.0,500.0,85.0,30,2,Salmon & Spinach Pasta Salmon & Spinach Pasta Salmon & Spinach Pasta Salmon fillet Whole-wheat pasta Spinach Light cream Olive oil Garlic Salt Black pepper Lemon zest Parsley non_vegetarian,"nut_free,egg_free,low_sugar",Salmon fillet (200g); Whole-wheat pasta (100g); Spinach (100g); Light cream (50ml); Olive oil (1 tsp); Garlic (1 clove); Salt (¼ tsp); Black pepper (¼ tsp); Lemon zest (½ tsp); Parsley (1 tsp (optional)),"Step 1: Cook Pasta | Bring a pot of water to a boil, add 100g whole-wheat pasta, and cook for 8–10 minutes until al dente, then drain and set aside. | Step 2: Prepare Salmon | Pat 200g salmon fillet dry, season with ¼ tsp salt and ¼ tsp black pepper. | Step 3: Cook Salmon | Heat 1 tsp olive oil in a skillet over medium heat, cook salmon for 3–4 minutes per side until it flakes easily, then set aside to cool slightly. | Step 4: Flake Salmon | Using a fork, gently flake the salmon into bite-sized pieces, removing any skin or bones. | Step 5: Prepare Spinach | Wash 100g spinach leaves, then wilt in the same skillet over low heat for 1–2 minutes until soft, and remove from heat. | Step 6: Make Cream Sauce | In the skillet, add 50ml light cream, 1 minced garlic clove, and ½ tsp lemon zest, stirring over low heat for 2 minutes until slightly thickened. | Step 7: Combine Ingredients | Add pasta, flaked salmon, and spinach to the sauce, tossing gently to coat evenly. | Step 8: Serve | Plate the pasta, garnish with 1 tsp chopped parsley if desired, and serve warm as a hearty dinner.",https://res.cloudinary.com/duegxp0u0/image/upload/v1748524756/gndle8ckzkbo1hv8tzzf.jpg
68395ef0a1f9120d4641a765,Butter Dal with Naan & Pickle,dinner,desi,weight_gain,430.0,10.0,50.0,15.0,8.0,1080.0,10.0,45,1,Butter Dal with Naan & Pickle Butter Dal with Naan & Pickle Butter Dal with Naan & Pickle Lentils Butter Garlic Spices Naan Pickle Onion Tomato Red chili powder Coriander leaves Whole wheat flour Water desi,"nut_free,egg_free,low_sugar","Lentils (1/2 cup); Butter (1 tbsp); Garlic (2 cloves); Spices (to taste); Naan (1); Pickle (1 tbsp); Onion (1 small, chopped); Tomato (1 small, chopped); Red chili powder (½ tsp); Coriander leaves (1 tbsp, chopped); Whole wheat flour (½ cup (for naan)); Water (1 cup (for dal))","Step 1: Gather Ingredients: Collect 1 cup moong dal, 1 tsp turmeric, 1 tsp salt, 4 cups water, 2 tbsp butter, 1 tsp garlic (minced), 1 tsp cumin seeds, 2 cups all-purpose flour, 1 tsp yeast, ½ cup water, 1 tbsp ghee, and pickle. | Step 2: Rinse Dal: Rinse 1 cup moong dal under cold water until clear. | Step 3: Cook Lentils: In a pot, boil the dal with 1 tsp turmeric, 1 tsp salt, and 4 cups water for 30-40 minutes until soft, then mash slightly. | Step 4: Temper Dal: Heat 2 tbsp butter in a pan, add 1 tsp cumin seeds and 1 tsp minced garlic, fry for 1-2 minutes until aromatic, then pour over the cooked dal and mix. | Step 5: Prepare Naan Dough: Mix 2 cups all-purpose flour with 1 tsp yeast, ½ cup water, and a pinch of salt, knead into a soft dough, and rest for 1 hour. | Step 6: Cook Naan: Divide dough into 4-6 balls, roll into ovals, cook on a tawa for 2-3 minutes per side until puffed, then brush with 1 tbsp ghee. | Step 7: Serve Hot: Ladle the butter dal into bowls, serve with warm naan and a spoonful of pickle on the side.",https://res.cloudinary.com/duegxp0u0/image/upload/v1746813066/qxxj6cbomwoyt3bbrjga.jpg
68395ec7a1f9120d4641a4c6,Greek Yogurt with Granola,breakfast,vegetarian,weight_loss,320.0,22.0,35.0,12.0,3.0,90.0,20.0,5,2,Greek Yogurt with Granola Greek Yogurt with Granola Greek Yogurt with Granola Greek yogurt Granola Cinnamon vegetarian,"egg_free,low_sodium,low_cholesterol",Greek yogurt (200g); Granola (50g); Cinnamon (½ tsp),"Step 1: Select a Bowl | Choose a medium-sized bowl or glass for layering the breakfast. | Step 2: Measure Yogurt | Scoop 200g Greek yogurt into the bowl as the base layer. | Step 3: Measure Granola | Measure 50g homemade granola (or store-bought) for crunch. | Step 4: Layer Granola | Sprinkle half the granola (25g) evenly over the yogurt. | Step 5: Add More Yogurt | Spoon another layer of Greek yogurt (optional, for thicker layering) or proceed. | Step 6: Top with Granola | Add the remaining 25g granola on top for texture. | Step 7: Season with Cinnamon | Dust ½ tsp cinnamon evenly over the granola for warmth and flavor. | Step 8: Serve | Serve immediately as a quick breakfast, or chill for 5 minutes for a cooler option.",https://res.cloudinary.com/duegxp0u0/image/upload/v1748525180/vuynl28x8fmmlmqkbmyt.jpg
68395eeaa1f9120d4641a6ee,"Tomato, Cucumber & Mint Detox Salad",snack,desi,weight_loss,40.0,1.0,9.0,0.0,2.0,150.0,0.0,5,1,"Tomato, Cucumber & Mint Detox Salad Tomato, Cucumber & Mint Detox Salad Tomato, Cucumber & Mint Detox Salad Tomato Cucumber Fresh Mint Lemon Juice Honey Black Pepper Salt desi","gluten_free,nut_free,egg_free,lactose_free,low_sodium,low_fat,low_carb,dairy_free","Tomato (1 medium (120g, chopped)); Cucumber (1 medium (150g, chopped)); Fresh Mint (For garnish (assumed 1 tbsp, 3g, chopped)); Lemon Juice (1 tbsp (15ml)); Honey (1/2 tsp (3.5g)); Black Pepper (1/4 tsp (0.5g)); Salt (To taste (assumed 1/4 tsp, 0.75g, not listed but implied))","Step 1: Prepare the Vegetables: | Slice 1 tomato and 1 cucumber into thin rounds. | Step 2: Make the Dressing: | In a small bowl, mix 1 tbsp lemon juice, 1/2 tsp honey, and 1/4 tsp black pepper until well combined. | Step 3: Add Fresh Herbs: | Chop a handful of fresh mint leaves and set them aside for the salad. | Step 4: Toss the Salad: | In a large bowl, combine the sliced tomato, cucumber, and fresh mint leaves. | Step 5: Drizzle the Dressing: | Pour the dressing over the salad ingredients and toss gently to coat evenly. | Step 6: Adjust the Seasoning: | Taste the salad and adjust the seasoning by adding more salt, pepper, or lemon juice if needed. | Step 7: Chill the Salad: | Refrigerate the salad for 10-15 minutes to let the flavors meld together. | Step 8: Serve: | Serve the salad chilled or at room temperature as a refreshing side dish.",https://res.cloudinary.com/duegxp0u0/image/upload/v1745169596/recipe_uploads/p9r0uj0gzbfwd3ug4y77.jpg
68395ec7a1f9120d4641a4c5,Boiled Eggs & Avocado,breakfast,vegetarian,weight_loss,340.0,20.0,15.0,25.0,5.0,650.0,370.0,15,2,Boiled Eggs & Avocado Boiled Eggs & Avocado Boiled Eggs & Avocado Eggs Avocado Salt Black pepper Olive oil vegetarian,"gluten_free,nut_free,lactose_free,low_carb,low_sugar,dairy_free",Eggs (4); Avocado (½ (70g)); Salt (½ tsp); Black pepper (¼ tsp); Olive oil (1 tsp (optional)),"Step 1: Boil Eggs | Place 4 eggs in a saucepan, cover with water, bring to a boil, and cook for 10 minutes. | Step 2: Cool Eggs | Transfer eggs to a bowl of ice water and let cool for 5 minutes. | Step 3: Peel Eggs | Gently peel the shells off the cooled eggs. | Step 4: Slice Eggs | Cut each egg into slices or quarters and set aside. | Step 5: Prepare Avocado | Cut ½ avocado (~70g) in half, remove the pit, scoop out the flesh, and slice thinly. | Step 6: Arrange Ingredients | On a plate, alternate slices of egg and avocado for an appealing presentation. | Step 7: Season Dish | Sprinkle ½ tsp salt and ¼ tsp black pepper evenly over the eggs and avocado. | Step 8: Serve | Drizzle with 1 tsp olive oil if desired, and serve immediately as a protein-packed snack.",https://res.cloudinary.com/duegxp0u0/image/upload/v1748524886/tn7hqlqnfuvhzag88rda.jpg
68395ed6a1f9120d4641a558,Mediterranean Flatbread,breakfast,mediterranean,weight_gain,500.0,14.0,76.0,24.0,5.0,185.0,0.0,15,1,Mediterranean Flatbread Mediterranean Flatbread Mediterranean Flatbread Flatbread Za'atar Olive oil Sea salt mediterranean,"nut_free,egg_free,lactose_free,low_sugar,low_cholesterol,dairy_free",Flatbread (150g); Za'atar (15g); Olive oil (20ml); Sea salt (3g),"Step 1: Preheat Oven | Set the oven to 200°C to preheat for baking the flatbread. |  | Step 2: Prep Flatbread | Place 2 flatbreads (about 150g total) on a baking sheet. |  | Step 3: Measure Za'atar | Measure 15g za'atar spice blend into a small bowl. |  | Step 4: Add Olive Oil | Mix 20ml olive oil with the za'atar to create a spreadable paste. |  | Step 5: Spread Mixture | Evenly spread the za'atar and olive oil mixture over both flatbreads. |  | Step 6: Sprinkle Salt | Lightly sprinkle 3g sea salt over the flatbreads for extra flavor. |  | Step 7: Bake Flatbread | Bake the flatbreads for 8 minutes until crisp and slightly golden. |  | Step 8: Serve Warm | Remove from the oven, cut into wedges, and serve warm as a snack.",https://res.cloudinary.com/duegxp0u0/image/upload/v1748524394/qheghnocz22novvtx9qs.jpg
68395ecea1f9120d4641a53f,Lamb & Feta Stuffed Eggplant,dinner,non_vegetarian,weight_gain,590.0,46.0,25.0,38.0,8.0,750.0,130.0,55,3,Lamb & Feta Stuffed Eggplant Lamb & Feta Stuffed Eggplant Lamb & Feta Stuffed Eggplant Ground lamb Eggplant Feta cheese Tomato paste Olive oil Onion Garlic Cumin Salt Black pepper Parsley non_vegetarian,"gluten_free,nut_free,egg_free,low_sugar",Ground lamb (300g); Eggplant (2); Feta cheese (80g); Tomato paste (2 tbsp); Olive oil (1 tbsp); Onion (50g); Garlic (1 clove); Cumin (½ tsp); Salt (¼ tsp); Black pepper (¼ tsp); Parsley (1 tsp (optional)),"Step 1: Preheat Oven | Preheat oven to 190°C and line a baking dish with parchment paper. | Step 2: Prepare Eggplants | Halve 2 eggplants lengthwise, scoop out the flesh leaving a ½-inch border, and chop the flesh finely. | Step 3: Cook Lamb | Heat 1 tbsp olive oil in a skillet over medium heat, add 300g ground lamb, and cook for 5–6 minutes until browned, breaking it apart. | Step 4: Add Aromatics | Add 50g chopped onion, 1 minced garlic clove, and chopped eggplant flesh to the skillet, sauté for 4–5 minutes until softened. | Step 5: Season Filling | Stir in 2 tbsp tomato paste, ½ tsp cumin, ¼ tsp salt, and ¼ tsp black pepper, cooking for 1 minute to blend flavors. | Step 6: Add Feta | Remove skillet from heat, stir in 80g crumbled feta, and mix well to combine. | Step 7: Stuff and Bake | Spoon lamb-feta mixture into eggplant halves, place in the baking dish, and bake for 35–40 minutes until eggplants are tender. | Step 8: Serve | Garnish with 1 tsp chopped parsley, let rest for 5 minutes, and serve warm as a hearty dinner.",https://res.cloudinary.com/duegxp0u0/image/upload/v1748524702/psx8td4yonthqxzeuizp.jpg
68395ef0a1f9120d4641a779,Spicy Tandoori Lamb Chops with Yogurt Dip,lunch,desi,weight_gain,520.0,30.0,8.0,40.0,1.0,850.0,120.0,35,5,Spicy Tandoori Lamb Chops with Yogurt Dip Spicy Tandoori Lamb Chops with Yogurt Dip Spicy Tandoori Lamb Chops with Yogurt Dip Lamb chops Tandoori masala Yogurt Lemon juice Oil Garlic Red chili powder Cumin powder Coriander powder Salt Ginger paste Fresh cilantro Green chili Mint leaves desi,"nut_free,egg_free,low_sugar,low_carb",Lamb chops (500g); Tandoori masala (4 tbsp); Yogurt (8 tbsp); Lemon juice (2 tbsp); Oil (2 tbsp); Garlic (2 tsp); Red chili powder (1 tsp); Cumin powder (½ tsp); Coriander powder (1 tsp); Salt (1 tsp); Ginger paste (1 tsp); Fresh cilantro (2 tbsp); Green chili (1); Mint leaves (1 tbsp),"Step 1: Gather Ingredients: Collect 500g lamb chops, 2 tbsp yogurt, 1 tbsp ginger-garlic paste, 1 tsp tandoori masala, 1 tsp red chili powder, 1 tsp salt, 1 tbsp oil, ½ cup yogurt, 1 tsp cumin powder, and 1 tbsp mint (chopped). | Step 2: Marinate Chops: Mix 2 tbsp yogurt, 1 tbsp ginger-garlic paste, 1 tsp tandoori masala, 1 tsp red chili powder, and 1 tsp salt; coat 500g lamb chops and marinate for 2-4 hours. | Step 3: Preheat Grill: Heat a grill pan with 1 tbsp oil over medium heat or preheat an oven to 200°C (400°F). | Step 4: Grill Chops: Grill the chops for 5-7 minutes per side (or bake for 20-25 minutes), until cooked to desired doneness and slightly charred. | Step 5: Make Yogurt Dip: Mix ½ cup yogurt with 1 tsp cumin powder, 1 tbsp chopped mint, and a pinch of salt until smooth. | Step 6: Serve Hot: Plate the tandoori lamb chops and serve hot with yogurt dip on the side.",https://res.cloudinary.com/duegxp0u0/image/upload/v1746813065/zdur8ku42lygxhg0xcxw.jpg
68395ef0a1f9120d4641a714,Chicken Malai Boti with Cheese Naan,dinner,desi,weight_gain,485.0,20.0,25.0,20.0,1.0,1090.0,50.0,45,2,Chicken Malai Boti with Cheese Naan Chicken Malai Boti with Cheese Naan Chicken Malai Boti with Cheese Naan Boneless chicken Yogurt Cream Garlic paste Ginger paste Cumin powder Salt Butter Cheese naan Cheese Water White pepper Lemon juice Coriander leaves desi,"nut_free,egg_free,low_sugar","Boneless chicken (200g, cubed); Yogurt (½ cup); Cream (2 tbsp); Garlic paste (1 tsp); Ginger paste (½ tsp); Cumin powder (½ tsp); Salt (½ tsp); Butter (1 tbsp); Cheese naan (1); Cheese (2 tbsp, grated); Water (2 tbsp); White pepper (¼ tsp); Lemon juice (1 tsp); Coriander leaves (1 tbsp, chopped)","Step 1: Gather the Ingredients: Collect 200g boneless chicken (cubed), ½ cup yogurt, ¼ cup cream, 1 tsp garlic paste, 1 tsp ginger paste, 1 tsp cumin powder, 1 tsp salt, 2 tbsp butter, and cheese naan for serving. | Step 2: Prepare the Marinade: In a bowl, mix ½ cup yogurt, ¼ cup cream, 1 tsp garlic paste, 1 tsp ginger paste, 1 tsp cumin powder, and 1 tsp salt until smooth and creamy. | Step 3: Marinate the Chicken: Add 200g chicken cubes to the marinade, coat evenly, cover, and let it sit in the refrigerator for 30 minutes to absorb the flavors. | Step 4: Heat the Butter: Melt 2 tbsp butter in a grill pan or skillet over medium heat for 1-2 minutes until it’s hot and bubbling. | Step 5: Grill the Chicken: Place the marinated chicken pieces in the pan, grilling for 5-7 minutes per side until golden brown and fully cooked. | Step 6: Check for Doneness: Ensure the chicken is tender and juicy with a golden crust; cut into a piece to confirm it’s cooked through. | Step 7: Prepare Cheese Naan: Warm pre-made cheese naan on a tawa or in an oven for 2-3 minutes until the cheese melts and the naan is soft. | Step 8: Serve Hot: Plate the hot chicken malai boti and serve with warm cheese naan for a rich, creamy meal.",https://res.cloudinary.com/duegxp0u0/image/upload/v1746778282/addgumqfcyzn6kyg248s.jpg
68395ebfa1f9120d4641a477,Keto Matcha Latte,dinner,keto,weight_loss,180.0,2.0,3.0,20.0,1.0,25.0,0.0,5,1,Keto Matcha Latte Keto Matcha Latte Keto Matcha Latte Matcha powder Coconut milk MCT oil Vanilla extract Erythritol keto,"gluten_free,nut_free,egg_free,low_carb,low_sugar,dairy_free",Matcha powder (1 tsp); Coconut milk (200ml); MCT oil (1 tbsp); Vanilla extract (½ tsp); Erythritol (pinch (optional)),"Step 1: Prep Matcha | Sift 1 tsp matcha powder into a bowl to remove clumps. | Step 2: Heat Milk | Warm 200ml coconut milk to 70°C (do not boil). | Step 3: Blend Ingredients | In a blender, combine matcha, coconut milk, 1 tbsp MCT oil, and ½ tsp vanilla extract. | Step 4: Blend Latte | Blend on high for 20–30 seconds until frothy. | Step 5: Check Texture | Ensure latte is smooth and creamy. | Step 6: Sweeten (Optional) | Add a pinch of erythritol if desired, blend again. | Step 7: Serve Prep | Pour into a mug. | Step 8: Serve | Serve hot as a quick breakfast.",https://res.cloudinary.com/duegxp0u0/image/upload/v1748524023/kliod9mcvkosmi3t6hw9.jpg
68395ec7a1f9120d4641a4b4,Egg White & Veggie Muffins,snack,vegetarian,weight_loss,180.0,20.0,10.0,7.0,2.0,400.0,0.0,25,2,Egg White & Veggie Muffins Egg White & Veggie Muffins Egg White & Veggie Muffins Egg whites Spinach Bell peppers Olive oil Salt Black pepper vegetarian,"gluten_free,nut_free,lactose_free,low_carb,low_sugar,low_cholesterol,dairy_free",Egg whites (8); Spinach (50g); Bell peppers (50g); Olive oil (1 tsp); Salt (1/2 tsp); Black pepper (1/2 tsp),"Step 1: Preheat Oven | Preheat the oven to 180°C and lightly grease a muffin tin with 1 tsp olive oil. | Step 2: Prepare Spinach | Wash and finely chop 50g spinach to ensure even distribution. | Step 3: Prepare Bell Peppers | Dice 50g bell peppers into small pieces for uniform texture. | Step 4: Whisk Egg Whites | In a large bowl, whisk 8 egg whites until slightly frothy. | Step 5: Add Vegetables | Stir the chopped spinach and bell peppers into the egg whites, mixing well. | Step 6: Season Mixture | Add 1/2 tsp salt and 1/2 tsp black pepper to the egg white mixture for flavor. | Step 7: Fill Muffin Tin | Pour the egg white and veggie mixture evenly into 6–8 muffin cups, filling each about 3/4 full. | Step 8: Bake and Serve | Bake for 20 minutes until set and lightly golden, then let cool for 5 minutes before serving warm.",https://res.cloudinary.com/duegxp0u0/image/upload/v1748525102/qc2pzx9bhqfn2y68whmi.jpg
68395eeaa1f9120d4641a628,Baked Lemon Herb Chicken Drumsticks,dinner,desi,weight_loss,220.0,18.0,1.0,16.0,0.0,400.0,80.0,45,2,"Baked Lemon Herb Chicken Drumsticks Baked Lemon Herb Chicken Drumsticks Baked Lemon Herb Chicken Drumsticks Chicken Drumsticks Lemon Juice Garlic Mixed Herbs (Rosemary, Thyme) Olive Oil Salt desi","gluten_free,nut_free,egg_free,lactose_free,low_sodium,low_sugar,low_carb,low_cholesterol,dairy_free","Chicken Drumsticks (200g (about 2 small drumsticks)); Lemon Juice (1 tbsp (15ml)); Garlic (1 tsp (5g, minced)); Mixed Herbs (Rosemary, Thyme) (1 tsp (2g, assumed equal parts)); Olive Oil (1 tbsp (14g)); Salt (To taste (assumed 1/2 tsp, 1.5g, not listed but implied))","Step 1: Marinate the chicken: | Marinate chicken drumsticks in lemon juice, mixed herbs (rosemary, thyme), garlic, olive oil, and salt. | Step 2: Preheat the oven: | Preheat the oven to 375°F (190°C) while the chicken marinates. | Step 3: Bake the chicken: | Place the marinated drumsticks in the oven and bake for 30-35 minutes, or until fully cooked through. | Step 4: Check for doneness: | Ensure the internal temperature of the chicken reaches 165°F (74°C) to confirm it's cooked. | Step 5: Rest the chicken: | Let the chicken rest for a few minutes after baking to retain its juices. | Step 6: Drizzle with lemon juice: | Drizzle fresh lemon juice over the baked chicken for added zest. | Step 7: Garnish (optional): | Garnish with fresh herbs like rosemary or thyme for extra flavor. | Step 8: Serve hot: | Serve the baked chicken drumsticks hot, paired with your favorite side dishes.",https://res.cloudinary.com/duegxp0u0/image/upload/v1745169273/recipe_uploads/orun8qnxfvrn9rvojkxr.jpg
68395eeaa1f9120d4641a62d,Beef Harissa (Lean Meat with Whole Grains & Lentils),dinner,desi,weight_loss,380.0,28.0,46.0,10.0,10.0,400.0,60.0,2,3,Beef Harissa (Lean Meat with Whole Grains & Lentils) Beef Harissa (Lean Meat with Whole Grains & Lentils) Beef Harissa (Lean Meat with Whole Grains & Lentils) Lean Beef Lentils Onion Garlic Ginger Cumin Coriander Garam Masala Salt Oil Water desi,"nut_free,egg_free,lactose_free,low_sodium,low_sugar","Lean Beef (300g (cubed)); Lentils (1/2 cup (100g, dry, assumed yellow moong dal)); Onion (1 (100g, chopped)); Garlic (1 tbsp (15g, minced)); Ginger (1 inch (10g, grated)); Cumin (1/2 tsp (1g)); Coriander (1/2 tsp (1g)); Garam Masala (1/2 tsp (1g)); Salt (To taste (assumed 1 tsp, 3g, not listed but implied)); Oil (As needed (assumed 1 tbsp, 14g, for cooking, not listed but implied)); Water (As needed (assumed 4 cups, 960ml, for cooking))","Step 1: Heat oil and sauté onions, garlic, and ginger: | In a large pot, heat oil and sauté chopped onions, garlic, and ginger until fragrant and golden. | Step 2: Add lean beef cuts and brown them: | Add the lean beef cuts to the pot and brown them on all sides. | Step 3: Add soaked whole grains (wheat, barley) and lentils: | Add the soaked whole grains (wheat, barley) and lentils to the pot, along with spices (cumin, coriander, garam masala). | Step 4: Stir to combine: | Stir the mixture to combine the beef, grains, lentils, and spices. | Step 5: Add broth: | Add broth to the pot, making sure the ingredients are covered with liquid. | Step 6: Bring to a boil: | Bring the mixture to a boil, then reduce the heat to low. | Step 7: Cook on low heat for 2 hours: | Cover the pot and simmer on low heat for 2 hours, stirring occasionally, until the beef and grains are tender. | Step 8: Serve hot: | Once everything is cooked and tender, serve the dish hot, garnished with fresh herbs if desired.",https://res.cloudinary.com/duegxp0u0/image/upload/v1745169304/recipe_uploads/jpzydlvgqnnpb8jr2g2q.jpg
68395eeaa1f9120d4641a5e6,Chickpea & Barley Idli with Cumin Seeds,breakfast,desi,weight_loss,260.0,10.0,42.0,6.0,10.0,160.0,0.0,50,1,Chickpea & Barley Idli with Cumin Seeds Chickpea & Barley Idli with Cumin Seeds Chickpea & Barley Idli with Cumin Seeds Chickpeas Barley Cumin Seeds Salt Water Olive Oil (for greasing) Coconut Chutney desi,"nut_free,egg_free,lactose_free,low_sodium,low_sugar,low_cholesterol,dairy_free","Chickpeas (1/2 cup (100g, dry)); Barley (1/2 cup (100g, dry)); Cumin Seeds (1/2 tsp (1g)); Salt (pinch (0.5g)); Water (as needed (assumed 1 cup, 240ml)); Olive Oil (for greasing) (few drops (1g)); Coconut Chutney (1 tbsp (15g))","Step 1: Soak Ingredients: | Soak 1/2 cup chickpeas and 1/2 cup barley separately in water overnight or for 8 hours, then drain well. | Step 2: Blend Batter: | Grind the soaked chickpeas and barley with a pinch of cumin seeds, a pinch of salt, and minimal water into a smooth, slightly thick batter. | Step 3: Ferment Batter: | Cover the batter and let it rest in a warm place for 6-8 hours to ferment slightly, until it turns frothy and rises a bit. | Step 4: Prepare Steamer: | Fill a steamer or idli pot with water, bring it to a boil, and lightly grease the idli molds with oil. | Step 5: Pour Batter: | Stir the fermented batter gently, then pour it into the greased idli molds, filling each mold about three-quarters full. | Step 6: Steam Idlis: | Place the molds in the steamer, cover, and steam for 10-15 minutes, or until a toothpick inserted in the idlis comes out clean. | Step 7: Cool and Remove: | Let the idlis cool for 2-3 minutes, then carefully remove them from the molds using a spoon. | Step 8: Serve Hot: | Serve the soft chickpea-barley idlis hot with coconut chutney or a side of sambar for a wholesome meal.",https://res.cloudinary.com/duegxp0u0/image/upload/v1745168952/recipe_uploads/ggvvkhe5zglt6l8nmgqk.jpg
68395eeaa1f9120d4641a667,Chickpea & Barley Stew with Garlic,lunch,desi,weight_loss,250.0,10.0,44.0,4.0,12.0,100.0,0.0,45,1,Chickpea & Barley Stew with Garlic Chickpea & Barley Stew with Garlic Chickpea & Barley Stew with Garlic Chickpeas Barley Garlic Olive Oil desi,"nut_free,egg_free,lactose_free,low_sodium,low_sugar,low_cholesterol,dairy_free","Chickpeas (1/2 cup (80g, cooked or canned, drained)); Barley (1/2 cup (90g, dry)); Garlic (2 cloves (6g, minced)); Olive Oil (1 tsp (5g))","Step 1: Cook Chickpeas and Barley: | Cook 1/2 cup chickpeas and 1/2 cup barley in 4 cups water with 1/2 tsp cumin and 1/4 tsp turmeric until tender. | Step 2: Sauté Garlic: | In a separate pan, sauté 2 garlic cloves in 1 tsp olive oil over medium heat until golden and fragrant. | Step 3: Combine Garlic with Chickpeas and Barley: | Add the sautéed garlic to the cooked chickpeas and barley mixture, stirring to combine. | Step 4: Season the Mixture: | Season the mixture with salt and pepper to taste, adjusting the seasoning to your preference. | Step 5: Simmer the Dish: | Let the mixture simmer for 10 minutes to allow the flavors to blend and absorb. | Step 6: Check Consistency: | If the dish is too thick, add a little water and continue simmering until the desired consistency is reached. | Step 7: Taste and Adjust Seasoning: | Taste the dish and adjust the salt, pepper, or spices if needed. | Step 8: Serve Hot: | Serve the chickpea and barley mixture hot, perfect as a wholesome and filling meal.",https://res.cloudinary.com/duegxp0u0/image/upload/v1745169080/recipe_uploads/xoqcooffjmmt6zfzaiic.jpg
68395ec7a1f9120d4641a4a4,Greek Yogurt with Nuts,snack,vegetarian,weight_loss,320.0,20.0,25.0,18.0,2.0,80.0,20.0,5,2,Greek Yogurt with Nuts Greek Yogurt with Nuts Greek Yogurt with Nuts Greek yogurt Almonds Honey vegetarian,"gluten_free,egg_free,low_sodium,low_cholesterol",Greek yogurt (200g); Almonds (30g); Honey (1 tbsp),"Step 1: Select a Bowl | Choose a medium-sized bowl for assembling the snack. | Step 2: Add Yogurt Base | Scoop 200g Greek yogurt into the bowl, spreading it evenly. | Step 3: Prepare Almonds | Crush 30g almonds into small pieces using a mortar or knife. | Step 4: Measure Honey | Measure 1 tbsp honey for drizzling. | Step 5: Layer Almonds | Sprinkle the crushed almonds evenly over the yogurt. | Step 6: Drizzle Honey | Drizzle the honey over the almonds and yogurt for sweetness. | Step 7: Mix Gently | Stir lightly to combine the yogurt, almonds, and honey without overmixing. | Step 8: Serve Immediately | Serve fresh as a healthy snack to enjoy the creamy texture and crunch.",https://res.cloudinary.com/duegxp0u0/image/upload/v1748525180/i5lmfioiuw8blczr19nt.jpg
68395ecea1f9120d4641a4ed,Turkey & Spinach Omelette,breakfast,non_vegetarian,weight_loss,290.0,28.0,5.0,18.0,1.0,450.0,210.0,15,1,Turkey & Spinach Omelette Turkey & Spinach Omelette Turkey & Spinach Omelette Eggs Turkey Spinach Olive oil Salt Black pepper Chives non_vegetarian,"gluten_free,nut_free,lactose_free,low_carb,low_sodium,low_sugar,dairy_free",Eggs (3); Turkey (80g); Spinach (50g); Olive oil (1 tsp); Salt (1/4 tsp); Black pepper (1/4 tsp); Chives (1 tsp (optional)),"Step 1: Prepare Turkey | Finely chop 80g cooked turkey (e.g., deli or leftover) into small pieces. | Step 2: Prepare Spinach | Wash 50g spinach thoroughly and chop roughly if leaves are large. | Step 3: Whisk Eggs | Crack 3 eggs into a bowl, whisk with a fork until well combined, and season with 1/4 tsp salt and 1/4 tsp black pepper. | Step 4: Heat Oil | Heat 1 tsp olive oil in a non-stick skillet over medium heat. | Step 5: Sauté Spinach | Add spinach to the skillet and sauté for 1–2 minutes until wilted, then remove and set aside. | Step 6: Cook Turkey | Add chopped turkey to the skillet, warming for 1–2 minutes until heated through. | Step 7: Cook Omelette | Pour eggs into the skillet, add spinach back, and cook for 3–4 minutes, lifting edges to let uncooked egg flow underneath, until set. | Step 8: Serve | Fold the omelette in half, slide onto a plate, garnish with 1 tsp chopped chives if desired, and serve warm as a light breakfast.",https://res.cloudinary.com/duegxp0u0/image/upload/v1748524791/ckj1yt7f2xg1bihtzrof.jpg
68395ecea1f9120d4641a512,Beef & Cheese Stuffed Shells,dinner,non_vegetarian,weight_gain,610.0,52.0,45.0,30.0,4.0,800.0,120.0,55,3,Beef & Cheese Stuffed Shells Beef & Cheese Stuffed Shells Beef & Cheese Stuffed Shells Ground beef Jumbo pasta shells Ricotta cheese Marinara sauce Olive oil Garlic Oregano Salt Mozzarella cheese Parmesan cheese Parsley non_vegetarian,"nut_free,egg_free,low_sugar",Ground beef (300g); Jumbo pasta shells (15); Ricotta cheese (100g); Marinara sauce (200ml); Olive oil (2 tsp); Garlic (1 clove); Oregano (½ tsp); Salt (¼ tsp); Mozzarella cheese (50g); Parmesan cheese (1 tbsp); Parsley (1 tsp (optional)),"Step 1: Preheat Oven | Preheat the oven to 180°C and lightly grease a baking dish with 1 tsp olive oil. | Step 2: Cook Pasta Shells | Boil 15 jumbo pasta shells in salted water for 8–10 minutes until al dente, then drain and cool slightly. | Step 3: Cook Beef | Heat 1 tsp olive oil in a skillet over medium heat, add 300g ground beef, and cook for 5–6 minutes until browned, breaking it apart. | Step 4: Season Beef | Add 1 minced garlic clove, ½ tsp oregano, and ¼ tsp salt to the beef, stirring for 1 minute, then remove from heat and cool slightly. | Step 5: Prepare Filling | In a bowl, mix cooked beef, 100g ricotta cheese, and 50g shredded mozzarella until well combined. | Step 6: Stuff Shells | Spoon the beef-cheese mixture evenly into the cooked pasta shells, filling each generously. | Step 7: Assemble Dish | Spread 100ml marinara sauce in the baking dish, place stuffed shells on top, and pour another 100ml marinara over the shells. | Step 8: Bake and Serve | Sprinkle 1 tbsp parmesan cheese over the top, bake for 25–30 minutes until bubbly, garnish with 1 tsp chopped parsley if desired, and serve hot as a rich dinner.",https://res.cloudinary.com/duegxp0u0/image/upload/v1748524578/vslhrgziqkgaeqy1wwu0.jpg
68395ef0a1f9120d4641a743,Paya Curry with Steamed Rice,lunch,desi,weight_gain,480.0,20.0,50.0,15.0,2.0,1090.0,50.0,60,3,Paya Curry with Steamed Rice Paya Curry with Steamed Rice Paya Curry with Steamed Rice Beef paya Basmati rice Onion Tomatoes Ginger garlic paste Red chili powder Turmeric Garam masala Salt Oil Fresh coriander Green chilies Whole spices Water Water desi,"nut_free,egg_free,low_sugar","Beef paya (300g); Basmati rice (1 cup); Onion (1, chopped); Tomatoes (2, pureed); Ginger garlic paste (1 tsp); Red chili powder (1 tsp); Turmeric (¼ tsp); Garam masala (½ tsp); Salt (1 tsp); Oil (3 tbsp); Fresh coriander (1 tbsp, chopped); Green chilies (2, chopped); Whole spices (1 tbsp); Water (2 cups (for rice)); Water (2 cups (for curry))","Step 1: Gather Ingredients: Collect 2 tbsp oil, 1 sliced onion, 1 tbsp ginger-garlic paste, 300g beef paya (trotters), 2 tomatoes (pureed), 1 tsp red chili powder, 1 tsp garam masala, ½ tsp turmeric, 1 tsp salt, 4 cups water, 2 cups basmati rice, 4 cups water (for rice), and 2 tbsp fresh coriander (chopped). | Step 2: Heat Oil: Heat 2 tbsp oil in a pot over medium heat for 1-2 minutes. | Step 3: Sauté Onions: Add 1 sliced onion and sauté for 5-7 minutes until golden brown. | Step 4: Brown Paya: Stir in 1 tbsp ginger-garlic paste and 300g beef paya, cooking for 10-15 minutes until lightly browned. | Step 5: Cook Tomato Base: Add 2 pureed tomatoes, 1 tsp red chili powder, 1 tsp garam masala, ½ tsp turmeric, and 1 tsp salt, cooking for 10 minutes until the mixture thickens. | Step 6: Simmer Paya: Pour in 4 cups water, cover, and simmer for 2-3 hours until the paya is tender and the curry is rich and glossy. | Step 7: Prepare Steamed Rice: Boil 2 cups basmati rice in 4 cups water with a pinch of salt for 10-12 minutes until fluffy, then drain. | Step 8: Serve with Garnish: Plate the steamed rice, ladle the paya curry over or beside it, garnish with 2 tbsp chopped fresh coriander, and serve hot.",https://res.cloudinary.com/duegxp0u0/image/upload/v1746770523/ics2bhnc6pyxqzmhfplm.jpg
68395eeaa1f9120d4641a6de,"Almond & Date Energy Balls (No Sugar, No Oil)",snack,desi,weight_loss,100.0,3.0,12.0,5.0,2.0,5.0,0.0,10,1,"Almond & Date Energy Balls (No Sugar, No Oil) Almond & Date Energy Balls (No Sugar, No Oil) Almond & Date Energy Balls (No Sugar, No Oil) Almonds Cardamom desi","gluten_free,egg_free,lactose_free,low_sodium,low_sugar,dairy_free","Almonds (1/4 cup (30g, chopped)); Cardamom (1/4 tsp (0.5g))","Step 1: Prepare the Ingredients : | Blend almonds, dates, and a pinch of cardamom in a food processor until the mixture sticks together. | Step 2: Shape the Mixture : | Once the mixture is ready, roll it into small balls using your hands. | Step 3: Optionally Coat the Balls : | Optionally, coat the rolled balls with desiccated coconut or cocoa powder for added flavor. | Step 4: Chill the Energy Balls : | Place the energy balls in the refrigerator for about 30 minutes to firm up. | Step 5: Serve and Enjoy : | After chilling, serve the energy balls as a snack or dessert. | Step 6: Store for Later : | Store the energy balls in an airtight container in the refrigerator for up to a week. | Step 7: Add Your Twist : | Feel free to add other ingredients like dried fruits or seeds for variation. | Step 8: Customize the Coating : | You can also coat the balls with crushed nuts, sesame seeds, or a sprinkle of cinnamon for different flavors.",https://res.cloudinary.com/duegxp0u0/image/upload/v1745169547/recipe_uploads/ugymgpskjzqnewp28x8o.jpg
68395ed6a1f9120d4641a57b,Ricotta-Stuffed Apricots,snack,mediterranean,weight_loss,340.0,21.0,66.0,28.0,6.0,125.0,75.0,20,3,Ricotta-Stuffed Apricots Ricotta-Stuffed Apricots Ricotta-Stuffed Apricots Apricots Ricotta cheese Honey Olive oil mediterranean,"gluten_free,nut_free,egg_free,low_sodium,low_cholesterol",Apricots (300g); Ricotta cheese (150g); Honey (35g); Olive oil (7ml),"Step 1: Preheat Oven | Set the oven to 180°C to preheat for baking. |  | Step 2: Wash Apricots | Rinse 300g fresh apricots under cold water and pat dry. |  | Step 3: Halve Apricots | Cut each apricot in half and remove the pit, creating 24 halves. |  | Step 4: Prep Ricotta | Spoon 150g ricotta cheese into a bowl and stir until smooth. |  | Step 5: Fill Apricots | Place a teaspoon of ricotta into the center of each apricot half. |  | Step 6: Arrange Apricots | Place stuffed apricot halves on a baking sheet lined with parchment paper. |  | Step 7: Bake Apricots | Drizzle 35g honey and 7ml olive oil over the apricots, then bake for 10 minutes until soft. |  | Step 8: Serve Warm | Cool slightly, plate 6 stuffed halves, and serve warm as a snack.",https://res.cloudinary.com/duegxp0u0/image/upload/v1748524448/vi89ly09djj24vbwaifp.jpg
68395eeaa1f9120d4641a601,Spinach & Onion Roti,breakfast,desi,weight_loss,160.0,5.0,28.0,4.0,5.0,160.0,0.0,25,1,Spinach & Onion Roti Spinach & Onion Roti Spinach & Onion Roti Whole Wheat Flour Spinach Onion Green Chili Cumin Olive Oil Salt Water desi,"nut_free,egg_free,lactose_free,low_sodium,low_sugar,low_cholesterol,dairy_free","Whole Wheat Flour (½ cup (60g)); Spinach (½ cup (30g, chopped)); Onion (1 small (70g, chopped)); Green Chili (1 (5g, chopped)); Cumin (¼ tsp (0.5g)); Olive Oil (1 tsp (5g)); Salt (to taste (0.5g, pinch)); Water (as needed (assumed 1/4 cup, 60ml))","Step 1: Finely Chop: | Finely chop spinach and onion. | Step 2: Mix with Flour: | Mix the chopped spinach and onion with whole wheat flour in a bowl. | Step 3: Add Seasonings: | Add 1 tsp olive oil, green chili, cumin, and salt to the flour mixture. | Step 4: Knead the Dough: | Gradually add water and knead into a soft dough. | Step 5: Rest Dough: | Let the dough rest for 10 minutes to allow it to set. | Step 6: Roll the Rotis: | Roll the dough into small rotis using dry flour to prevent sticking. | Step 7: Cook on Pan: | Cook each roti on a non-stick pan, flipping to cook both sides until golden. | Step 8: Serve: | Serve the hot rotis with mint chutney or low-fats yogurt for added flavor.",https://res.cloudinary.com/duegxp0u0/image/upload/v1745168996/recipe_uploads/csgxdoplrcxrjvqgbtht.jpg
68395eeaa1f9120d4641a675,Steamed Mutton Kebabs with Yogurt Dip,snack,desi,weight_loss,320.0,24.0,10.0,20.0,2.0,150.0,80.0,30,2,Steamed Mutton Kebabs with Yogurt Dip Steamed Mutton Kebabs with Yogurt Dip Steamed Mutton Kebabs with Yogurt Dip Mutton (Minced) Garlic Ginger Onion Cumin Coriander Yogurt Mint desi,"gluten_free,nut_free,egg_free,low_sodium,low_sugar","Mutton (Minced) (200g); Garlic (1 tbsp (9g, minced)); Ginger (1 tbsp (6g, grated)); Onion (1 medium (100g, chopped)); Cumin (1 tsp (2g)); Coriander (1 tsp (2g, ground)); Yogurt (1/4 cup (60g)); Mint (1 tbsp (3g, chopped))","Step 1: Prepare Kebabs : | Mix minced mutton with garlic, ginger, onions, cumin, coriander, and salt. Form into kebabs. | Step 2: Steam Kebabs : | Steam the kebabs for 15-20 minutes until cooked through. | Step 3: Prepare Yogurt Dip : | In a bowl, combine yogurt, mint, and lemon juice. | Step 4: Serve Kebabs : | Once the kebabs are cooked, serve them hot. | Step 5: Serve Yogurt Dip : | Serve the kebabs with the yogurt dip on the side. | Step 6: Garnish : | Garnish the dip with extra mint leaves if desired. | Step 7: Enjoy : | Enjoy the kebabs with the refreshing yogurt dip. | Step 8: Optional Sides : | Serve with some whole wheat roti or a salad for a complete meal.",https://res.cloudinary.com/duegxp0u0/image/upload/v1745169098/recipe_uploads/geeggidg6e45xxijbbwb.jpg
68395ec7a1f9120d4641a4e5,Dairy-Rich Fruit Chaat,snack,vegetarian,weight_loss,130.0,3.0,22.0,4.0,2.0,100.0,10.0,15,1,"Dairy-Rich Fruit Chaat Dairy-Rich Fruit Chaat Dairy-Rich Fruit Chaat Apple, diced Banana, sliced Orange, peeled and segmented Full cream yogurt Honey Chaat masala Roasted cumin powder Fresh mint leaves vegetarian","gluten_free,nut_free,egg_free,low_cholesterol","Apple, diced (1/4 medium (45g)); Banana, sliced (1/4 medium (30g)); Orange, peeled and segmented (1/4 medium (35g)); Full cream yogurt (1/4 cup (60g)); Honey (3/4 tsp (5g)); Chaat masala (1/8 tsp (0.3g)); Roasted cumin powder (pinch (0.1g)); Fresh mint leaves (1-2 (0.2g, for garnish))","Step 1: Gather Ingredients: | Collect 1 cup mixed fruits (e.g., banana, apple, pomegranate, mango, chopped), 1 cup full-fat yogurt, 2 tbsp honey, ½ tsp chaat masala, 1 tbsp fresh cream (optional), and 1 tbsp chopped almonds (for garnish). | Step 2: Prepare Fruits: | Wash, peel, and chop 1 cup mixed fruits into bite-sized pieces, ensuring even sizes for a balanced texture. | Step 3: Whisk Yogurt: | In a bowl, whisk 1 cup full-fat yogurt for 1-2 minutes until smooth; add 1 tbsp fresh cream if desired for extra richness. | Step 4: Mix Ingredients: | Combine the chopped fruits, yogurt, 2 tbsp honey, and ½ tsp chaat masala in a large bowl, gently tossing to coat the fruits evenly. | Step 5: Chill Chaat: | Cover the fruit chaat and refrigerate for 30-60 minutes to cool and allow the flavors to meld. | Step 6: Serve Chilled: | Spoon the chilled fruit chaat into bowls, garnish with 1 tbsp chopped almonds, and serve cold for a refreshing treat.",https://res.cloudinary.com/duegxp0u0/image/upload/v1748525070/hyuds8w43ly7olwsexzx.jpg
68395ef0a1f9120d4641a782,Spicy Chicken Poppers with Garlic Sauce,snack,desi,weight_gain,480.0,24.0,20.0,34.0,1.0,900.0,70.0,25,4,Spicy Chicken Poppers with Garlic Sauce Spicy Chicken Poppers with Garlic Sauce Spicy Chicken Poppers with Garlic Sauce Chicken cubes Corn flour Red chili powder Turmeric powder Cumin powder Coriander powder Garam masala Salt Ginger garlic paste Oil Garlic sauce Fresh cilantro Green chili Lemon juice Garlic desi,"nut_free,egg_free,low_sugar",Chicken cubes (400g); Corn flour (8 tbsp); Red chili powder (1 tsp); Turmeric powder (½ tsp); Cumin powder (½ tsp); Coriander powder (½ tsp); Garam masala (½ tsp); Salt (1 tsp); Ginger garlic paste (1 tsp); Oil (4 cups); Garlic sauce (8 tbsp); Fresh cilantro (2 tbsp); Green chili (1); Lemon juice (1 tbsp); Garlic (2 tsp),"Step 1: Gather Ingredients: Collect 400g chicken breast (cubed), ½ cup corn flour, 1 tsp red chili powder, 1 tsp black pepper, 1 tsp salt, oil (for frying), ½ cup yogurt, 1 tsp minced garlic, and 1 tbsp lemon juice. | Step 2: Prepare Chicken: Cut 400g chicken breast into bite-sized cubes and pat dry. | Step 3: Coat Poppers: Mix ½ cup corn flour with 1 tsp red chili powder, 1 tsp black pepper, and 1 tsp salt; toss chicken cubes to coat evenly. | Step 4: Fry Poppers: Heat oil in a deep pan over medium-high heat until hot (test with a pinch of corn flour; it should sizzle); fry chicken in batches for 3-4 minutes until golden and crispy, then drain on paper towels. | Step 5: Make Garlic Sauce: Mix ½ cup yogurt with 1 tsp minced garlic, 1 tbsp lemon juice, and a pinch of salt until smooth. | Step 6: Serve Hot: Plate the spicy chicken poppers and serve hot with garlic sauce on the side.",https://res.cloudinary.com/duegxp0u0/image/upload/v1746813072/a2o95hgf8zg7z18orjpm.jpg
68395eeaa1f9120d4641a60a,Boiled Chana Salad,breakfast,desi,weight_loss,140.0,6.0,24.0,2.0,7.0,150.0,0.0,15,1,Boiled Chana Salad Boiled Chana Salad Boiled Chana Salad Black Chana Tomato Onion Cucumber Lemon Juice Spices desi,"gluten_free,nut_free,egg_free,lactose_free,low_sodium,low_sugar,low_cholesterol,dairy_free","Black Chana (½ cup (80g, dry, boiled)); Tomato (1 (150g, chopped)); Onion (1 (100g, chopped)); Cucumber (½ (100g, chopped)); Lemon Juice (1 tbsp (15ml)); Spices (to taste (assumed ¼ tsp each of chaat masala, cumin powder, and chili powder, 1.5g total))","Step 1: Boil Black Chickpeas: | Boil ½ cup black chickpeas until tender and fully cooked. | Step 2: Prepare Vegetables: | Chop tomato, onion, and cucumber into small pieces. | Step 3: Combine Ingredients: | In a bowl, combine the boiled black chickpeas with the chopped tomato, onion, and cucumber. | Step 4: Add Lemon Juice: | Squeeze fresh lemon juice over the mixture for a tangy flavor. | Step 5: Season with Black Salt: | Add black salt to taste and stir well. | Step 6: Mix Well: | Mix all the ingredients thoroughly to combine the flavors. | Step 7: Adjust Seasoning: | Taste and adjust salt or lemon juice if needed. | Step 8: Serve Fresh: | Serve the fresh black chickpea salad immediately.",https://res.cloudinary.com/duegxp0u0/image/upload/v1745169020/recipe_uploads/admkr2ww0wi0yzpxfuu6.jpg
68395eeaa1f9120d4641a6a4,"Smoked Lentils (Coal Infused Flavor, No Butter)",lunch,desi,weight_loss,200.0,14.0,30.0,4.0,8.0,400.0,0.0,30,2,"Smoked Lentils (Coal Infused Flavor, No Butter) Smoked Lentils (Coal Infused Flavor, No Butter) Smoked Lentils (Coal Infused Flavor, No Butter) Lentils Oil Cumin Seeds Onion Red Chili Powder Coriander Powder Garam Masala Salt Water Burning Coal desi","gluten_free,nut_free,egg_free,lactose_free,low_sodium,low_sugar,low_cholesterol,dairy_free","Lentils (1 cup (200g, assumed yellow moong dal, dry)); Oil (1 tbsp (14g)); Cumin Seeds (1 tsp (2g)); Onion (1 medium (100g, chopped)); Red Chili Powder (1/2 tsp (1g)); Coriander Powder (1 tsp (2g)); Garam Masala (1 tsp (2g)); Salt (To taste (assumed 1 tsp, 3g)); Water (2 cups (480ml)); Burning Coal (For smoking (assumed negligible weight))","Step 1: Cook Lentils: | Rinse 1 cup of lentils and cook them in 2 cups of water with 1/2 tsp turmeric powder and salt to taste. Simmer until soft, around 20 minutes. | Step 2: Prepare the Tempering: | In a pan, heat 1 tbsp oil, add 1 tsp cumin seeds, and fry until they splutter. Add chopped onions and sauté until golden. | Step 3: Add Spices: | Stir in 1 tsp ginger-garlic paste, 1/2 tsp red chili powder, 1 tsp coriander powder, and 1 tsp garam masala. Cook for 2-3 minutes. | Step 4: Smoke the Lentils: | Pour the tempering over the cooked lentils and let them simmer for 5 minutes. Add a piece of burning coal to a small bowl, place it in the pan, and cover to infuse the smoky flavor. | Step 5: Serve: | Remove the coal and serve hot. | Step 6: Adjust Consistency: | If the lentils are too thick, add a little water and simmer for a few more minutes to reach your desired consistency. | Step 7: Garnish: | Garnish with fresh cilantro and a squeeze of lemon juice for added freshness. | Step 8: Enjoy: | Serve the smoky dal with steamed rice or flatbread (roti) for a complete and flavorful meal.",https://res.cloudinary.com/duegxp0u0/image/upload/v1745169218/recipe_uploads/ycibnotmi4qhdcvp0ps5.jpg
68395ebfa1f9120d4641a473,Duck Confit with Greens,dinner,keto,weight_gain,710.0,29.0,3.0,29.0,2.0,400.0,120.0,180,2,Duck Confit with Greens Duck Confit with Greens Duck Confit with Greens Duck legs Duck fat Kale Garlic Salt Black pepper Thyme keto,"gluten_free,nut_free,egg_free,low_carb,low_sugar,dairy_free",Duck legs (175g); Duck fat (1½ tbsp); Kale (100g); Garlic (1 clove); Salt (⅛ tsp); Black pepper (pinch); Thyme (½ tsp (optional)),"Step 1: Prep Duck | Season 175g duck leg with ⅛ tsp salt, refrigerate for 1 hour. | Step 2: Slow-Cook Duck | Place duck in a pot with 1½ tbsp duck fat, cook at 90°C for 2–3 hours until tender. | Step 3: Crisp Duck | Remove duck, sear skin-side down in a skillet for 3–4 minutes until crispy. | Step 4: Prep Kale | Chop 100g kale, remove tough stems. | Step 5: Sauté Garlic | In skillet, heat ½ tsp duck fat, sauté 1 minced garlic clove for 30 seconds. | Step 6: Sauté Greens | Add kale, sauté for 3–5 minutes until wilted, season with a pinch of black pepper. | Step 7: Plate Dish | Serve duck leg atop greens. | Step 8: Serve | Garnish with ½ tsp chopped thyme and serve hot as a rich dinner.",  https://res.cloudinary.com/duegxp0u0/image/upload/v1748523935/hpldbwfw7b0ucil0jrp9.jpg
68395ef0a1f9120d4641a6f2,Mutton Karahi with Whole Wheat Roti,lunch,desi,weight_gain,513.0,18.0,30.0,20.0,5.0,1090.0,50.0,1,5,Mutton Karahi with Whole Wheat Roti Mutton Karahi with Whole Wheat Roti Mutton Karahi with Whole Wheat Roti Tomatoes Green chilies Yogurt Cooking oil Cumin seeds Red chili powder Garam masala Salt Coriander leaves Whole wheat roti Turmeric powder Water Coriander powder desi,"nut_free,egg_free,low_sugar","Tomatoes (4 medium, chopped); Green chilies (3, sliced); Yogurt (½ cup); Cooking oil (3 tbsp); Cumin seeds (1 tsp); Red chili powder (1 tsp); Garam masala (½ tsp); Salt (1 tsp); Coriander leaves (2 tbsp, chopped); Whole wheat roti (4 pieces); Turmeric powder (½ tsp); Water (½ cup); Coriander powder (1 tsp)","Step 1: Prepare the Spices and Ingredients: Gather 500g mutton, 3 tbsp oil, 1 tsp cumin seeds, 1 tbsp ginger-garlic paste, 2 chopped tomatoes, 2-3 green chilies, 1 tsp red chili powder, 1 tsp salt, ½ cup yogurt, ½ tsp garam masala, and chopped coriander. | Step 2: Heat the Oil: Heat 3 tbsp oil in a deep pan over medium heat for 1-2 minutes until hot. | Step 3: Temper the Cumin Seeds: Add 1 tsp cumin seeds and let them splutter for 20-30 seconds, stirring gently. | Step 4: Sauté the Aromatics: Add 1 tbsp ginger-garlic paste and sauté for 30 seconds until fragrant. | Step 5: Brown the Mutton: Add 500g mutton pieces and fry for 5-7 minutes on medium-high heat until lightly browned. | Step 6: Add Tomatoes and Spices: Stir in 2 chopped tomatoes, 2-3 green chilies, 1 tsp red chili powder, and 1 tsp salt. Cook for 10 minutes until tomatoes soften. | Step 7: Simmer with Yogurt: Add ½ cup yogurt, reduce heat to low, cover, and cook for 40-45 minutes until mutton is tender, adding a splash of water if needed. | Step 8: Finish and Serve: Sprinkle ½ tsp garam masala, garnish with coriander, and serve hot with whole wheat roti.",https://res.cloudinary.com/duegxp0u0/image/upload/v1746775919/wv5pxonnarxcdnbxftal.jpg
68395eeaa1f9120d4641a677,"Low-fats Chicken Shawarma (Whole Wheat Wrap, No Mayo)",lunch,desi,weight_loss,280.0,28.0,18.0,10.0,3.0,200.0,65.0,40,2,"Low-fats Chicken Shawarma (Whole Wheat Wrap, No Mayo) Low-fats Chicken Shawarma (Whole Wheat Wrap, No Mayo) Low-fats Chicken Shawarma (Whole Wheat Wrap, No Mayo) Chicken Breast Olive Oil Garlic Lemon Juice Cumin Paprika Whole Wheat Wrap desi","nut_free,egg_free,lactose_free,low_sodium,low_sugar","Chicken Breast (200g (boneless, skinless, cubed or sliced)); Olive Oil (1 tbsp (14g)); Garlic (1 tbsp (9g, minced)); Lemon Juice (1 tbsp (15ml)); Cumin (1 tsp (2g)); Paprika (1 tsp (2g)); Whole Wheat Wrap (1 (40g))","Step 1: Marinate Chicken : | Marinate chicken strips with olive oil, garlic, lemon juice, cumin, paprika, and salt for 30 minutes. | Step 2: Preheat Grill : | Preheat the grill to medium-high heat. | Step 3: Grill Chicken : | Grill the marinated chicken until cooked through. | Step 4: Prepare Wrap : | Take a whole wheat wrap and lay it flat. | Step 5: Prepare Sauce : | Mix yogurt with a pinch of salt and any desired herbs for the yogurt-based sauce (no mayo). | Step 6: Assemble Wrap : | Place grilled chicken strips in the center of the wrap. | Step 7: Add Vegetables : | Top with fresh lettuce and sliced cucumber. | Step 8: Serve : | Wrap everything up and serve the chicken wrap with a side of your choice.",https://res.cloudinary.com/duegxp0u0/image/upload/v1745169101/recipe_uploads/hecooepg7xf9jvfbm0pb.jpg
68395eeaa1f9120d4641a64a,Chicken & Capsicum Stir-Fry with Ginger,dinner,desi,weight_loss,220.0,24.0,8.0,10.0,2.0,600.0,65.0,20,2,Chicken & Capsicum Stir-Fry with Ginger Chicken & Capsicum Stir-Fry with Ginger Chicken & Capsicum Stir-Fry with Ginger Chicken Breast Bell Peppers Onion Ginger Soy Sauce Salt Oil desi,"nut_free,egg_free,lactose_free,low_sugar,low_carb,dairy_free","Chicken Breast (200g (boneless, cubed)); Bell Peppers (1 cup (100g, sliced)); Onion (1 medium (100g, chopped)); Ginger (1 tbsp (10g, grated)); Soy Sauce (1 tbsp (15ml)); Salt (To taste (assumed 1/4 tsp, 0.75g, not listed but implied, adjusted for soy sauce)); Oil (As needed (assumed 1 tbsp, 14g, for cooking, not listed but implied))","Step 1: Prepare the Ingredients : | Dice the chicken breast into bite-sized pieces and slice the bell peppers and onions thinly for quick cooking. | Step 2: Heat the Pan : | Place a non-stick pan over medium-high heat and add a small amount of oil. | Step 3: Stir-Fry the Chicken : | Add the diced chicken to the hot pan and stir-fry until it starts to turn white and slightly golden. | Step 4: Add Vegetables : | Toss in the sliced bell peppers and onions, and mix them with the chicken. | Step 5: Add Ginger : | Grate fresh ginger and add it to the pan for an aromatic boost. | Step 6: Season the Mixture : | Pour in soy sauce and sprinkle black pepper, stirring well to coat everything evenly. | Step 7: Cook Until Done : | Continue to stir-fry for 5–7 minutes until the chicken is fully cooked and the vegetables are tender but crisp. | Step 8: Serve Hot : | Remove from heat and serve immediately with rice, noodles, or on its own for a light meal.",https://res.cloudinary.com/duegxp0u0/image/upload/v1745169371/recipe_uploads/k5syx7gn94qqpctxwnae.jpg
68395eeaa1f9120d4641a672,"Spiced Lentil & Minced Meat Stew (Low Oil, High Fiber)",lunch,desi,weight_loss,380.0,32.0,38.0,10.0,12.0,100.0,60.0,40,2,"Spiced Lentil & Minced Meat Stew (Low Oil, High Fiber) Spiced Lentil & Minced Meat Stew (Low Oil, High Fiber) Spiced Lentil & Minced Meat Stew (Low Oil, High Fiber) Lentils Minced Meat (beef/chicken) Onion Garlic Ginger Turmeric, Cumin, Coriander, Chili desi","gluten_free,nut_free,egg_free,lactose_free,low_sodium,low_sugar","Lentils (1 cup (200g, dry, cooked, e.g., masoor or moong)); Minced Meat (beef/chicken) (200g (assumed chicken for calculation)); Onion (1 medium (100g, chopped)); Garlic (1 tbsp (9g, minced)); Ginger (1 tbsp (6g, grated)); Turmeric, Cumin, Coriander, Chili (1 tsp each (8g total))","Step 1: Cook Lentils and Minced Meat: | In a large pot, cook lentils and minced meat (beef or chicken) with onions, garlic, ginger, and spices (turmeric, cumin, coriander, chili). | Step 2: Add Water: | Add enough water to the pot to cover the ingredients. | Step 3: Stir and Combine: | Stir the mixture to combine all ingredients evenly. | Step 4: Bring to Boil: | Bring the pot to a boil over medium heat. | Step 5: Reduce Heat: | Once boiling, reduce the heat to low and cover the pot. | Step 6: Simmer: | Simmer for 30 minutes, stirring occasionally, until the stew thickens. | Step 7: Check Consistency: | Check the consistency of the stew, adding more water if necessary. | Step 8: Serve: | Once thick and flavorful, serve the stew hot with rice or bread.",https://res.cloudinary.com/duegxp0u0/image/upload/v1745169095/recipe_uploads/g8yhucps1abxdgp6nanp.jpg
68395ed6a1f9120d4641a556,Feta-Stuffed Dates,breakfast,mediterranean,weight_gain,500.0,27.0,63.0,29.0,6.0,190.0,110.0,15,1,Feta-Stuffed Dates Feta-Stuffed Dates Feta-Stuffed Dates Dates Feta cheese Prosciutto Olive oil mediterranean,"gluten_free,nut_free,egg_free,low_sugar",Dates (80g); Feta cheese (80g); Prosciutto (50g); Olive oil (5ml),"Step 1: Preheat Oven | Set the oven to 180°C to preheat for baking the dates. |  | Step 2: Prep Dates | Pit 10 dates (about 80g total) by making a small slit and removing the seeds. |  | Step 3: Crumble Feta | Break 80g feta cheese into small pieces for stuffing. |  | Step 4: Stuff Dates | Fill each date with about 1 tsp of crumbled feta, pressing gently to secure. |  | Step 5: Prep Prosciutto | Cut 50g prosciutto into 10 thin strips for wrapping. |  | Step 6: Wrap Dates | Wrap each stuffed date with a prosciutto strip, ensuring the feta is covered. |  | Step 7: Bake Dates | Place wrapped dates on a baking sheet and bake for 8 minutes until prosciutto is crisp. |  | Step 8: Serve Warm | Let cool slightly, then serve as a rich snack, drizzled with 1 tsp olive oil if desired.",https://res.cloudinary.com/duegxp0u0/image/upload/v1748524192/hsrnsbeehfvpnv5kqrqw.jpg
68395eeaa1f9120d4641a6d6,Grilled Bell Peppers Stuffed with Spiced Paneer,snack,desi,weight_loss,80.0,4.0,6.0,5.0,2.0,150.0,10.0,20,2,Grilled Bell Peppers Stuffed with Spiced Paneer Grilled Bell Peppers Stuffed with Spiced Paneer Grilled Bell Peppers Stuffed with Spiced Paneer Bell Peppers Paneer Spices Salt Oil desi,"gluten_free,nut_free,egg_free,low_sodium,low_sugar,low_carb","Bell Peppers (2 medium (240g, halved and deseeded)); Paneer (1/4 cup (60g, crumbled)); Spices (1 tsp (2g, assumed 1/2 tsp cumin + 1/2 tsp coriander)); Salt (To taste (assumed 1/4 tsp, 0.75g, not listed but implied)); Oil (As needed (assumed 1 tsp, 5g, for grilling, not listed but implied))","Step 1: Prepare the Bell Peppers : | Cut the bell peppers in half and remove the seeds and membranes. | Step 2: Sauté the Paneer : | Sauté paneer cubes with your choice of spices like cumin, turmeric, and chili powder until golden. | Step 3: Stuff the Peppers : | Stuff the sautéed paneer mixture into the hollowed-out bell pepper halves. | Step 4: Preheat the Grill : | Preheat the grill to medium heat for even cooking. | Step 5: Arrange the Stuffed Peppers : | Place the stuffed bell peppers on the grill, ensuring they are arranged upright. | Step 6: Grill the Peppers : | Grill the stuffed peppers for about 10-12 minutes, or until they are tender and slightly charred. | Step 7: Check the Filling : | Check that the paneer filling is golden and cooked through. | Step 8: Serve and Enjoy : | Serve the grilled stuffed peppers hot, garnished with fresh coriander or a squeeze of lemon..",https://res.cloudinary.com/duegxp0u0/image/upload/v1745169536/recipe_uploads/ek5pdxoc8mcq5cyo8ev7.jpg
68395eeaa1f9120d4641a65e,Spiced Cauliflower & Chickpea Curry,dinner,desi,weight_loss,180.0,8.0,20.0,8.0,6.0,400.0,0.0,15,5,Spiced Cauliflower & Chickpea Curry Spiced Cauliflower & Chickpea Curry Spiced Cauliflower & Chickpea Curry Cauliflower Boiled Chickpeas Cumin Seeds Onion Turmeric Powder Garam Masala Cumin Powder Salt Fresh Coriander Oil desi,"gluten_free,nut_free,egg_free,lactose_free,low_sodium,low_sugar,dairy_free","Cauliflower (1 medium (500g, cut into florets)); Boiled Chickpeas (1 cup (200g)); Cumin Seeds (1 tsp (2g)); Onion (1 small (70g, chopped)); Turmeric Powder (1 tsp (2g)); Garam Masala (1 tsp (2g)); Cumin Powder (1/2 tsp (1g)); Salt (To taste (assumed 1 tsp, 3g)); Fresh Coriander (For garnish (assumed 1 tbsp, 3g, chopped)); Oil (As needed (assumed 1 tbsp, 14g, for cooking, not listed but implied))","Step 1: Prepare Cauliflower : | Cut 1 medium cauliflower into florets. | Step 2: Sauté Spices : | Heat 1 tbsp oil in a pan, add 1 tsp cumin seeds, 1 chopped onion, and sauté until golden. | Step 3: Add Cauliflower : | Add cauliflower florets and cook for 5 minutes. | Step 4: Add Chickpeas & Spices : | Add 1 cup boiled chickpeas, 1 tsp turmeric powder, 1 tsp garam masala, 1/2 tsp cumin powder, and salt to taste. Stir well. | Step 5: Simmer : | Add 1 cup water and let the curry simmer for 15 minutes until the cauliflower is tender. | Step 6: Adjust Consistency : | If needed, add more water and cook further until you reach the desired consistency. | Step 7: Garnish : | Garnish with fresh coriander leaves for an added flavor boost. | Step 8: Serve : | Serve hot with rice or roti for a comforting meal.",https://res.cloudinary.com/duegxp0u0/image/upload/v1745169432/recipe_uploads/fgejq82hci7jgiblyvzz.jpg
68395eeaa1f9120d4641a6b4,"Grilled Keema Patties (Minced Meat, No Oil, High Protein)",snack,desi,weight_loss,200.0,22.0,6.0,10.0,1.0,400.0,65.0,30,2,"Grilled Keema Patties (Minced Meat, No Oil, High Protein) Grilled Keema Patties (Minced Meat, No Oil, High Protein) Grilled Keema Patties (Minced Meat, No Oil, High Protein) Minced Meat (Chicken or Beef) Cumin Coriander Garam Masala Onion Fresh Cilantro Salt Oil desi","gluten_free,nut_free,egg_free,lactose_free,low_sodium,low_sugar,low_carb,dairy_free","Minced Meat (Chicken or Beef) (200g (assumed chicken for calculation)); Cumin (As needed (assumed 1/2 tsp, 1g)); Coriander (As needed (assumed 1/2 tsp, 1g)); Garam Masala (As needed (assumed 1/2 tsp, 1g)); Onion (1 (100g, chopped)); Fresh Cilantro (1 tbsp (3g, chopped)); Salt (To taste (assumed 1/2 tsp, 1.5g, not listed but implied)); Oil (As needed (assumed 1 tsp, 5g, for cooking, not listed but implied))","Step 1: Prepare the Meat Mixture : | Mix minced meat with spices (cumin, coriander, garam masala), onions, and cilantro. | Step 2: Shape the Patties : | Shape the mixture into small patties. | Step 3: Preheat the Grill : | Preheat the grill to medium heat. | Step 4: Grill the Patties : | Place the patties on the grill and cook until browned and cooked through, about 4-5 minutes per side. | Step 5: Check for Doneness : | Ensure the patties are fully cooked by checking the internal temperature (it should reach 160°F or 71°C). | Step 6: Rest the Patties : | Allow the patties to rest for a couple of minutes before serving. | Step 7: Prepare the Side : | Prepare a fresh salad with lettuce, cucumbers, and tomatoes. | Step 8: Serve : | Serve the patties with the fresh salad and a yogurt dip on the side.",https://res.cloudinary.com/duegxp0u0/image/upload/v1745169453/recipe_uploads/prncw6vem8em1bzvi7ht.jpg
68395ebfa1f9120d4641a468,Keto Avocado Pudding,breakfast,keto,weight_loss,280.0,5.0,8.0,26.0,7.0,20.0,0.0,10,1,Keto Avocado Pudding Keto Avocado Pudding Keto Avocado Pudding Avocado Cocoa powder Erythritol Coconut milk Shredded coconut keto,"gluten_free,nut_free,egg_free,low_carb,low_sugar,dairy_free",Avocado (1 (~140g)); Cocoa powder (2 tbsp); Erythritol (1 tbsp); Coconut milk (50ml); Shredded coconut (pinch (optional)),"Step 1: Prep Avocado | Scoop flesh from 1 avocado (~140g) into a blender. | Step 2: Add Ingredients | Add 2 tbsp cocoa powder, 1 tbsp erythritol, and 50ml coconut milk. | Step 3: Blend Mixture | Blend on high for 30–60 seconds until smooth and creamy. | Step 4: Adjust Sweetness | Taste and add a pinch more erythritol if needed, blend again. | Step 5: Check Texture | Ensure pudding is thick but pourable. | Step 6: Chill (Optional) | Refrigerate for 5 minutes to set. | Step 7: Garnish | Top with a pinch of shredded coconut for texture. | Step 8: Serve | Serve cold as a quick snack.",https://res.cloudinary.com/duegxp0u0/image/upload/v1748524024/w9ykq2ittc0uso0zmi6t.jpg
68395ec7a1f9120d4641a4b3,Vegetarian Cheesy Cauliflower Bake,lunch,vegetarian,weight_gain,560.0,25.0,35.0,40.0,6.0,900.0,80.0,35,4,Vegetarian Cheesy Cauliflower Bake Vegetarian Cheesy Cauliflower Bake Vegetarian Cheesy Cauliflower Bake Cauliflower Cheddar Milk Olive oil Flour Salt Black pepper Parsley vegetarian,"nut_free,egg_free,low_sugar",Cauliflower (400g); Cheddar (150g); Milk (100ml); Olive oil (1 tsp); Flour (1 tbsp); Salt (1/2 tsp); Black pepper (1/2 tsp); Parsley (1 tsp (optional)),"Step 1: Preheat Oven | Preheat the oven to 180°C and lightly grease a baking dish with 1 tsp olive oil. | Step 2: Prepare Cauliflower | Wash and cut 400g cauliflower into bite-sized florets. | Step 3: Steam Cauliflower | Steam the cauliflower florets for 8–10 minutes until tender but not mushy, then set aside. | Step 4: Prepare Cheese Sauce | In a saucepan, heat 100ml milk over medium heat, then whisk in 1 tbsp flour to thicken. | Step 5: Add Cheese | Stir in 150g shredded cheddar cheese until melted and smooth, then season with 1/2 tsp salt and 1/2 tsp black pepper. | Step 6: Combine Ingredients | Place the steamed cauliflower in the baking dish and pour the cheese sauce over, tossing to coat evenly. | Step 7: Bake Casserole | Bake for 20 minutes until the top is golden and bubbly. | Step 8: Serve | Let cool for 5 minutes, garnish with 1 tsp chopped parsley if desired, and serve warm.",https://res.cloudinary.com/duegxp0u0/image/upload/v1748525434/gmcsio2k3kn8nbrzsjsi.jpg
68395eeaa1f9120d4641a676,Baked Chicken Seekh Kababs with Garlic Dip,snack,desi,weight_loss,260.0,26.0,10.0,12.0,2.0,150.0,75.0,35,2,Baked Chicken Seekh Kababs with Garlic Dip Baked Chicken Seekh Kababs with Garlic Dip Baked Chicken Seekh Kababs with Garlic Dip Ground Chicken Onion Garlic Cumin Coriander Chili Powder Yogurt Lemon Juice desi,"gluten_free,nut_free,egg_free,low_sodium,low_sugar","Ground Chicken (200g); Onion (1 medium (100g, chopped)); Garlic (1 tbsp (9g, minced)); Cumin (1 tsp (2g)); Coriander (1 tsp (2g, ground)); Chili Powder (1 tsp (2g)); Yogurt (1/4 cup (60g)); Lemon Juice (1 tbsp (15ml))","Step 1: Prepare Seekh Kababs : | Combine ground chicken with onions, garlic, spices (cumin, coriander, chili), and fresh coriander. Shape into seekh kababs and place on a baking tray. | Step 2: Preheat Oven : | Preheat the oven to 180°C. | Step 3: Bake Kababs : | Bake the seekh kababs at 180°C for 20-25 minutes. | Step 4: Prepare Garlic Dip : | In a bowl, mix yogurt, garlic, and lemon juice to make the garlic dip. | Step 5: Garnish Kababs : | Once baked, garnish the seekh kababs with fresh coriander leaves. | Step 6: Serve Kababs : | Serve the seekh kababs hot from the oven. | Step 7: Serve Dip : | Serve with the garlic dip on the side. | Step 8: Enjoy : | Enjoy the kababs with the refreshing dip and a side of salad or whole wheat roti.",https://res.cloudinary.com/duegxp0u0/image/upload/v1745169099/recipe_uploads/liww5vchp9ujnurtnlkg.jpg
68395ebfa1f9120d4641a471,Beef & Mushroom Skillet,dinner,keto,weight_gain,680.0,29.0,3.0,26.0,1.0,350.0,120.0,40,2,Beef & Mushroom Skillet Beef & Mushroom Skillet Beef & Mushroom Skillet Beef sirloin Mushrooms Heavy cream Thyme Olive oil Salt Parsley keto,"gluten_free,nut_free,egg_free,low_carb,low_sugar",Beef sirloin (175g); Mushrooms (100g); Heavy cream (50ml); Thyme (½ tsp); Olive oil (½ tbsp); Salt (⅛ tsp); Parsley (½ tsp (optional)),"Step 1: Prep Beef | Slice 175g beef sirloin into thin strips, season with ⅛ tsp salt. | Step 2: Sauté Beef | In a skillet, heat ½ tbsp olive oil over medium-high, sauté beef for 3–4 minutes, then set aside. | Step 3: Cook Mushrooms | Add 100g sliced mushrooms to skillet, sauté for 5 minutes until soft. | Step 4: Add Thyme | Stir in ½ tsp thyme, cook for 30 seconds. | Step 5: Make Sauce | Pour in 50ml heavy cream, simmer for 2–3 minutes until thickened. | Step 6: Combine Beef | Return beef to skillet, toss in sauce for 1 minute. | Step 7: Garnish | Sprinkle with ½ tsp chopped parsley. | Step 8: Serve | Serve hot as a rich dinner.",https://res.cloudinary.com/duegxp0u0/image/upload/v1745444785/lzzinyfvm6gvpcdrjaa3.jpg
68395eeaa1f9120d4641a608,Sweet Potato Chaat,breakfast,desi,weight_loss,90.0,2.0,20.0,0.0,4.0,160.0,0.0,15,1,Sweet Potato Chaat Sweet Potato Chaat Sweet Potato Chaat Sweet Potato Onion Lemon Juice Green Chili Black Salt Coriander desi,"gluten_free,nut_free,egg_free,lactose_free,low_sodium,low_sugar,low_cholesterol,dairy_free","Sweet Potato (1 (150g, boiled and cubed)); Onion (1 small (70g, chopped)); Lemon Juice (1 tbsp (15ml)); Green Chili (1 (5g, chopped)); Black Salt (to taste (0.5g, pinch)); Coriander (to taste (assumed 1 tbsp, 3g, chopped))","Step 1: Boil Sweet Potato: | Boil 1 medium sweet potato until soft, then cube it into bite-sized pieces. | Step 2: Prepare Ingredients: | Chop onion, green chili, and coriander finely. | Step 3: Mix with Sweet Potato: | In a bowl, combine the cubed sweet potato with the chopped onion, green chili, and coriander. | Step 4: Add Lemon Juice: | Squeeze fresh lemon juice over the mixture for added tang. | Step 5: Add Black Salt: | Sprinkle black salt to taste for flavor. | Step 6: Toss Together: | Toss the ingredients together to mix well. | Step 7: Warm the Chaat: | Serve the mixture as a warm chaat, allowing the flavors to meld. | Step 8: Serve: | Serve the sweet potato chaat immediately, garnished with additional coriander if desired.",https://res.cloudinary.com/duegxp0u0/image/upload/v1745169012/recipe_uploads/uvldkxzasm96wtgz9h9r.jpg
68395ef0a1f9120d4641a735,Mughlai Keema Pulao with Butter Rice,lunch,desi,weight_gain,650.0,25.0,60.0,25.0,2.0,1090.0,70.0,60,4,Mughlai Keema Pulao with Butter Rice Mughlai Keema Pulao with Butter Rice Mughlai Keema Pulao with Butter Rice Minced beef Basmati rice Onion Ginger garlic paste Red chili powder Whole spices Salt Butter Oil Water Coriander leaves Green chilies Yogurt Garam masala Water desi,"nut_free,egg_free,low_sugar","Minced beef (400g); Basmati rice (2 cups); Onion (1, sliced); Ginger garlic paste (1 tbsp); Red chili powder (½ tsp); Whole spices (1 tbsp); Salt (1 tsp); Butter (3 tbsp); Oil (2 tbsp); Water (as needed); Coriander leaves (2 tbsp, chopped); Green chilies (2, chopped); Yogurt (½ cup); Garam masala (½ tsp); Water (4 cups (for rice))","Step 1: Gather Ingredients: Collect 2 tbsp oil, 1 sliced onion, 1 tbsp ginger-garlic paste, 1 tsp garam masala, 1 tsp red chili powder, 1 tsp salt, 400g minced beef, 2 cups basmati rice, 4 cups water, and 2 tbsp butter. | Step 2: Fry Onions: Heat 2 tbsp oil in a pot over medium heat, add 1 sliced onion, and fry for 5-7 minutes until golden. | Step 3: Cook Keema Base: Stir in 1 tbsp ginger-garlic paste, 1 tsp garam masala, 1 tsp red chili powder, and 1 tsp salt, cooking for 1-2 minutes until fragrant. | Step 4: Brown Keema: Add 400g minced beef, cooking for 10-15 minutes until browned and fully cooked. | Step 5: Cook Pulao: Mix in 2 cups basmati rice and 4 cups water, bring to a boil, then reduce heat, cover, and cook for 12-15 minutes until rice is done. | Step 6: Add Butter and Serve: Stir in 2 tbsp butter until melted and evenly distributed, fluff the pulao, and serve hot.",https://res.cloudinary.com/duegxp0u0/image/upload/v1746744854/lvfilcbzbxxp4vnxfqyn.jpg
68395ebfa1f9120d4641a493,Creamy Tuscan Chicken,dinner,keto,weight_gain,510.0,42.0,6.0,39.0,2.0,340.0,125.0,40,1,Creamy Tuscan Chicken Creamy Tuscan Chicken Creamy Tuscan Chicken Chicken thighs Heavy cream Sun-dried tomatoes Spinach Olive oil Salt & black pepper keto,"gluten_free,nut_free,egg_free,low_carb,low_sugar",Chicken thighs (150g); Heavy cream (50ml); Sun-dried tomatoes (10g); Spinach (30g); Olive oil (1 tsp); Salt & black pepper (to taste),"Step 1: Prep Chicken thighs | Use 150g of chicken thighs as the base. | Step 2: Prepare Heavy cream | Chop or measure 50ml of heavy cream. | Step 3: Combine Ingredients | Mix the prepared ingredients in a bowl. | Step 4: Add Sun-dried tomatoes | Incorporate 10g of sun-dried tomatoes for flavor. | Step 5: Season | Add salt, pepper, or additional spices as needed. | Step 6: Set Aside | Chill or let the mixture rest for a few minutes if needed. | Step 7: Final Mix | Stir everything together to ensure even coating. | Step 8: Serve | Plate and enjoy your freshly prepared meal.",https://res.cloudinary.com/duegxp0u0/image/upload/v1748523936/kxvrdwzvqlpzc3kwbaeg.jpg
68395eeaa1f9120d4641a617,Chickpea Sundal,breakfast,desi,weight_loss,120.0,4.0,16.0,4.0,5.0,160.0,0.0,15,1,Chickpea Sundal Chickpea Sundal Chickpea Sundal Chickpeas Mustard Seeds Green Chili Oil Lemon Juice Salt Coriander Leaves desi,"gluten_free,nut_free,egg_free,lactose_free,low_sodium,low_sugar,low_cholesterol,dairy_free","Chickpeas (1/2 cup (80g, cooked or canned, drained)); Mustard Seeds (1/2 tsp (1g)); Green Chili (1 (5g, chopped)); Oil (1 tsp (5g)); Lemon Juice (1 tbsp (15ml)); Salt (to taste (0.5g, pinch)); Coriander Leaves (for garnish (3g, chopped))","Step 1: Boil Chickpeas: | Boil 1/2 cup chickpeas until soft. | Step 2: Prepare Seasoning: | Heat a pan with a little oil, and sauté mustard seeds, curry leaves, and green chilies. | Step 3: Add Chickpeas: | Add the boiled chickpeas to the pan with the sautéed seasoning. | Step 4: Stir Well: | Mix the chickpeas with the seasoning and cook for 2-3 minutes. | Step 5: Add Lemon Juice: | Squeeze 1 tbsp lemon juice over the chickpeas and stir. | Step 6: Garnish: | Garnish with fresh coriander leaves. | Step 7: Adjust Spices: | Taste and adjust salt or spices as needed. | Step 8: Serve: | Serve hot as a snack or side dish.",https://res.cloudinary.com/duegxp0u0/image/upload/v1745169042/recipe_uploads/n6tfkryz7dgan4ftilco.jpg
68395ebfa1f9120d4641a470,Keto Chia Breakfast,breakfast,keto,weight_loss,250.0,10.0,8.0,20.0,7.0,80.0,0.0,5,1,Keto Chia Breakfast Keto Chia Breakfast Keto Chia Breakfast Chia seeds Almond milk Cinnamon Walnuts Erythritol keto,"gluten_free,egg_free,low_carb,low_sugar,dairy_free",Chia seeds (40g); Almond milk (200ml); Cinnamon (½ tsp); Walnuts (20g); Erythritol (1 tbsp),"Step 1: Mix Ingredients | In a bowl, combine 40g chia seeds, 200ml almond milk, ½ tsp cinnamon, and 1 tbsp erythritol. | Step 2: Stir Well | Whisk to prevent clumping, let sit for 5 minutes, then stir again. | Step 3: Soak Overnight | Cover and refrigerate overnight for best texture. | Step 4: Add Nuts | Chop 20g walnuts, stir into pudding. | Step 5: Check Consistency | Ensure pudding is thick and creamy. | Step 6: Garnish | Sprinkle with a pinch of chia seeds for presentation. | Step 7: Serve Prep | Spoon into a bowl. | Step 8: Serve | Serve cold as a quick breakfast.",https://res.cloudinary.com/duegxp0u0/image/upload/v1745444785/vubd2coqlmbha0nstolt.jpg
68395ebfa1f9120d4641a498,Lamb Heart Kebabs,dinner,keto,weight_gain,480.0,48.0,3.0,38.0,1.0,310.0,220.0,35,1,Lamb Heart Kebabs Lamb Heart Kebabs Lamb Heart Kebabs Lamb hearts Olive oil Cumin powder Lemon juice Salt keto,"gluten_free,nut_free,egg_free,lactose_free,low_carb,low_sugar",Lamb hearts (150g); Olive oil (1 tbsp); Cumin powder (½ tsp); Lemon juice (from ¼ lemon); Salt (to taste),"Step 1: Prep Lamb hearts | Use 150g of lamb hearts as the base. | Step 2: Prepare Olive oil | Chop or measure 1 tbsp of olive oil. | Step 3: Combine Ingredients | Mix the prepared ingredients in a bowl. | Step 4: Add Cumin powder | Incorporate ½ tsp of cumin powder for flavor. | Step 5: Season | Add salt, pepper, or additional spices as needed. | Step 6: Set Aside | Chill or let the mixture rest for a few minutes if needed. | Step 7: Final Mix | Stir everything together to ensure even coating. | Step 8: Serve | Plate and enjoy your freshly prepared meal.",https://res.cloudinary.com/duegxp0u0/image/upload/v1748524089/ygo4qx0cr0zofezjtt74.jpg
68395ef0a1f9120d4641a73a,Creamy Shahi Paneer with Basmati Rice,dinner,desi,weight_gain,650.0,15.0,65.0,25.0,2.0,1080.0,40.0,60,2,Creamy Shahi Paneer with Basmati Rice Creamy Shahi Paneer with Basmati Rice Creamy Shahi Paneer with Basmati Rice Paneer Basmati rice Onion Tomato Ginger garlic paste Red chili powder Turmeric Garam masala Salt Fresh cream Butter Oil Water Coriander leaves Cashews Cardamom Water desi,"egg_free,low_sugar","Paneer (200g); Basmati rice (2 cups); Onion (1, sliced); Tomato (1, pureed); Ginger garlic paste (1 tbsp); Red chili powder (½ tsp); Turmeric (¼ tsp); Garam masala (½ tsp); Salt (½ tsp); Fresh cream (½ cup); Butter (2 tbsp); Oil (1 tbsp); Water (as needed); Coriander leaves (2 tbsp, chopped); Cashews (1 tbsp, ground); Cardamom (2 pods); Water (4 cups (for rice))","Step 1: Gather Ingredients: Collect 2 tbsp oil, 1 sliced onion, 1 tsp ginger-garlic paste, 1 tsp garam masala, 1 tsp salt, 1 cup tomato puree, 200g paneer (cubed), ¼ cup cream, 1 tbsp butter, 2 cups basmati rice, and 4 cups water. | Step 2: Fry Onions: Heat 2 tbsp oil in a pan over medium heat, add 1 sliced onion and 1 tsp ginger-garlic paste, frying for 5-7 minutes until golden. | Step 3: Cook Spices: Stir in 1 tsp garam masala and 1 tsp salt, cooking for 1 minute until aromatic. | Step 4: Add Tomato Puree: Mix in 1 cup tomato puree, cooking for 5-7 minutes until thickened and oil separates. | Step 5: Finish Shahi Paneer: Add 200g paneer cubes, ¼ cup cream, and 1 tbsp butter, stirring gently, and cook for 5 minutes until creamy. | Step 6: Serve with Rice: Boil 2 cups basmati rice in 4 cups water with a pinch of salt for 10-12 minutes until fluffy, drain, plate the shahi paneer, and serve hot with rice.",https://res.cloudinary.com/duegxp0u0/image/upload/v1746744854/s0vwwb2a4ut7vunn8oed.jpg
68395ecea1f9120d4641a51e,Beef & Mushroom Barley Soup,dinner,non_vegetarian,weight_gain,580.0,42.0,55.0,25.0,10.0,800.0,90.0,90,3,Beef & Mushroom Barley Soup Beef & Mushroom Barley Soup Beef & Mushroom Barley Soup Beef chuck Barley Mushrooms Carrots Olive oil Onion Garlic Beef broth Thyme Salt Black pepper Parsley non_vegetarian,"nut_free,egg_free,lactose_free,low_sugar,dairy_free",Beef chuck (300g); Barley (100g); Mushrooms (150g); Carrots (100g); Olive oil (1 tbsp); Onion (50g); Garlic (1 clove); Beef broth (1 liter); Thyme (½ tsp); Salt (¼ tsp); Black pepper (¼ tsp); Parsley (1 tsp (optional)),"Step 1: Prepare Beef | Trim and cut 300g beef chuck into 1-inch cubes, patting dry with a paper towel. | Step 2: Sear Beef | Heat 1 tbsp olive oil in a large pot over medium-high heat, sear beef cubes for 4–5 minutes until browned, then remove and set aside. | Step 3: Prepare Vegetables | Slice 150g mushrooms, peel and dice 100g carrots, and finely chop 50g onion. | Step 4: Sauté Aromatics | In the same pot, add onion and 1 minced garlic clove, sauté for 2–3 minutes until softened. | Step 5: Add Mushrooms | Add mushrooms and carrots, cooking for 4–5 minutes until mushrooms release their liquid. | Step 6: Combine Ingredients | Return beef to the pot, add 100g barley, 1 liter beef broth, ½ tsp thyme, and ¼ tsp salt, stirring to combine. | Step 7: Simmer Soup | Bring to a boil, then reduce to low heat, cover, and simmer for 1–1.5 hours, stirring occasionally, until beef is tender and barley is cooked. | Step 8: Serve | Adjust seasoning with ¼ tsp black pepper, garnish with 1 tsp chopped parsley, and serve hot as a hearty dinner.",https://res.cloudinary.com/duegxp0u0/image/upload/v1748524578/y6rn8puxxxhzzjutz8wg.jpg
68395eeaa1f9120d4641a643,Steamed Chicken Meatballs in Tomato Gravy,dinner,desi,weight_loss,260.0,22.0,10.0,14.0,2.0,400.0,65.0,35,2,Steamed Chicken Meatballs in Tomato Gravy Steamed Chicken Meatballs in Tomato Gravy Steamed Chicken Meatballs in Tomato Gravy Ground Chicken Tomatoes Garlic Ginger Onion Salt Oil Spices desi,"gluten_free,nut_free,egg_free,lactose_free,low_sodium,low_sugar,low_carb,dairy_free","Ground Chicken (200g); Tomatoes (2 medium (300g, chopped)); Garlic (1 tbsp (15g, minced)); Ginger (1 tbsp (10g, grated)); Onion (1 medium (100g, chopped)); Salt (To taste (assumed 1/2 tsp, 1.5g, not listed but implied)); Oil (As needed (assumed 1 tbsp, 14g, for cooking, not listed but implied)); Spices (As needed (assumed 1/2 tsp each cumin, coriander, and chili powder for calculation, not listed but implied for flavor))","Step 1: Prepare the Chicken Mixture : | In a bowl, combine ground chicken with minced garlic, grated ginger, and your choice of spices such as cumin, coriander, and chili powder. | Step 2: Shape the Meatballs : | Mix the ingredients well and shape the mixture into small, even-sized meatballs using your hands. | Step 3: Steam the Meatballs : | Place the meatballs in a steamer and steam for about 15-20 minutes or until fully cooked. | Step 4: Start the Gravy Base : | In a separate pan, heat some oil and sauté chopped onions until golden brown. | Step 5: Add Tomatoes and Spices : | Add chopped tomatoes to the onions along with turmeric, garam masala, salt, and a pinch of sugar. Cook until the tomatoes break down. | Step 6: Blend for Smoothness (optional) : | For a smoother gravy, blend the cooked tomato-onion mixture and return it to the pan. | Step 7: Combine Meatballs and Gravy : | Gently add the steamed meatballs to the simmering gravy and let them cook together for 10-15 minutes. | Step 8: Serve Hot : | Garnish with fresh coriander and serve hot with rice, naan, or roti.",https://res.cloudinary.com/duegxp0u0/image/upload/v1745169361/recipe_uploads/zbxt7kdd8gm0nvodxvna.jpg
68395ed6a1f9120d4641a577,Olive Oil Cake,snack,mediterranean,weight_gain,510.0,28.0,132.0,56.0,8.0,142.0,370.0,55,1,Olive Oil Cake Olive Oil Cake Olive Oil Cake Flour Olive oil Oranges Eggs mediterranean,"nut_free,lactose_free,low_sodium,low_sugar,dairy_free",Flour (150g); Olive oil (45ml); Oranges (150g); Eggs (100g),"Step 1: Preheat Oven | Set the oven to 180°C to preheat for baking. |  | Step 2: Prep Oranges | Zest 150g oranges and squeeze 75ml juice, removing seeds. |  | Step 3: Mix Wet Ingredients | Whisk 2 eggs (100g) with 40ml olive oil and orange juice until combined. |  | Step 4: Combine Dry Ingredients | Mix 150g flour with a pinch of salt and 1 tsp baking powder. |  | Step 5: Blend Batter | Gradually add dry ingredients to wet ingredients, stirring until smooth, then fold in orange zest. |  | Step 6: Prep Pan | Grease a 20cm cake pan with 5ml olive oil and pour in the batter. |  | Step 7: Bake Cake | Bake for 45 minutes until a toothpick inserted in the center comes out clean. |  | Step 8: Serve Slice | Cool for 10 minutes, cut a slice, and serve as a snack.",https://res.cloudinary.com/duegxp0u0/image/upload/v1748524449/scitpydazimabrz7qhkw.jpg
68395eeaa1f9120d4641a655,Whole Wheat Roti with Dal Fry,dinner,desi,weight_loss,350.0,14.0,60.0,6.0,12.0,400.0,0.0,40,2,"Whole Wheat Roti with Dal Fry Whole Wheat Roti with Dal Fry Whole Wheat Roti with Dal Fry Whole Wheat Flour Mixed Dal (Moong and Masoor, assumed 1/2 cup each) Onion Tomato Green Chili Cumin Seeds Mustard Seeds Asafoetida Curry Leaves Turmeric Powder Red Chili Powder Coriander Powder Garam Masala Oil Salt Fresh Coriander Leaves Lemon Water desi","nut_free,egg_free,lactose_free,low_sodium,low_sugar,dairy_free","Whole Wheat Flour (2 cups (240g)); Mixed Dal (Moong and Masoor, assumed 1/2 cup each) (1 cup (200g, dry)); Onion (1 medium (100g, chopped)); Tomato (1 medium (150g, chopped)); Green Chili (1 (5g, chopped)); Cumin Seeds (1/2 tsp (1g)); Mustard Seeds (1/2 tsp (1g)); Asafoetida (1 pinch (0.1g)); Curry Leaves (Few (assumed 5 leaves, 0.5g)); Turmeric Powder (1/2 tsp (1g)); Red Chili Powder (1/2 tsp (1g)); Coriander Powder (1 tsp (2g)); Garam Masala (1/4 tsp (0.5g)); Oil (1 tsp (5g, for dal, additional assumed 1 tsp, 5g, for paratha cooking)); Salt (To taste (assumed 1 tsp, 3g, split between dal and paratha)); Fresh Coriander Leaves (For garnish (assumed 1 tbsp, 3g)); Lemon (1/2 (juice, assumed 1 tbsp, 15ml)); Water (As needed (assumed 3/4 cup, 180ml, for paratha dough; 4 cups, 960ml, for dal))","Step 1: Prepare the Dal : | Wash 1 cup mixed dal (moong and masoor) thoroughly and drain. | In a pressure cooker, add the dal with 3 cups of water, 1/2 tsp turmeric powder, and a pinch of salt. | Pressure cook for 3-4 whistles on medium heat, then lower the heat and cook for another 5 minutes. | Let the pressure release naturally. | Step 2: Prepare the Tempering : | In a pan, heat 1 tsp oil and add 1/2 tsp cumin seeds and 1/2 tsp mustard seeds. | When they start to splutter, add 1 pinch of asafoetida, 1 chopped green chili, and a few curry leaves. | Sauté for 30 seconds, then add 1 finely chopped onion and cook until golden brown. | Step 3: Create the Dal Fry : | Add 1 chopped tomato and 1 tsp ginger-garlic paste to the tempering and cook until tomatoes soften. | Add 1/2 tsp red chili powder, 1 tsp coriander powder, and 1/4 tsp garam masala. | Sauté for 2 minutes until the spices are well combined. | Add the cooked dal to the tempering and mix well. | Simmer for 5-7 minutes on low heat, adding water if necessary for desired consistency. | Step 4: Prepare the Dough for Roti : | In a large bowl, add 2 cups of whole wheat flour and a pinch of salt. | Gradually add water (approximately 3/4 cup) and knead to form a soft, pliable dough. | Cover with a damp cloth and let it rest for 15-20 minutes. | Step 5: Make the Rotis : | Divide the dough into 8 equal portions and form smooth balls. | Roll each ball into a circular shape of about 6-7 inches in diameter using a rolling pin and dry flour as needed. | Heat a tawa (flat pan) and place the rolled roti on it. | Cook for 30 seconds, then flip and cook the other side. | When small bubbles appear, flip again and press gently with a cloth to make it puff up. | Step 6: Serve : | Garnish the dal fry with freshly chopped coriander leaves and a squeeze of lemon juice. | Serve hot with the whole wheat rotis.",https://res.cloudinary.com/duegxp0u0/image/upload/v1745169414/recipe_uploads/rt1zatd2p829owqgtzti.jpg
68395ed6a1f9120d4641a563,Olive Oil Bread,dinner,mediterranean,weight_gain,550.0,17.0,115.0,29.0,5.0,1206.0,0.0,50,1,Olive Oil Bread Olive Oil Bread Olive Oil Bread Flour Olive oil Yeast Salt mediterranean,"nut_free,egg_free,lactose_free,low_sugar,low_cholesterol,dairy_free",Flour (150g); Olive oil (30ml); Yeast (5g); Salt (3g),"Step 1: Activate Yeast | Dissolve 5g yeast in 100ml warm water and let sit for 5 minutes until foamy. |  | Step 2: Measure Flour | Measure 150g all-purpose flour into a large mixing bowl. |  | Step 3: Add Salt | Mix 3g salt into the flour to distribute evenly. |  | Step 4: Add Oil | Pour 30ml olive oil into the flour mixture and combine. |  | Step 5: Knead Dough | Add yeast mixture, knead for 8 minutes until smooth, and form a ball. |  | Step 6: Let Dough Rise | Cover the dough and let it rise in a warm place for 20 minutes. |  | Step 7: Shape and Bake | Shape dough into a small loaf, place on a baking sheet, and bake at 200°C for 30 minutes. |  | Step 8: Cool and Serve | Let the bread cool for 10 minutes, then slice and serve as a snack.",https://res.cloudinary.com/duegxp0u0/image/upload/v1748524449/mg86rkvzlrwwtffldrgw.jpg
68395eeaa1f9120d4641a69a,Boiled Lobia Salad (With Green Chilies & Lemon),lunch,desi,weight_loss,180.0,10.0,30.0,1.0,8.0,300.0,0.0,20,2,Boiled Lobia Salad (With Green Chilies & Lemon) Boiled Lobia Salad (With Green Chilies & Lemon) Boiled Lobia Salad (With Green Chilies & Lemon) Tomato (chopped) Cucumber (chopped) Green Chili (chopped) Lemon Fresh Coriander (for garnish) Salt desi,"gluten_free,nut_free,egg_free,lactose_free,low_sodium,low_sugar,low_cholesterol,dairy_free","Tomato (chopped) (1 (150g)); Cucumber (chopped) (1 (150g)); Green Chili (chopped) (1 (5g)); Lemon (1 tbsp juice (15ml)); Fresh Coriander (for garnish) (As needed (assumed 1 tbsp, 3g)); Salt (To taste (assumed 1/2 tsp, 1.5g))","Step 1: Boil the Lobia: | Rinse 1 cup lobia (black-eyed peas) and boil them in water for 10-12 minutes until tender. Drain and set aside. | Step 2: Prepare the Salad: | In a large bowl, combine the boiled lobia, 1 chopped tomato, 1 chopped cucumber, 1 finely chopped green chili, and 1 tbsp lemon juice. Add salt to taste. | Step 3: Add Seasonings: | Season the salad with a pinch of black pepper and mix well for an even distribution of flavors. | Step 4: Mix the Ingredients: | Toss all the ingredients gently to combine them, ensuring that the lemon juice and seasonings coat everything evenly. | Step 5: Garnish with Fresh Herbs: | Garnish the salad with freshly chopped coriander leaves for added flavor and color. | Step 6: Chill the Salad: | Refrigerate the salad for 10-15 minutes if you prefer it cold before serving. | Step 7: Taste and Adjust: | Before serving, taste the salad and adjust salt or lemon juice if necessary. | Step 8: Serve: | Serve the salad immediately as a refreshing side dish or light meal.",https://res.cloudinary.com/duegxp0u0/image/upload/v1745169191/recipe_uploads/xfiuhl6q1eepdfwx3jkj.jpg
68395eeaa1f9120d4641a619,Sweet Potato Poha,breakfast,desi,weight_loss,160.0,3.0,30.0,3.0,4.0,160.0,0.0,15,1,Sweet Potato Poha Sweet Potato Poha Sweet Potato Poha Poha (Flattened Rice) Sweet Potato Mustard Seeds Onion Oil Salt desi,"gluten_free,nut_free,egg_free,lactose_free,low_sodium,low_sugar,low_cholesterol,dairy_free","Poha (Flattened Rice) (1/2 cup (40g, dry)); Sweet Potato (1 (150g, boiled and cubed)); Mustard Seeds (1/2 tsp (1g)); Onion (1 (100g, chopped)); Oil (1 tsp (5g)); Salt (to taste (0.5g, pinch))","Step 1: Prepare Poha: | Soften 1/2 cup poha by rinsing it and letting it sit for a few minutes. | Step 2: Heat Oil: | Heat a little oil in a pan on medium heat. | Step 3: Sauté Mustard Seeds: | Add 1/2 tsp mustard seeds to the hot oil and let them splutter. | Step 4: Add Onion: | Add chopped onion to the pan and sauté until golden brown. | Step 5: Boil Sweet Potato: | Boil 1 sweet potato, peel, and mash it. | Step 6: Mix Sweet Potato: | Add the boiled and mashed sweet potato to the pan. | Step 7: Combine Poha: | Mix the softened poha with the sautéed ingredients in the pan. | Step 8: Serve: | Stir everything together, cook for a few more minutes, and serve hot.",https://res.cloudinary.com/duegxp0u0/image/upload/v1745169044/recipe_uploads/afshr2upltppjkkc18oe.jpg
68395ef0a1f9120d4641a73b,Balochi Sajji Pulao with Smoked Chicken,dinner,desi,weight_gain,590.0,30.0,55.0,20.0,2.0,1090.0,80.0,70,5,Balochi Sajji Pulao with Smoked Chicken Balochi Sajji Pulao with Smoked Chicken Balochi Sajji Pulao with Smoked Chicken Whole chicken Basmati rice Lemon juice Green chilies Garlic Black pepper Cumin seeds Salt Oil Water Onion Coriander leaves Whole spices Water desi,"nut_free,egg_free,low_sugar","Whole chicken (500g); Basmati rice (1.5 cups); Lemon juice (2 tbsp); Green chilies (2, chopped); Garlic (2 cloves, minced); Black pepper (1 tsp); Cumin seeds (1 tsp); Salt (1 tsp); Oil (3 tbsp); Water (as needed); Onion (1, sliced); Coriander leaves (2 tbsp, chopped); Whole spices (1 tbsp); Water (3 cups (for rice))","Step 1: Gather Ingredients: Collect 500g Chicken , 2 tbsp lemon juice, 1 tbsp garlic paste, 1 tsp black pepper, 1 tsp salt, 2 tbsp oil (for roasting), 2 cups basmati rice, 1 tsp cumin seeds, 1 tsp salt (for rice), 4 cups water, and 1 piece of charcoal (for smoking). | Step 2: Marinate Chicken: Rub  whole chicken with 2 tbsp lemon juice, 1 tbsp garlic paste, 1 tsp black pepper, and 1 tsp salt, and marinate for 2 hours in the refrigerator. | Step 3: Roast Chicken: Preheat an oven to 200°C (or use a grill), brush the chicken with 2 tbsp oil, and roast for 45-60 minutes until fully cooked and golden. | Step 4: Boil Rice: In a pot, boil 4 cups water with 1 tsp cumin seeds and 1 tsp salt, add 2 cups basmati rice, cook for 8-10 minutes until half-cooked, then drain. | Step 5: Assemble Pulao: Place the drained rice in a large pot, and position the roasted chicken on top. | Step 6: Smoke Pulao: Heat a piece of charcoal until red-hot, place it in a small metal bowl inside the pot, drizzle with 1 tsp oil to create smoke, cover tightly, and smoke for 5 minutes. | Step 7: Serve Hot: Remove the charcoal, fluff the rice, carve the chicken, and serve hot.",https://res.cloudinary.com/duegxp0u0/image/upload/v1746744854/bd3xktgtehr5cnfhf2vk.jpg
68395ef0a1f9120d4641a72e,Zafrani Pulao with Cardamom Flavoring,lunch,desi,weight_gain,510.0,5.0,70.0,15.0,2.0,1080.0,0.0,45,5,Zafrani Pulao with Cardamom Flavoring Zafrani Pulao with Cardamom Flavoring Zafrani Pulao with Cardamom Flavoring Basmati rice Saffron Cardamom Sugar Ghee Almonds Raisins Salt Whole spices Milk Water Cloves Cinnamon Water desi,"egg_free,low_cholesterol","Basmati rice (2 cups); Saffron (1/2 tsp (soaked in warm milk)); Cardamom (4 pods); Sugar (2 tbsp); Ghee (2 tbsp); Almonds (2 tbsp, chopped); Raisins (2 tbsp); Salt (1/2 tsp); Whole spices (1 tbsp); Milk (2 tbsp); Water (as needed); Cloves (4); Cinnamon (1 stick); Water (4 cups (for rice))","Step 1: Gather Ingredients: Collect 2 tbsp ghee, 1 tsp whole spices (cloves, cinnamon), 4 cardamom pods, 2 cups basmati rice, 4 cups water, ½ tsp saffron (soaked in 2 tbsp warm milk), 1 tbsp sugar, 2 tbsp almonds (sliced), and 2 tbsp raisins. | Step 2: Heat Ghee: Melt 2 tbsp ghee in a pot over medium heat for 1-2 minutes until aromatic. | Step 3: Toast Spices: Add 1 tsp whole spices and 4 cardamom pods, sautéing for 30 seconds to release their flavors. | Step 4: Sauté Rice: Stir in 2 cups basmati rice and sauté for 2 minutes to coat with ghee and spices. | Step 5: Cook Rice: Pour in 4 cups water, bring to a boil, then reduce heat, cover, and cook for 10-12 minutes until rice is tender. | Step 6: Finish and Serve: Mix in saffron milk, 1 tbsp sugar, 2 tbsp almonds, and 2 tbsp raisins, steam for 3-5 minutes on low heat, fluff, and serve hot.",https://res.cloudinary.com/duegxp0u0/image/upload/v1746744854/ryutcyxroralq1vxfyox.jpg
68395ecea1f9120d4641a536,Salmon and Quinoa Salad,snack,non_vegetarian,weight_loss,420.0,38.0,35.0,18.0,5.0,500.0,80.0,25,2,Salmon and Quinoa Salad Salmon and Quinoa Salad Salmon and Quinoa Salad Salmon Quinoa Mixed greens Lemon vinaigrette Olive oil Salt Black pepper Mustard Dill non_vegetarian,"nut_free,egg_free,lactose_free,low_sugar,dairy_free","Salmon (200g); Quinoa (100g); Mixed greens (100g); Lemon vinaigrette (2 tbsp); Olive oil (2 tsp); Salt (¼ tsp); Black pepper (¼ tsp); Mustard (¼ tsp (optional, for vinaigrette)); Dill (1 tsp (optional))","Step 1: Cook Quinoa | Rinse 100g quinoa, cook in 200ml water for 12–15 minutes until fluffy, then set aside to cool slightly. | Step 2: Prepare Salmon | Pat dry 200g salmon fillet, season with ¼ tsp salt and ¼ tsp black pepper. | Step 3: Heat Grill | Preheat a grill pan or outdoor grill to medium-high heat, brushing with 1 tsp olive oil. | Step 4: Grill Salmon | Grill salmon for 4–5 minutes per side until it flakes easily (145°F/63°C), then set aside to rest. | Step 5: Prepare Greens | Wash and dry 100g mixed greens, placing them in a large bowl. | Step 6: Make Dressing | Whisk 2 tbsp lemon vinaigrette (or mix 1 tbsp lemon juice, 1 tbsp olive oil, ¼ tsp mustard) in a small bowl. | Step 7: Assemble Salad | Toss quinoa and greens with half the dressing, divide into bowls, and flake salmon over the top. | Step 8: Serve | Drizzle with remaining dressing, sprinkle with 1 tsp chopped dill, and serve fresh as a light lunch.",https://res.cloudinary.com/duegxp0u0/image/upload/v1748524756/p5dbzyurxqovp5gtjtcs.jpg
68395eeaa1f9120d4641a6d2,Baked Methi (Fenugreek) Crackers,snack,desi,weight_loss,80.0,3.0,13.0,2.0,2.0,150.0,0.0,25,1,Baked Methi (Fenugreek) Crackers Baked Methi (Fenugreek) Crackers Baked Methi (Fenugreek) Crackers Fenugreek Leaves Whole Wheat Flour Salt Oil Water desi,"nut_free,egg_free,lactose_free,low_sodium,low_sugar,dairy_free","Fenugreek Leaves (1/2 cup (20g, finely chopped)); Whole Wheat Flour (1/2 cup (60g)); Salt (To taste (assumed 1/4 tsp, 0.75g, not listed but implied)); Oil (As needed (assumed 1 tsp, 5g, for dough, not listed but implied)); Water (As needed (assumed 2 tbsp, 30ml, for dough consistency))","Step 1: Prepare the Dough : | Mix fenugreek leaves, whole wheat flour, and spices (such as cumin, ajwain, and salt) to form a smooth dough. Add water gradually if needed. | Step 2: Rest the Dough : | Allow the dough to rest for 10-15 minutes to help it become more pliable. | Step 3: Roll Out the Dough : | Divide the dough into small portions and roll each portion into a flat, thin sheet using a rolling pin. | Step 4: Cut into Shapes : | Cut the rolled dough into your desired cracker shapes, such as squares or triangles, using a knife or cookie cutter. | Step 5: Preheat the Oven : | Preheat your oven to 180°C (350°F) while you prepare the crackers. | Step 6: Arrange on a Baking Tray : | Place the shaped dough pieces onto a baking tray lined with parchment paper, ensuring they are spread out evenly. | Step 7: Bake the Crackers : | Bake in the oven for 12-15 minutes, or until the crackers are golden and crispy. | Step 8: Cool and Serve : | Let the crackers cool down before serving as a crunchy, savory snack.",https://res.cloudinary.com/duegxp0u0/image/upload/v1745169530/recipe_uploads/hlo3f7pj6h2cnknntbia.jpg
68395ecea1f9120d4641a500,Lamb & Chickpea Curry,dinner,non_vegetarian,weight_gain,650.0,50.0,55.0,30.0,12.0,600.0,110.0,70,3,Lamb & Chickpea Curry Lamb & Chickpea Curry Lamb & Chickpea Curry Lamb Chickpeas Tomatoes Curry powder Olive oil Onion Garlic Cumin Turmeric Salt Cilantro non_vegetarian,"gluten_free,nut_free,egg_free,lactose_free,low_sugar,dairy_free",Lamb (300g); Chickpeas (150g); Tomatoes (200g); Curry powder (2 tsp); Olive oil (1 tbsp); Onion (50g); Garlic (1 clove); Cumin (½ tsp); Turmeric (½ tsp); Salt (¼ tsp); Cilantro (1 tsp (optional)),"Step 1: Prepare Lamb | Cut 300g lamb into 1-inch cubes, pat dry with a paper towel for better browning. | Step 2: Brown Lamb | Heat 1 tbsp olive oil in a large pot over medium-high heat, add lamb cubes, and brown for 5–6 minutes, then remove and set aside. | Step 3: Chop Vegetables | Finely chop 50g onion and mince 1 garlic clove for aromatic base. | Step 4: Sauté Aromatics | In the same pot, add onion and garlic, sauté for 2–3 minutes until softened and fragrant. | Step 5: Add Spices | Stir in 2 tsp curry powder, ½ tsp cumin, and ½ tsp turmeric, cooking for 1 minute to release flavors. | Step 6: Combine Ingredients | Return lamb to the pot, add 150g chickpeas (drained), 200g diced tomatoes, and 200ml water, stirring well. | Step 7: Simmer Curry | Bring to a boil, then reduce to low heat, cover, and simmer for 60 minutes, stirring occasionally, until lamb is tender. | Step 8: Serve | Season with ¼ tsp salt, garnish with 1 tsp chopped cilantro if desired, and serve hot with rice or naan as a rich dinner.",https://res.cloudinary.com/duegxp0u0/image/upload/v1748524702/flal0mvfbcczipmaxdsz.jpg
68395ebfa1f9120d4641a49e,Zucchini Pizza Bites,snack,keto,weight_loss,240.0,18.0,6.0,21.0,1.0,310.0,45.0,25,1,Zucchini Pizza Bites Zucchini Pizza Bites Zucchini Pizza Bites Zucchini Pizza sauce Mozzarella cheese Oregano keto,"gluten_free,nut_free,egg_free,low_carb,low_sugar",Zucchini (100g); Pizza sauce (1 tbsp); Mozzarella cheese (30g); Oregano (½ tsp),"Step 1: Prep Zucchini | Use 100g of zucchini as the base. | Step 2: Prepare Pizza sauce | Chop or measure 1 tbsp of pizza sauce. | Step 3: Combine Ingredients | Mix the prepared ingredients in a bowl. | Step 4: Add Mozzarella cheese | Incorporate 30g of mozzarella cheese for flavor. | Step 5: Season | Add salt, pepper, or additional spices as needed. | Step 6: Set Aside | Chill or let the mixture rest for a few minutes if needed. | Step 7: Final Mix | Stir everything together to ensure even coating. | Step 8: Serve | Plate and enjoy your freshly prepared meal.",https://res.cloudinary.com/duegxp0u0/image/upload/v1748524090/ciaywtitff9pclykmkkz.jpg
68395ec7a1f9120d4641a4c8,Egg White Veggie Omelette,breakfast,vegetarian,weight_loss,240.0,26.0,12.0,10.0,3.0,450.0,0.0,20,2,Egg White Veggie Omelette Egg White Veggie Omelette Egg White Veggie Omelette Egg whites Bell peppers Mushrooms Olive oil Salt Black pepper vegetarian,"gluten_free,nut_free,lactose_free,low_carb,low_sodium,low_sugar,low_cholesterol,dairy_free",Egg whites (6); Bell peppers (100g); Mushrooms (100g); Olive oil (1 tsp); Salt (1/4 tsp); Black pepper (1/4 tsp),"Step 1: Prepare Vegetables | Wash and dice 100g bell peppers and finely chop 100g mushrooms. | Step 2: Heat Oil | Heat 1 tsp olive oil in a non-stick skillet over medium heat. | Step 3: Sauté Vegetables | Add bell peppers and mushrooms to the skillet, sauté for 5–6 minutes until softened. | Step 4: Season Vegetables | Sprinkle 1/4 tsp salt and 1/4 tsp black pepper over the vegetables, then remove and set aside. | Step 5: Prepare Egg Whites | Separate 6 eggs to collect the whites (or use 180ml liquid egg whites) in a bowl. | Step 6: Whisk Egg Whites | Whisk the egg whites until slightly frothy for a fluffy texture. | Step 7: Cook Omelette | Pour egg whites into the skillet, add sautéed vegetables evenly, and cook for 3–4 minutes until set. | Step 8: Serve | Fold the omelette in half, slide onto a plate, and serve warm as a light breakfast.",https://res.cloudinary.com/duegxp0u0/image/upload/v1748525102/rjutbcrmfby7rzbpc69i.jpg
68395eeaa1f9120d4641a6e9,"Spicy Boiled Chickpeas (Chana Chaat Style, No Oil)",snack,desi,weight_loss,100.0,5.0,16.0,2.0,5.0,300.0,0.0,20,2,"Spicy Boiled Chickpeas (Chana Chaat Style, No Oil) Spicy Boiled Chickpeas (Chana Chaat Style, No Oil) Spicy Boiled Chickpeas (Chana Chaat Style, No Oil) Chickpeas (Boiled) Lemon Juice Red Chili Powder Black Salt Roasted Cumin Powder Chaat Masala Onion (Chopped) Tomato (Chopped) Green Chili (Chopped) Fresh Coriander desi","gluten_free,nut_free,egg_free,lactose_free,low_sodium,low_sugar,low_fat,dairy_free","Chickpeas (Boiled) (1 cup (200g, cooked or canned, drained)); Lemon Juice (1 tbsp (15ml)); Red Chili Powder (1/2 tsp (1g)); Black Salt (1/2 tsp (1.5g)); Roasted Cumin Powder (1/2 tsp (1g)); Chaat Masala (1/2 tsp (1g)); Onion (Chopped) (1/2 cup (75g)); Tomato (Chopped) (1/2 cup (75g)); Green Chili (Chopped) (1 tbsp (5g)); Fresh Coriander (For garnish (assumed 1 tbsp, 3g, chopped))","Step 1: Boil the Chickpeas: | Soak 1 cup chickpeas overnight and then boil them in water until they are soft and tender. | Step 2: Prepare the Spice Mix: | In a small bowl, mix 1/2 tsp salt, 1/2 tsp black salt, 1/2 tsp red chili powder, 1/2 tsp roasted cumin powder, and 1/2 tsp chaat masala to create a flavorful spice blend. | Step 3: Toss the Chickpeas: | In a large mixing bowl, add the boiled chickpeas, the prepared spice mix, 1 tbsp lemon juice, and 1/2 cup chopped onions, tomatoes, and green chilies. Toss well to combine all the ingredients. | Step 4: Taste and Adjust: | Taste the mixture and adjust the seasoning if necessary, adding more salt, chili, or lemon juice to suit your taste. | Step 5: Garnish: | Garnish the chickpea mixture with freshly chopped coriander leaves to add a burst of flavor and freshness. | Step 6: Chill (Optional): | For enhanced flavors, let the chickpea mixture sit in the fridge for about 15-20 minutes to let the spices meld together. | Step 7: Prepare for Serving: | Give the mixture a final stir before serving to make sure everything is evenly coated. | Step 8: Serve: | Serve the chickpea salad fresh, either as a snack or a side dish, and enjoy the delicious flavors.",https://res.cloudinary.com/duegxp0u0/image/upload/v1745169580/recipe_uploads/fyjp4uivhtnapiu3mtyg.jpg
68395eeaa1f9120d4641a645,Chicken & Green Peas Curry (Light & High Protein),dinner,desi,weight_loss,280.0,26.0,16.0,12.0,5.0,400.0,65.0,40,2,Chicken & Green Peas Curry (Light & High Protein) Chicken & Green Peas Curry (Light & High Protein) Chicken & Green Peas Curry (Light & High Protein) Chicken Breast Green Peas Tomatoes Garlic Ginger Salt Oil Spices desi,"gluten_free,nut_free,egg_free,lactose_free,low_sodium,low_sugar,dairy_free","Chicken Breast (200g (boneless, cubed)); Green Peas (1 cup (150g, fresh or frozen)); Tomatoes (2 medium (300g, chopped)); Garlic (1 tbsp (15g, minced)); Ginger (1 tbsp (10g, grated)); Salt (To taste (assumed 1/2 tsp, 1.5g, not listed but implied)); Oil (As needed (assumed 1 tbsp, 14g, for cooking, not listed but implied)); Spices (As needed (assumed 1/2 tsp each cumin, coriander, and turmeric for calculation, not listed but implied for curry))","Step 1: Prepare the Ingredients : | Gather chicken pieces, minced garlic, grated ginger, chopped green chilies, tomatoes, green peas, and your choice of spices. | Step 2: Sauté Aromatics : | Heat oil in a pan and sauté garlic, ginger, and green chilies until fragrant. | Step 3: Add Chicken : | Add the chicken pieces to the pan and cook until they turn white and begin to brown slightly. | Step 4: Add Tomatoes and Spices : | Stir in chopped tomatoes along with spices like turmeric, cumin, coriander, salt, and red chili powder. | Step 5: Mix in Green Peas : | Add green peas to the mixture and stir well to combine with the chicken and spices. | Step 6: Simmer Until Cooked : | Cover the pan and let the chicken cook on low heat until it is tender and the peas are soft. | Step 7: Adjust Seasoning : | Taste and adjust the salt or spice level as needed for perfect flavor balance. | Step 8: Garnish and Serve : | Sprinkle freshly chopped cilantro over the dish and serve hot with rice or flatbread.",https://res.cloudinary.com/duegxp0u0/image/upload/v1745169365/recipe_uploads/f5bbxdxduqwqbqgdu2ap.jpg
68395ef0a1f9120d4641a752,Reshmi Kabab with Roti & Salad,breakfast,desi,weight_gain,450.0,20.0,40.0,15.0,5.0,1090.0,50.0,40,1,Reshmi Kabab with Roti & Salad Reshmi Kabab with Roti & Salad Reshmi Kabab with Roti & Salad Chicken mince Cream Ginger garlic paste Black pepper Salt Ghee Roti Salad Green chili Coriander leaves Cucumber Whole wheat flour Lemon juice desi,"nut_free,egg_free,low_sugar","Chicken mince (1 cup); Cream (2 tbsp); Ginger garlic paste (1 tbsp); Black pepper (1/2 tsp); Salt (1 tsp); Ghee (1 tbsp); Roti (1); Salad (1/2 cup); Green chili (1, chopped); Coriander leaves (1 tbsp, chopped); Cucumber (¼ cup, chopped (for salad)); Whole wheat flour (½ cup (for roti)); Lemon juice (1 tsp (for salad))","Step 1: Gather Ingredients: Collect 400g chicken mince, ¼ cup cream, 1 tbsp ginger-garlic paste, 1 tsp red chili powder, 1 tsp garam masala, 1 tsp salt, 2 tbsp coriander (chopped), 2 tbsp ghee (for frying), 2 cups whole wheat flour, ¾ cup water (for dough), 1 cucumber (sliced), 1 tomato (sliced), and 1 tbsp lemon juice. | Step 2: Prepare Kabab Mixture: In a bowl, mix 400g chicken mince with ¼ cup cream, 1 tbsp ginger-garlic paste, 1 tsp red chili powder, 1 tsp garam masala, 1 tsp salt, and 2 tbsp chopped coriander until smooth and well combined. | Step 3: Rest Mixture: Let the kabab mixture rest for 20-30 minutes to allow the flavors to meld and the texture to firm up. | Step 4: Shape Kababs: Divide the mixture into 6-8 portions, shape each into long, cylindrical kababs, either by hand or onto skewers. | Step 5: Pan-Fry Kababs: Heat 2 tbsp ghee in a pan over medium heat, fry the kababs for 4-5 minutes per side until golden and cooked through, then drain on paper towels. | Step 6: Prepare Roti Dough: In a bowl, knead 2 cups whole wheat flour with ¾ cup water into a soft dough, rest for 15 minutes, then roll into 4-6 circles. | Step 7: Cook Roti: Heat a tawa over medium heat, cook each roti for 1-2 minutes per side until lightly browned and puffed. | Step 8: Assemble Salad and Serve: Toss 1 sliced cucumber and 1 sliced tomato with 1 tbsp lemon juice and a pinch of salt, plate the hot reshmi kababs with warm roti and the fresh salad on the side.",https://res.cloudinary.com/duegxp0u0/image/upload/v1746772235/h0swta0ahswwye2m8jgu.jpg
68395eeaa1f9120d4641a6f1,Carrot & Apple Salad with Lemon Dressing,snack,desi,weight_loss,90.0,1.0,22.0,0.0,3.0,100.0,0.0,5,1,Carrot & Apple Salad with Lemon Dressing Carrot & Apple Salad with Lemon Dressing Carrot & Apple Salad with Lemon Dressing Carrot Apple Lemon Juice Honey Black Pepper Fresh Mint Salt desi,"gluten_free,nut_free,egg_free,lactose_free,low_sodium,low_fat,dairy_free","Carrot (1 medium (100g, grated)); Apple (1 medium (150g, chopped)); Lemon Juice (1 tbsp (15ml)); Honey (1 tsp (7g)); Black Pepper (1/2 tsp (1g)); Fresh Mint (For garnish (assumed 1 tbsp, 3g, chopped)); Salt (To taste (assumed 1/8 tsp, 0.4g, not listed but implied))","Step 1: Prepare Vegetables : | Grate 1 carrot and 1 apple. | Step 2: Make Dressing : | In a small bowl, mix 1 tbsp lemon juice, 1 tsp honey, 1/2 tsp black pepper, and salt to taste. | Step 3: Toss : | Toss the grated carrot and apple together. Pour the dressing over and mix well. | Step 4: Chill : | Refrigerate the salad for 10-15 minutes to allow the flavors to meld. | Step 5: Garnish : | Garnish with fresh mint leaves for added freshness. | Step 6: Adjust Flavor : | Taste and adjust the seasoning if necessary, adding more honey or lemon juice as desired. | Step 7: Serve : | Serve chilled, ensuring the salad is well coated with the dressing. | Step 8: Enjoy : | Enjoy this refreshing and healthy carrot and apple salad as a side dish or snack.",https://res.cloudinary.com/duegxp0u0/image/upload/v1745168925/recipe_uploads/p2nus7abtp5gzrb1o3mf.jpg
68395ebfa1f9120d4641a45e,Egg & Avocado Bowl,lunch,keto,weight_loss,380.0,22.0,9.0,32.0,5.0,300.0,280.0,15,1,Egg & Avocado Bowl Egg & Avocado Bowl Egg & Avocado Bowl Eggs Avocado Olive oil Chili flakes Salt Parsley keto,"gluten_free,nut_free,low_carb,low_sugar",Eggs (3); Avocado (½ (~70g)); Olive oil (1 tbsp); Chili flakes (½ tsp); Salt (pinch); Parsley (1 tsp (optional)),"Step 1: Boil Eggs | Boil 3 eggs for 10 minutes, cool in ice water, then peel and chop. | Step 2: Prep Avocado | Halve ½ avocado (~70g), scoop out flesh, and place in a bowl. | Step 3: Mash Base | Add chopped eggs to avocado, mash lightly with a fork. | Step 4: Add Oil | Drizzle 1 tbsp olive oil over mixture, stir to combine. | Step 5: Season Bowl | Sprinkle with ½ tsp chili flakes and a pinch of salt. | Step 6: Mix Well | Stir gently to blend flavors evenly. | Step 7: Garnish | Top with 1 tsp chopped parsley for freshness. | Step 8: Serve | Serve immediately as a light breakfast.",https://res.cloudinary.com/duegxp0u0/image/upload/v1748524024/ub12lbmwpxud0fb231oo.jpg
68395eeaa1f9120d4641a6cc,Dry Roasted Lotus Seeds with Pink Salt,snack,desi,weight_loss,50.0,2.0,10.0,0.0,0.0,150.0,0.0,15,1,Dry Roasted Lotus Seeds with Pink Salt Dry Roasted Lotus Seeds with Pink Salt Dry Roasted Lotus Seeds with Pink Salt Lotus Seeds (Makhana) Pink Salt desi,"gluten_free,nut_free,egg_free,lactose_free,low_sodium,low_sugar,low_fat,dairy_free",Lotus Seeds (Makhana) (1/2 cup (15g)); Pink Salt (1/4 tsp (0.75g)),"Step 1: Prepare the Lotus Seeds : | Dry roast lotus seeds (makhana) in a pan on medium heat until they become crispy, stirring occasionally. | Step 2: Check for Crispiness : | Roast the seeds for 5-7 minutes until they puff up and are evenly crispy. | Step 3: Season the Seeds : | Sprinkle a pinch of pink salt over the roasted makhana for flavor. | Step 4: Add Optional Spice : | If you like some heat, add a pinch of chili powder or chili flakes as an optional seasoning. | Step 5: Toss to Coat : | Toss the makhana in the pan or a bowl to evenly coat them with the salt and chili. | Step 6: Let Cool Slightly : | Allow the seasoned lotus seeds to cool for a couple of minutes before serving. | Step 7: Serve Immediately : | Serve the crispy makhana as a healthy snack or a side dish. | Step 8: Store Leftovers : | If you have any leftovers, store them in an airtight container to keep them crispy for later.",https://res.cloudinary.com/duegxp0u0/image/upload/v1745169516/recipe_uploads/onokgmhjm0mbjxrn7vr6.jpg
68395ef0a1f9120d4641a6f9,Fish Tikka with Tandoori Roti,lunch,desi,weight_gain,387.0,20.0,30.0,10.0,3.0,1080.0,40.0,40,3,Fish Tikka with Tandoori Roti Fish Tikka with Tandoori Roti Fish Tikka with Tandoori Roti Boneless fish fillets Yogurt Lemon juice Red chili powder Garam masala Salt Mustard oil Tandoori roti Turmeric powder Whole wheat flour Butter Cumin powder Coriander powder desi,"nut_free,egg_free,low_sugar",Boneless fish fillets (300g); Yogurt (¼ cup); Lemon juice (1 tbsp); Red chili powder (1 tsp); Garam masala (½ tsp); Salt (1 tsp); Mustard oil (1 tbsp); Tandoori roti (4 pieces); Turmeric powder (¼ tsp); Whole wheat flour (1 cup); Butter (1 tsp); Cumin powder (½ tsp); Coriander powder (½ tsp),"Step 1: Gather the Ingredients: Collect 300g fish fillets (e.g., cod or tilapia), ¼ cup yogurt, 1 tbsp lemon juice, 1 tsp red chili powder, 1 tsp garam masala, 1 tbsp ginger-garlic paste, 1 tsp salt, 2 tbsp mustard oil, and tandoori roti for serving. | Step 2: Prepare the Marinade: In a bowl, mix ¼ cup yogurt, 1 tbsp lemon juice, 1 tsp red chili powder, 1 tsp garam masala, 1 tbsp ginger-garlic paste, and 1 tsp salt until well combined. | Step 3: Marinate the Fish: Coat 300g fish fillets evenly with the marinade, ensuring all sides are covered, then refrigerate for 1 hour to absorb the flavors. | Step 4: Preheat the Grill: Heat a grill or grill pan over medium-high heat for 5-7 minutes until it’s ready for cooking. | Step 5: Oil the Grill: Brush the grill surface with 2 tbsp mustard oil to prevent sticking and add a smoky flavor to the fish. | Step 6: Grill the Fish: Place the marinated fish fillets on the grill and cook for 10 minutes, turning occasionally, until they’re lightly charred and cooked through. | Step 7: Check for Doneness: Ensure the fish flakes easily with a fork and has a golden exterior; remove from the grill once fully cooked. | Step 8: Serve with Tandoori Roti: Plate the hot fish tikka and serve immediately with warm tandoori roti for a spiced, tangy meal.",https://res.cloudinary.com/duegxp0u0/image/upload/v1746775920/mx1fshfwcw7fkdwqkxog.jpg
68395ecea1f9120d4641a520,Chicken & Spinach Stuffed Portobellos,dinner,non_vegetarian,weight_gain,450.0,48.0,15.0,25.0,4.0,600.0,120.0,35,2,Chicken & Spinach Stuffed Portobellos Chicken & Spinach Stuffed Portobellos Chicken & Spinach Stuffed Portobellos Chicken breast Portobello mushrooms Spinach Parmesan cheese Olive oil Garlic Oregano Salt Black pepper Parsley non_vegetarian,"gluten_free,nut_free,egg_free,low_carb,low_sugar",Chicken breast (250g); Portobello mushrooms (4 (~100g each)); Spinach (100g); Parmesan cheese (30g); Olive oil (1 tsp); Garlic (1 clove); Oregano (½ tsp); Salt (¼ tsp); Black pepper (¼ tsp); Parsley (1 tsp (optional)),"Step 1: Preheat Oven | Preheat the oven to 190°C and line a baking sheet with parchment paper. | Step 2: Prepare Mushrooms | Remove stems from 4 portobello mushrooms (~100g each), scrape out gills with a spoon, and wipe caps clean with a damp cloth. | Step 3: Cook Chicken | Heat 1 tsp olive oil in a skillet over medium heat, add 250g diced chicken breast, and sauté for 5–6 minutes until cooked through. | Step 4: Cook Spinach | Add 100g chopped spinach and 1 minced garlic clove to the skillet, sauté for 2–3 minutes until spinach wilts. | Step 5: Season Filling | Stir in ½ tsp oregano, ¼ tsp salt, and ¼ tsp black pepper, mixing well, then remove from heat. | Step 6: Stuff Mushrooms | Place mushroom caps on the baking sheet, divide chicken-spinach mixture evenly among them, pressing gently to fill. | Step 7: Add Cheese | Sprinkle 30g grated parmesan cheese evenly over the stuffed mushrooms. | Step 8: Bake and Serve | Bake for 15–20 minutes until mushrooms are tender and cheese is golden, garnish with 1 tsp chopped parsley if desired, and serve warm as a savory dinner.",https://res.cloudinary.com/duegxp0u0/image/upload/v1748524629/aqp70iif2fkelvb5t2ga.jpg
68395ef0a1f9120d4641a73f,Tamarind-Spiced Dal Pulao with Boiled Rice,dinner,desi,weight_gain,410.0,10.0,55.0,10.0,5.0,1080.0,0.0,35,3,Tamarind-Spiced Dal Pulao with Boiled Rice Tamarind-Spiced Dal Pulao with Boiled Rice Tamarind-Spiced Dal Pulao with Boiled Rice Yellow lentils Basmati rice Onion Tamarind paste Turmeric Red chili powder Salt Oil Water Ginger garlic paste Coriander leaves Cumin seeds Water Water desi,"nut_free,egg_free,low_sugar,low_cholesterol","Yellow lentils (1 cup); Basmati rice (1 cup); Onion (1, chopped); Tamarind paste (1 tbsp); Turmeric (¼ tsp); Red chili powder (½ tsp); Salt (1 tsp); Oil (2 tbsp); Water (as needed); Ginger garlic paste (1 tsp); Coriander leaves (2 tbsp, chopped); Cumin seeds (½ tsp); Water (2 cups (for rice)); Water (2 cups (for dal))","Step 1: Gather Ingredients: Collect 1 cup yellow lentils (moong or chana dal), 4 cups water (for lentils), 2 tbsp oil, 1 sliced onion, ½ tsp turmeric, 1 tsp red chili powder, 1 tbsp tamarind paste, 1 tsp salt, 2 cups basmati rice, and 4 cups water (for rice). | Step 2: Cook Lentils: Rinse 1 cup yellow lentils, boil in 4 cups water with a pinch of salt for 20-25 minutes until soft, then drain and set aside. | Step 3: Sauté Onions: Heat 2 tbsp oil in a pot over medium heat, add 1 sliced onion, and sauté for 5-7 minutes until golden. | Step 4: Cook Spices: Stir in ½ tsp turmeric, 1 tsp red chili powder, and 1 tbsp tamarind paste, cooking for 1-2 minutes until aromatic. | Step 5: Combine Dal and Rice: Add the cooked lentils, 2 cups basmati rice, 1 tsp salt, and 4 cups water, bringing to a boil, then reducing heat, covering, and cooking for 12-15 minutes until rice is tender. | Step 6: Serve Hot: Fluff the pulao, ensuring the tamarind-spiced dal is evenly mixed, and serve hot.",https://res.cloudinary.com/duegxp0u0/image/upload/v1746770523/bvgbd0cnxm1mfluy4tof.jpg
68395ef0a1f9120d4641a75a,Daal Palak with Roti & Salad,lunch,desi,weight_gain,380.0,10.0,45.0,5.0,8.0,1080.0,0.0,35,1,Daal Palak with Roti & Salad Daal Palak with Roti & Salad Daal Palak with Roti & Salad Yellow lentils Spinach Onion Tomato Spices Whole wheat roti Salad Ginger garlic paste Red chili powder Turmeric Coriander leaves Cucumber Whole wheat flour Water desi,"nut_free,egg_free,low_sugar","Yellow lentils (1/2 cup); Spinach (1 cup); Onion (1); Tomato (1); Spices (to taste); Whole wheat roti (1); Salad (1/2 cup); Ginger garlic paste (1 tbsp); Red chili powder (½ tsp); Turmeric (¼ tsp); Coriander leaves (1 tbsp, chopped); Cucumber (¼ cup, chopped (for salad)); Whole wheat flour (½ cup (for roti)); Water (1 cup (for daal palak))","Step 1: Gather Ingredients: Collect 1 cup moong dal (or chana dal), ½ tsp turmeric, 1 tsp salt, 4 cups water (for daal), 2 cups spinach (chopped), 2 tbsp oil, 1 chopped onion, 1 tomato (chopped), 1 tsp ginger-garlic paste, 1 tsp red chili powder, 2 cups whole wheat flour, ¾ cup water (for dough), 1 cucumber (sliced), 1 onion (sliced), and 1 tbsp lemon juice. | Step 2: Rinse Daal: Rinse 1 cup moong dal under cold water until the water runs clear. | Step 3: Boil Daal: In a pot, add the daal, ½ tsp turmeric, 1 tsp salt, and 4 cups water, boil, then simmer for 30-40 minutes until soft, stirring occasionally. | Step 4: Heat Oil: In another pan, heat 2 tbsp oil over medium heat for 1-2 minutes. | Step 5: Sauté Spinach Base: Add 1 chopped onion and 1 tsp ginger-garlic paste, sauté for 5-7 minutes until golden, then stir in 1 chopped tomato and 1 tsp red chili powder, cooking for 5 minutes until the tomato softens; add 2 cups chopped spinach and cook for 3-5 minutes until wilted. | Step 6: Combine and Simmer: Mix the cooked daal into the spinach mixture, simmer on low heat for 10-15 minutes to blend the flavors, adjusting consistency with water if needed. | Step 7: Prepare Roti: Knead 2 cups whole wheat flour with ¾ cup water into a soft dough, rest for 15 minutes, roll into 4-6 circles, and cook on a tawa for 1-2 minutes per side until lightly browned. | Step 8: Assemble Salad and Serve: Toss 1 sliced cucumber and 1 sliced onion with 1 tbsp lemon juice and a pinch of salt, plate the hot daal palak with roti, and serve with the fresh salad on the side.",https://res.cloudinary.com/duegxp0u0/image/upload/v1746772235/ug7cmd59kki0zqxzdwaf.jpg
68395ef0a1f9120d4641a757,Beef Haleem with Garlic Naan,lunch,desi,weight_gain,480.0,20.0,50.0,15.0,5.0,1090.0,50.0,90,1,Beef Haleem with Garlic Naan Beef Haleem with Garlic Naan Beef Haleem with Garlic Naan Beef Wheat Barley Chana dal Ginger garlic paste Spices Garlic naan Ghee Red chili powder Coriander leaves Whole wheat flour Garlic Water desi,"nut_free,egg_free,low_sugar","Beef (1 cup); Wheat (1/2 cup); Barley (2 tbsp); Chana dal (2 tbsp); Ginger garlic paste (1 tbsp); Spices (to taste); Garlic naan (1); Ghee (1 tbsp); Red chili powder (½ tsp); Coriander leaves (1 tbsp, chopped); Whole wheat flour (½ cup (for naan)); Garlic (1 tsp, minced (for naan)); Water (2 cups (for haleem))","Step 1: Gather Ingredients: Collect 500g beef (shank or stew cuts), ½ cup wheat grains, ¼ cup barley, ¼ cup chana dal, ¼ cup moong dal, 2 tbsp ginger-garlic paste, 1 tsp red chili powder, 1 tsp garam masala, 1 tsp salt, 6 cups water, 2 tbsp ghee, 2 cups all-purpose flour, 1 tsp yeast, ½ cup water, 1 tsp garlic (minced), and 1 tbsp ghee (for naan). | Step 2: Soak Grains and Lentils: Rinse ½ cup wheat grains, ¼ cup barley, ¼ cup chana dal, and ¼ cup moong dal, then soak in water for 4-6 hours. | Step 3: Cook Beef: In a pot, add 500g beef, 2 tbsp ginger-garlic paste, 1 tsp red chili powder, 1 tsp garam masala, 1 tsp salt, and 6 cups water, boil, then simmer for 1.5-2 hours until tender. | Step 4: Cook Grains and Lentils: In a separate pot, boil the soaked grains and lentils in 4 cups water for 30-40 minutes until soft, then drain. | Step 5: Shred Beef: Remove the beef from the broth, shred it with a fork, and reserve the broth. | Step 6: Blend Haleem: Combine the shredded beef, cooked grains, and lentils in a pot, add some reserved broth, and blend with a hand blender or mash until smooth; slow-cook with 2 tbsp ghee for 20-30 minutes until thick and creamy. | Step 7: Prepare Garlic Naan Dough: In a bowl, mix 2 cups all-purpose flour with 1 tsp yeast, ½ cup water, and a pinch of salt, knead into a soft dough, rest for 1 hour, roll into 4-6 ovals, and spread 1 tsp minced garlic on top. | Step 8: Cook Naan and Serve: Heat a tawa or oven (250°C), cook each naan for 2-3 minutes per side until puffed and golden, brush with 1 tbsp ghee, and serve hot with the beef haleem.",https://res.cloudinary.com/duegxp0u0/image/upload/v1746772235/zggpgzthgqmhqafddxr6.jpg
68395eeaa1f9120d4641a60c,Sprouted Moong Salad,breakfast,desi,weight_loss,120.0,6.0,20.0,1.0,6.0,150.0,0.0,10,2,Sprouted Moong Salad Sprouted Moong Salad Sprouted Moong Salad Sprouted Moong Onion Tomato Lemon Juice Chaat Masala desi,"gluten_free,nut_free,egg_free,lactose_free,low_sodium,low_sugar,low_cholesterol,dairy_free","Sprouted Moong (1 cup (150g)); Onion (1 (100g, chopped)); Tomato (1 (150g, chopped)); Lemon Juice (1 tbsp (15ml)); Chaat Masala (to taste (assumed ½ tsp, 1g))","Step 1: Rinse and Sprout Moong: | Rinse 1 cup of moong beans and soak them overnight to sprout. | Step 2: Prepare Vegetables: | Chop 1 onion and 1 tomato into small pieces. | Step 3: Mix Ingredients: | In a bowl, combine the sprouted moong, chopped onion, and chopped tomato. | Step 4: Add Lemon Juice: | Squeeze 1 tbsp of fresh lemon juice into the mixture. | Step 5: Season with Black Salt: | Add black salt to taste and mix well. | Step 6: Sprinkle Chaat Masala: | Sprinkle chaat masala over the salad for added flavor. | Step 7: Stir Well: | Stir everything together until all ingredients are evenly mixed. | Step 8: Serve: | Serve the sprouted moong salad immediately and enjoy.",https://res.cloudinary.com/duegxp0u0/image/upload/v1745169023/recipe_uploads/tpehpkzeliwnvze4cxgj.jpg
68395ebfa1f9120d4641a485,Keto Sushi Bowl,snack,keto,weight_loss,380.0,28.0,10.0,28.0,6.0,400.0,60.0,20,2,Keto Sushi Bowl Keto Sushi Bowl Keto Sushi Bowl Cauliflower rice Salmon Avocado Coconut aminos Olive oil Sesame seeds keto,"gluten_free,nut_free,egg_free,low_carb,low_sugar,dairy_free",Cauliflower rice (200g); Salmon (150g); Avocado (½ (~70g)); Coconut aminos (1 tbsp); Olive oil (½ tbsp); Sesame seeds (½ tsp (optional)),"Step 1: Prep Cauliflower | Pulse 200g cauliflower into rice-sized pieces. | Step 2: Cook Cauliflower | Sauté cauliflower rice in ½ tbsp olive oil for 4–5 minutes until tender, cool slightly. | Step 3: Prep Salmon | Dice 150g salmon into small cubes. | Step 4: Slice Avocado | Slice ½ avocado (~70g) thinly. | Step 5: Assemble Bowl | Layer cauliflower rice in a bowl, top with salmon and avocado. | Step 6: Add Sauce | Drizzle 1 tbsp coconut aminos over bowl. | Step 7: Garnish | Sprinkle with ½ tsp sesame seeds for texture. | Step 8: Serve | Serve fresh as a light lunch.",https://res.cloudinary.com/duegxp0u0/image/upload/v1748524089/qujmazzvlvvamwvklxog.jpg
68395ed6a1f9120d4641a547,Classic Hummus,lunch,mediterranean,weight_gain,570.0,17.0,43.0,39.0,13.0,17.0,0.0,15,1,Classic Hummus Classic Hummus Classic Hummus Chickpeas Tahini Garlic Lemon juice Olive oil mediterranean,"gluten_free,egg_free,lactose_free,low_sodium,low_sugar,low_cholesterol,dairy_free",Chickpeas (150g); Tahini (40g); Garlic (2 cloves); Lemon juice (30ml); Olive oil (1 tbsp),"Step 1: Rinse Chickpeas | Drain and rinse 150g canned chickpeas under cold water to remove excess sodium. |  | Step 2: Prepare Garlic | Peel 2 garlic cloves and roughly chop them for easier blending. |  | Step 3: Juice Lemon | Squeeze the juice from 1 lemon (about 30ml) into a small bowl, removing any seeds. |  | Step 4: Measure Tahini | Measure 40g tahini and stir it well to ensure a smooth consistency. |  | Step 5: Blend Ingredients | In a blender, combine chickpeas, garlic, tahini, lemon juice, and 2 tbsp water. |  | Step 6: Add Olive Oil | Add 1 tbsp olive oil to the blender and blend until the mixture is creamy. |  | Step 7: Adjust Texture | Add more water, 1 tbsp at a time, blending until the hummus reaches a smooth, dip-like consistency. |  | Step 8: Season and Serve | Taste and add salt if needed. Transfer to a bowl and serve with veggies or pita as a snack.",https://res.cloudinary.com/duegxp0u0/image/upload/v1748524192/xsawhqvgfmz7bvuabi98.jpg
68395ef0a1f9120d4641a742,Spinach and Paneer Pulao with Dry Fruits,lunch,desi,weight_gain,480.0,15.0,50.0,15.0,3.0,1080.0,20.0,40,2,Spinach and Paneer Pulao with Dry Fruits Spinach and Paneer Pulao with Dry Fruits Spinach and Paneer Pulao with Dry Fruits Paneer Basmati rice Spinach Onion Tomatoes Garlic Green chili Red chili powder Garam masala Salt Ghee Cashews Almonds Water Ginger paste Cumin seeds Water desi,"egg_free,low_sugar","Paneer (200g); Basmati rice (1 cup); Spinach (1 cup, chopped); Onion (1, chopped); Tomatoes (2, pureed); Garlic (2 cloves, minced); Green chili (1, chopped); Red chili powder (½ tsp); Garam masala (½ tsp); Salt (1 tsp); Ghee (1 tbsp); Cashews (10); Almonds (10); Water (as needed); Ginger paste (1 tsp); Cumin seeds (½ tsp); Water (2 cups (for rice))","Step 1: Gather Ingredients: Collect 2 tbsp ghee, 1 sliced onion, 1 tsp garlic (minced), 1 green chili (chopped), 2 cups spinach (chopped), 2 chopped tomatoes, 1 tsp red chili powder, 1 tsp garam masala, 1 tsp salt, 200g paneer (cubed), 2 cups basmati rice, 4 cups water, 2 tbsp cashews, and 2 tbsp almonds (sliced). | Step 2: Heat Ghee: Melt 2 tbsp ghee in a pot over medium heat for 1-2 minutes until aromatic. | Step 3: Sauté Onions: Add 1 sliced onion and sauté for 5-7 minutes until golden brown. | Step 4: Cook Aromatics: Stir in 1 tsp minced garlic and 1 chopped green chili, sautéing for 2 minutes until fragrant. | Step 5: Cook Spinach: Add 2 cups chopped spinach, cooking for 3-5 minutes until wilted and tender. | Step 6: Add Tomatoes and Paneer: Mix in 2 chopped tomatoes, 1 tsp red chili powder, 1 tsp garam masala, 1 tsp salt, and 200g paneer cubes, cooking for 5 minutes until tomatoes soften. | Step 7: Prepare Rice: Boil 2 cups basmati rice in 4 cups water with a pinch of salt for 10-12 minutes until fluffy, drain, then gently mix with the spinach-paneer mixture. | Step 8: Garnish and Serve: In a small pan, lightly toast 2 tbsp cashews and 2 tbsp sliced almonds in 1 tsp ghee for 1-2 minutes, sprinkle over the pulao, and serve hot.",https://res.cloudinary.com/duegxp0u0/image/upload/v1746770523/f5rrypq7sizesgkmknsj.jpg
68395eeaa1f9120d4641a698,Mutton Liver Masala (Iron & Protein-Rich),lunch,desi,weight_loss,250.0,28.0,6.0,12.0,2.0,400.0,400.0,30,5,Mutton Liver Masala (Iron & Protein-Rich) Mutton Liver Masala (Iron & Protein-Rich) Mutton Liver Masala (Iron & Protein-Rich) Mutton Liver (cut into pieces) Onion (chopped) Tomato (chopped) Red Chili Powder Turmeric Powder Cumin Powder Fresh Coriander (for garnish) Salt Oil desi,"gluten_free,nut_free,egg_free,lactose_free,low_sodium,low_sugar","Mutton Liver (cut into pieces) (500g); Onion (chopped) (1 (100g)); Tomato (chopped) (1 (150g)); Red Chili Powder (1 tsp (2g)); Turmeric Powder (1/2 tsp (1g)); Cumin Powder (1 tsp (2g)); Fresh Coriander (for garnish) (As needed (assumed 1 tbsp, 3g)); Salt (To taste (assumed 1 tsp, 3g)); Oil (1 tbsp (14g))","Step 1: Sauté the Liver: | Heat 1 tbsp oil in a pan. Add 500g mutton liver (cut into pieces) and sauté for 5 minutes until browned. | Step 2: Add the Spices: | Add 1 chopped onion and sauté until golden. Add 1 tsp ginger-garlic paste, 1 tsp red chili powder, 1/2 tsp turmeric powder, 1 tsp cumin powder, and salt. Stir well. | Step 3: Cook the Liver: | Add 1 chopped tomato and cook for 5 minutes until soft. Then, add a splash of water and cook for another 10-15 minutes until the liver is tender and the gravy thickens. | Step 4: Adjust the Consistency: | If the gravy is too thick, add a little more water and cook until the desired consistency is achieved. | Step 5: Taste and Adjust Seasoning: | Taste the dish and adjust the salt and spices if necessary to suit your taste. | Step 6: Garnish: | Garnish with fresh coriander leaves for added flavor and color. | Step 7: Serve Hot: | Serve the cooked liver hot with roti or rice for a complete meal. | Step 8: Enjoy: | Enjoy your flavorful mutton liver dish with a side of pickles or raita.",https://res.cloudinary.com/duegxp0u0/image/upload/v1745169188/recipe_uploads/pxzfh4xob4g6yxeo7buw.jpg
68395ec7a1f9120d4641a4d2,Egg White & Spinach Wrap,dinner,vegetarian,weight_loss,280.0,25.0,30.0,8.0,4.0,450.0,0.0,20,2,Egg White & Spinach Wrap Egg White & Spinach Wrap Egg White & Spinach Wrap Egg whites Spinach Whole-grain tortilla Olive oil Salt Black pepper vegetarian,"nut_free,lactose_free,low_fat,low_sodium,low_sugar,low_cholesterol,dairy_free",Egg whites (6); Spinach (100g); Whole-grain tortilla (1); Olive oil (1 tsp); Salt (1/4 tsp); Black pepper (1/4 tsp),"Step 1: Prepare Spinach | Wash 100g spinach thoroughly and chop roughly if leaves are large. | Step 2: Prepare Egg Whites | Separate 6 eggs to collect the whites (or use 180ml liquid egg whites) in a bowl. | Step 3: Heat Oil | Heat 1 tsp olive oil in a non-stick skillet over medium heat. | Step 4: Cook Spinach | Add spinach to the skillet and sauté for 2–3 minutes until wilted, then remove and set aside. | Step 5: Scramble Egg Whites | Pour egg whites into the skillet, add 1/4 tsp salt and 1/4 tsp black pepper, and scramble for 3–4 minutes until just set. | Step 6: Combine Filling | Mix the cooked spinach back into the egg whites, stirring gently to combine. | Step 7: Warm Tortilla | Heat 1 whole-grain tortilla in a dry skillet or microwave for 10–15 seconds to make it pliable. | Step 8: Assemble and Serve | Place the egg white and spinach mixture in the center of the tortilla, fold into a wrap, and serve immediately as a light breakfast.",https://res.cloudinary.com/duegxp0u0/image/upload/v1748525102/wlhzt21v7tkvxhsytd47.jpg
68395eeaa1f9120d4641a611,Palak Poha,breakfast,desi,weight_loss,90.0,2.0,18.0,1.0,2.0,100.0,0.0,15,1,Palak Poha Palak Poha Palak Poha Poha (Flattened Rice) Spinach Mustard Seeds Lemon Juice desi,"gluten_free,nut_free,egg_free,lactose_free,low_sodium,low_sugar,low_cholesterol,dairy_free","Poha (Flattened Rice) (½ cup (40g, dry)); Spinach (½ cup (30g, chopped)); Mustard Seeds (½ tsp (1g)); Lemon Juice (1 tbsp (15ml))","Step 1: Rinse Poha: | Rinse ½ cup poha under cold water and drain it well to remove excess moisture. | Step 2: Prepare Spinach: | Wash and chop ½ cup spinach into small pieces. | Step 3: Heat Oil: | Heat a little oil in a pan on medium heat. | Step 4: Sauté Mustard Seeds: | Add ½ tsp mustard seeds to the pan and sauté until they begin to splutter. | Step 5: Add Curry Leaves and Spinach: | Add curry leaves and chopped spinach to the pan, sautéing until the spinach wilts down. | Step 6: Add Poha: | Add the rinsed poha to the pan and stir well to combine. | Step 7: Season with Lemon Juice: | Add 1 tbsp lemon juice and stir again to evenly coat the poha with the tangy flavor. | Step 8: Serve: | Serve the poha hot as a delicious and nutritious breakfast or snack.",https://res.cloudinary.com/duegxp0u0/image/upload/v1745169028/recipe_uploads/areupvoowjt7hdxl2agy.jpg
68395eeaa1f9120d4641a6d4,Homemade Chia & Coconut Energy Balls,snack,desi,weight_loss,110.0,2.0,12.0,6.0,4.0,5.0,0.0,15,1,Homemade Chia & Coconut Energy Balls Homemade Chia & Coconut Energy Balls Homemade Chia & Coconut Energy Balls Chia Seeds Shredded Coconut Dates desi,"gluten_free,nut_free,egg_free,lactose_free,low_sodium,low_sugar,dairy_free","Chia Seeds (2 tbsp (24g)); Shredded Coconut (1/4 cup (20g)); Dates (As needed (assumed 1/4 cup, 40g, for binding, not listed but implied))","Step 1: Prepare the Ingredients : | Mix chia seeds, shredded coconut, and a sweetener like honey or jaggery in a bowl. | Step 2: Combine the Mixture : | Stir the ingredients well until they are evenly combined and the mixture holds together. | Step 3: Form the Balls : | Roll the mixture into small balls using your hands, ensuring they are compact and well-formed. | Step 4: Arrange on a Tray : | Place the rolled balls on a tray or plate lined with parchment paper to prevent sticking. | Step 5: Chill the Balls : | Put the tray in the refrigerator and chill for 30 minutes to allow the balls to firm up. | Step 6: Check for Firmness : | After 30 minutes, check the balls to ensure they are firm enough to hold their shape. | Step 7: Serve or Store : | Serve the chia coconut balls as a snack or store them in an airtight container for later. | Step 8: Enjoy : | Enjoy your healthy, energy-packed chia coconut balls as a quick treat or snack.",https://res.cloudinary.com/duegxp0u0/image/upload/v1745169533/recipe_uploads/zj8sw0zgrkbngdhi2ozh.jpg
68395ef0a1f9120d4641a759,BBQ Beef Ribs with Naan,dinner,desi,weight_gain,510.0,25.0,40.0,20.0,3.0,1090.0,70.0,1,2,BBQ Beef Ribs with Naan BBQ Beef Ribs with Naan BBQ Beef Ribs with Naan Beef ribs Yogurt Ginger garlic paste BBQ spices Lemon juice Naan Oil Red chili powder Coriander leaves Whole wheat flour desi,"nut_free,egg_free,low_sugar","Beef ribs (250g); Yogurt (2 tbsp); Ginger garlic paste (1 tbsp); BBQ spices (1 tbsp); Lemon juice (1 tbsp); Naan (1); Oil (1 tbsp); Red chili powder (½ tsp); Coriander leaves (1 tbsp, chopped); Whole wheat flour (½ cup (for naan))","Step 1: Gather Ingredients: Collect 250g beef ribs, ½ cup yogurt, 1 tbsp lemon juice, 1 tbsp garlic paste, 1 tsp red chili powder, 1 tsp garam masala, 1 tsp cumin powder, 1 tsp salt, 2 tbsp oil (for grilling), 2 cups all-purpose flour, 1 tsp yeast, ½ cup water, and 1 tbsp ghee. | Step 2: Prepare Marinade: In a bowl, mix ½ cup yogurt, 1 tbsp lemon juice, 1 tbsp garlic paste, 1 tsp red chili powder, 1 tsp garam masala, 1 tsp cumin powder, and 1 tsp salt until smooth. | Step 3: Marinate Ribs: Coat 250g beef ribs with the marinade, ensuring even coverage, and refrigerate for 2-4 hours (or overnight for best flavor). | Step 4: Preheat Cooking Surface: Preheat a grill pan with 2 tbsp oil over medium heat or set up a stovetop pan for low-flame cooking. | Step 5: Cook Ribs: Place the marinated ribs on the grill or pan, cooking for 20-25 minutes on low heat, turning occasionally, until tender and slightly charred. | Step 6: Prepare Naan Dough: In a bowl, mix 2 cups all-purpose flour with 1 tsp yeast, ½ cup water, and a pinch of salt, knead into a soft dough, and rest for 1 hour. | Step 7: Shape and Cook Naan: Divide the dough into 4-6 balls, roll into ovals, cook on a tawa or oven (250°C) for 2-3 minutes per side until puffed and golden, then brush with 1 tbsp ghee. | Step 8: Serve Hot: Plate the hot desi BBQ beef ribs and serve with warm naan.",https://res.cloudinary.com/duegxp0u0/image/upload/v1746772236/ybrfujkjyi2necf9erlh.jpg
68395ec7a1f9120d4641a4c9,Vegetable Kofta with Yogurt Sauce,dinner,vegetarian,weight_gain,510.0,22.0,55.0,28.0,10.0,600.0,15.0,55,2,Vegetable Kofta with Yogurt Sauce Vegetable Kofta with Yogurt Sauce Vegetable Kofta with Yogurt Sauce Zucchini Carrots Chickpea flour Greek yogurt Olive oil Cumin Salt Black pepper Lemon juice Garlic powder Cilantro vegetarian,"gluten_free,nut_free,egg_free,low_sugar,low_cholesterol",Zucchini (200g); Carrots (150g); Chickpea flour (50g); Greek yogurt (100g); Olive oil (1 tbsp); Cumin (1 tsp); Salt (3/4 tsp); Black pepper (1/2 tsp); Lemon juice (1 tsp); Garlic powder (1/4 tsp); Cilantro (1 tsp (optional)),"Step 1: Preheat Oven | Preheat the oven to 180°C and line a baking sheet with parchment paper. | Step 2: Prepare Vegetables | Grate 200g zucchini and 150g carrots, then squeeze out excess moisture using a clean cloth. | Step 3: Mix Kofta Batter | In a bowl, combine grated vegetables, 50g chickpea flour, 1 tsp cumin, 1/2 tsp salt, and 1/2 tsp black pepper. | Step 4: Form Kofta Balls | Shape the mixture into 10–12 small balls, about 1 inch in diameter, and place on the baking sheet. | Step 5: Brush with Oil | Lightly brush the kofta balls with 1 tbsp olive oil for a golden finish. | Step 6: Bake Kofta | Bake for 25–30 minutes, turning halfway, until firm and lightly browned. | Step 7: Prepare Yogurt Sauce | In a small bowl, mix 100g Greek yogurt with 1 tsp lemon juice, 1/4 tsp garlic powder, and a pinch of salt. | Step 8: Serve | Arrange kofta on a plate, drizzle with yogurt sauce, garnish with 1 tsp chopped cilantro if desired, and serve warm as a flavorful dinner.",https://res.cloudinary.com/duegxp0u0/image/upload/v1748525397/bjmjw5dpynqkvkphfykv.jpg
68395eeaa1f9120d4641a6d3,Low-Sugar Beetroot & Carrot Pudding,snack,desi,weight_loss,70.0,1.0,16.0,0.0,2.0,30.0,0.0,30,1,Low-Sugar Beetroot & Carrot Pudding Low-Sugar Beetroot & Carrot Pudding Low-Sugar Beetroot & Carrot Pudding Beetroot Carrot Jaggery Water desi,"gluten_free,nut_free,egg_free,lactose_free,low_sodium,low_sugar,low_fat,dairy_free","Beetroot (1/2 cup (75g, grated)); Carrot (1 medium (100g, grated)); Jaggery (2 tbsp (24g)); Water (As needed (assumed 1/4 cup, 60ml, for cooking))","Step 1: Prepare the Vegetables : | Grate beetroot and carrot finely to ensure they cook evenly in the pan. | Step 2: Cook the Grated Vegetables : | Heat a non-stick pan and add the grated beetroot and carrot. Cook them on medium heat until they soften. | Step 3: Add Sweetener : | Add jaggery or a sugar substitute of your choice to the pan. Stir well to mix with the vegetables. | Step 4: Cook the Mixture : | Allow the mixture to cook on low heat, stirring occasionally, until the jaggery melts and the mixture thickens. | Step 5: Check Consistency : | Keep cooking until the mixture reaches a pudding-like consistency, ensuring it’s not too watery. | Step 6: Add Flavoring : | Optionally, you can add cardamom or cinnamon for additional flavor. | Step 7: Let it Cool : | Remove the pan from the heat and let the dessert cool down a bit before serving. | Step 8: Serve : | Serve the dish warm or chilled, as a delicious, nutritious dessert.",https://res.cloudinary.com/duegxp0u0/image/upload/v1745169531/recipe_uploads/ypyvnypjdwbop0yolqfo.jpg
68395eeaa1f9120d4641a630,"Steamed Chicken Pulao (Brown Rice & Lean Chicken, No Oil)",dinner,desi,weight_loss,450.0,28.0,50.0,14.0,4.0,400.0,70.0,1,2,"Steamed Chicken Pulao (Brown Rice & Lean Chicken, No Oil) Steamed Chicken Pulao (Brown Rice & Lean Chicken, No Oil) Steamed Chicken Pulao (Brown Rice & Lean Chicken, No Oil) Chicken Brown Rice Onion Garlic Cardamom Cinnamon Bay Leaf Salt Oil Water desi","gluten_free,nut_free,egg_free,lactose_free,low_sodium,low_sugar","Chicken (250g (boneless, cubed)); Brown Rice (1 cup (200g, dry)); Onion (1 (100g, chopped)); Garlic (1 tbsp (15g, minced)); Cardamom (2 pods (1g)); Cinnamon (1 small stick (1g)); Bay Leaf (1 (0.2g)); Salt (To taste (assumed 1 tsp, 3g, not listed but implied)); Oil (As needed (assumed 1 tbsp, 14g, for cooking, not listed but implied)); Water (As needed (assumed 2 cups, 480ml, for cooking rice))","Step 1: Soak the rice: | Soak brown rice in water for 30 minutes to soften it. | Step 2: Combine ingredients: | In a pot, combine the soaked rice, chicken pieces, spices (cardamom, cinnamon, bay leaf), and water. | Step 3: Bring to a boil: | Bring the mixture to a boil over medium heat. | Step 4: Reduce the heat: | Reduce the heat to low and cover the pot. | Step 5: Steam the mixture: | Steam the rice and chicken mixture for 45 minutes until the rice is cooked and the chicken is tender. | Step 6: Check for doneness: | Ensure the rice is fully cooked and the chicken is tender and cooked through. | Step 7: Fluff the rice: | Once done, fluff the rice gently with a fork to separate the grains. | Step 8: Serve hot: | Serve the chicken and rice hot, garnished with fresh herbs or a squeeze of lemon if desired.",https://res.cloudinary.com/duegxp0u0/image/upload/v1745169311/recipe_uploads/tolq9epujs387rq4txqx.jpg
68395ec7a1f9120d4641a4bd,Greek Yogurt with Walnuts & Honey,breakfast,vegetarian,weight_loss,310.0,20.0,25.0,18.0,2.0,80.0,15.0,5,2,Greek Yogurt with Walnuts & Honey Greek Yogurt with Walnuts & Honey Greek Yogurt with Walnuts & Honey Greek yogurt Walnuts Honey vegetarian,"gluten_free,egg_free,low_carb,low_sodium,low_cholesterol",Greek yogurt (200g); Walnuts (30g); Honey (1 tbsp),"Step 1: Select a Bowl | Choose a medium-sized bowl for assembling the snack. | Step 2: Add Greek Yogurt | Scoop 200g Greek yogurt into the bowl, spreading it evenly. | Step 3: Measure Walnuts | Measure 30g walnuts and roughly chop them for easier eating. | Step 4: Add Walnuts | Sprinkle the chopped walnuts over the Greek yogurt. | Step 5: Measure Honey | Measure 1 tbsp honey for drizzling. | Step 6: Drizzle Honey | Evenly drizzle the honey over the yogurt and walnuts. | Step 7: Smooth Mixture | Gently stir the yogurt, walnuts, and honey to combine flavors, if desired. | Step 8: Serve | Serve immediately as a creamy, nutritious snack or chill for 5 minutes for a cooler texture.",https://res.cloudinary.com/duegxp0u0/image/upload/v1748525180/wf8dexnualo0rgqd3nfr.jpg
68395eeaa1f9120d4641a6d0,Low-Oil Palak (Spinach) & Paneer Tikki,snack,desi,weight_loss,80.0,5.0,4.0,5.0,1.0,200.0,10.0,25,1,Low-Oil Palak (Spinach) & Paneer Tikki Low-Oil Palak (Spinach) & Paneer Tikki Low-Oil Palak (Spinach) & Paneer Tikki Spinach Paneer Ginger Garlic Salt Breadcrumbs desi,"nut_free,egg_free,low_sodium,low_sugar,low_carb","Spinach (1 cup (60g, finely chopped)); Paneer (1/4 cup (60g, crumbled)); Ginger (1/2 tsp (2g, grated)); Garlic (1/2 tsp (2g, minced)); Salt (To taste (assumed 1/4 tsp, 0.75g, not listed but implied)); Breadcrumbs (As needed (assumed 1 tbsp, 8g, for binding, not listed but implied))","Step 1: Clean and Slice the Mushrooms : | Wipe the mushrooms with a damp cloth to remove any dirt and slice them evenly. | Step 2: Prepare the Marinade : | In a bowl, toss the sliced mushrooms with olive oil, black pepper, and mixed herbs until they are well coated. | Step 3: Preheat the Grill : | Heat the grill to medium-high, ensuring it is hot and ready for cooking. | Step 4: Arrange Mushrooms on the Grill : | Place the seasoned mushrooms on the grill, making sure they are arranged in a single layer for even cooking. | Step 5: Grill the Mushrooms : | Grill the mushrooms for 8-10 minutes, flipping them halfway through to ensure they are evenly cooked on both sides. | Step 6: Check for Tenderness : | Once grilled, check if the mushrooms are tender by gently pressing them. They should feel soft and slightly browned. | Step 7: Remove from Grill : | Take the mushrooms off the grill once they are cooked to your desired texture and doneness. | Step 8: Serve and Enjoy : | Serve the grilled mushrooms immediately while hot, as a tasty side dish or topping.",https://res.cloudinary.com/duegxp0u0/image/upload/v1745169523/recipe_uploads/onrngfgsfjrm9d6epqd4.jpg
68395ebfa1f9120d4641a462,Creamy Garlic Shrimp,breakfast,keto,weight_gain,320.0,24.0,3.0,25.0,0.0,450.0,200.0,25,1,Creamy Garlic Shrimp Creamy Garlic Shrimp Creamy Garlic Shrimp Shrimp Heavy cream Butter Garlic Salt Parsley keto,"gluten_free,nut_free,egg_free,low_carb,low_sugar",Shrimp (125g); Heavy cream (50ml); Butter (1 tbsp); Garlic (1½ cloves); Salt (⅛ tsp); Parsley (½ tsp (optional)),"Step 1: Prep Shrimp | Peel and devein 125g shrimp, season with ⅛ tsp salt. | Step 2: Heat Pan | Melt 1 tbsp butter in a skillet over medium heat. | Step 3: Sauté Garlic | Add 1½ minced garlic cloves, sauté for 30 seconds until fragrant. | Step 4: Cook Shrimp | Add shrimp, cook for 2–3 minutes until pink, then set aside. | Step 5: Make Sauce | Pour in 50ml heavy cream, simmer for 2–3 minutes until thickened. | Step 6: Combine Shrimp | Return shrimp to skillet, toss in sauce for 1 minute. | Step 7: Garnish | Sprinkle with ½ tsp chopped parsley. | Step 8: Serve | Serve hot as a rich dinner.",https://res.cloudinary.com/duegxp0u0/image/upload/v1746967249/fxqlln4ykq196xvygwj9.jpg
68395ecea1f9120d4641a4f3,Beef & Mushroom Stir-Fry,lunch,non_vegetarian,weight_loss,380.0,42.0,12.0,18.0,4.0,650.0,80.0,20,2,Beef & Mushroom Stir-Fry Beef & Mushroom Stir-Fry Beef & Mushroom Stir-Fry Beef sirloin Mushrooms Garlic Soy sauce Cauliflower rice Olive oil Salt Black pepper Green onion non_vegetarian,"gluten_free,nut_free,egg_free,lactose_free,low_carb,low_sugar,dairy_free",Beef sirloin (200g); Mushrooms (100g); Garlic (2 cloves); Soy sauce (1 tbsp); Cauliflower rice (150g); Olive oil (1 tbsp); Salt (1/4 tsp); Black pepper (1/4 tsp); Green onion (1 tsp (optional)),"Step 1: Prepare Beef | Slice 200g beef sirloin thinly against the grain for tender strips. | Step 2: Prepare Mushrooms | Clean 100g mushrooms (e.g., cremini or shiitake) and slice thinly. | Step 3: Mince Garlic | Peel and mince 2 garlic cloves finely for aromatic flavor. | Step 4: Heat Oil | Heat 1 tbsp olive oil in a large skillet or wok over high heat. | Step 5: Stir-Fry Beef | Add beef strips, season with 1/4 tsp salt, and stir-fry for 2–3 minutes until browned, then remove and set aside. | Step 6: Cook Mushrooms | Add mushrooms and garlic to the skillet, stir-fry for 3–4 minutes until mushrooms release their moisture and soften. | Step 7: Combine and Season | Return beef to the skillet, add 1 tbsp soy sauce and 1/4 tsp black pepper, stirring for 1–2 minutes to coat evenly. | Step 8: Serve | Spoon stir-fry over 150g warmed cauliflower rice, garnish with 1 tsp chopped green onion if desired, and serve immediately as a light dinner.",https://res.cloudinary.com/duegxp0u0/image/upload/v1748524579/ku78vbptwuuozejscldl.jpg
68395eeaa1f9120d4641a62f,Slow-Cooked Mutton Soup with Herbs & Spices,dinner,desi,weight_loss,320.0,26.0,6.0,22.0,1.0,400.0,90.0,3,3,Slow-Cooked Mutton Soup with Herbs & Spices Slow-Cooked Mutton Soup with Herbs & Spices Slow-Cooked Mutton Soup with Herbs & Spices Mutton Onion Garlic Ginger Cinnamon Cloves Bay Leaf Salt Oil Water desi,"gluten_free,nut_free,egg_free,lactose_free,low_sodium,low_sugar,low_carb","Mutton (300g (cubed)); Onion (1 (100g, chopped)); Garlic (1 tbsp (15g, minced)); Ginger (1 inch (10g, grated)); Cinnamon (1 small stick (1g)); Cloves (2 (0.2g)); Bay Leaf (1 (0.2g)); Salt (To taste (assumed 1 tsp, 3g, not listed but implied)); Oil (As needed (assumed 1 tbsp, 14g, for cooking, not listed but implied)); Water (As needed (assumed 1 cup, 240ml, for cooking))","Step 1: Heat oil and sauté aromatics: | Heat oil in a pan and sauté chopped onions, garlic, ginger, and whole spices (cinnamon, cloves, bay leaf) until fragrant. | Step 2: Brown the mutton: | Add mutton pieces to the pan and cook for 10 minutes, allowing them to brown on all sides. | Step 3: Add liquid and season: | Pour in water or broth and season with salt. Stir to combine. | Step 4: Slow cook the mutton: | Cover and cook the mutton on low heat for 2-3 hours, until the meat is tender and fully cooked. | Step 5: Check for seasoning: | Taste and adjust salt or spices as necessary during the cooking process. | Step 6: Rest the mutton: | Once cooked, remove from heat and let it rest for a few minutes. | Step 7: Garnish with fresh herbs: | Garnish with fresh cilantro or other herbs of your choice for added freshness. | Step 8: Serve hot: | Serve the tender mutton hot with steamed rice or flatbread of your choice.",https://res.cloudinary.com/duegxp0u0/image/upload/v1745169308/recipe_uploads/nnijerb06qtfbicf3it6.jpg
68395ec7a1f9120d4641a4bf,Vegetarian Moussaka,breakfast,vegetarian,weight_gain,580.0,28.0,55.0,32.0,12.0,700.0,30.0,70,4,Vegetarian Moussaka Vegetarian Moussaka Vegetarian Moussaka Eggplant Lentils Béchamel Potatoes Olive oil Cumin Salt Nutmeg Parsley vegetarian,"nut_free,egg_free,low_sugar",Eggplant (400g); Lentils (200g); Béchamel (200ml); Potatoes (200g); Olive oil (4 tsp); Cumin (1 tsp); Salt (1 tsp); Nutmeg (1/4 tsp); Parsley (1 tsp (optional)),"Step 1: Preheat Oven | Preheat the oven to 180°C and grease a 9x13-inch baking dish with 1 tsp olive oil. | Step 2: Prepare Eggplant | Slice 400g eggplant into ¼-inch rounds, sprinkle with 1/2 tsp salt, and let sit for 15 minutes to release moisture. | Step 3: Roast Eggplant | Pat eggplant dry, brush with 1 tbsp olive oil, and roast on a baking sheet for 20 minutes, flipping halfway, until golden. | Step 4: Cook Lentils | Rinse 200g lentils, cook in 500ml water with 1 tsp cumin for 20–25 minutes until tender, then drain. | Step 5: Prepare Potatoes | Slice 200g potatoes into thin rounds, boil for 5 minutes until just tender, then drain. | Step 6: Prepare Béchamel | Heat 200ml pre-made béchamel sauce (or make with flour, butter, milk), stirring in 1/4 tsp nutmeg for flavor. | Step 7: Assemble Moussaka | Layer in the baking dish: potatoes, lentils, eggplant, then béchamel. Repeat if space allows, ending with béchamel. | Step 8: Bake and Serve | Bake for 45 minutes until golden and bubbly, let cool for 10 minutes, garnish with 1 tsp parsley if desired, and serve warm.",https://res.cloudinary.com/duegxp0u0/image/upload/v1748525434/dvwnsmpkbdv7na0jrdke.jpg
68395eeaa1f9120d4641a657,Chana Dal Pulao (Brown Rice & Split Chickpea Pilaf),dinner,desi,weight_loss,250.0,8.0,40.0,6.0,6.0,400.0,0.0,15,1,Chana Dal Pulao (Brown Rice & Split Chickpea Pilaf) Chana Dal Pulao (Brown Rice & Split Chickpea Pilaf) Chana Dal Pulao (Brown Rice & Split Chickpea Pilaf) Split Chickpeas (Chana Dal) Brown Rice Water Cumin Seeds Onion Salt Oil Fresh Coriander desi,"gluten_free,nut_free,egg_free,lactose_free,low_sodium,low_sugar,dairy_free","Split Chickpeas (Chana Dal) (1/2 cup (100g, dry)); Brown Rice (1 cup (200g, dry)); Water (2 cups (480ml, adjusted to 3 cups, 720ml, for proper cooking of brown rice and dal)); Cumin Seeds (1/2 tsp (1g)); Onion (1 (100g, chopped)); Salt (To taste (assumed 1 tsp, 3g)); Oil (1 tbsp (14g)); Fresh Coriander (For garnish (assumed 1 tbsp, 3g, chopped))","Step 1: Wash and Soak the Chana Dal : | Wash and soak 1/2 cup split chickpeas (chana dal) for 30 minutes to soften. | Step 2: Heat Oil and Sauté the Onion : | Heat 1 tbsp oil in a pot, add 1/2 tsp cumin seeds, 1 chopped onion, and sauté until the onions turn golden brown. | Step 3: Add Rice, Chana Dal, and Water : | Add 1 cup brown rice, soaked chana dal, 2 cups water, and salt to the pot. | Step 4: Cook the Mixture : | Cook until the water is absorbed and the rice and chana dal are tender. | Step 5: Stir Occasionally : | Stir the mixture occasionally to ensure even cooking and prevent sticking. | Step 6: Check for Doneness : | Check that the rice and chana dal are fully cooked. If needed, add a little more water and cook further. | Step 7: Garnish : | Garnish with freshly chopped coriander leaves to enhance the flavor. | Step 8: Serve : | Serve the hot rice and chana dal mixture with a side of vegetables or raita for a complete meal.",https://res.cloudinary.com/duegxp0u0/image/upload/v1745169419/recipe_uploads/dv5fswqsohsipvjkrkgn.jpg
68395ec7a1f9120d4641a4d5,Greek Yogurt with Walnuts & Cinnamon,dinner,vegetarian,weight_loss,290.0,22.0,15.0,18.0,2.0,80.0,20.0,5,2,Greek Yogurt with Walnuts & Cinnamon Greek Yogurt with Walnuts & Cinnamon Greek Yogurt with Walnuts & Cinnamon Greek yogurt Walnuts Cinnamon Honey vegetarian,"gluten_free,egg_free,low_carb,low_sodium,low_sugar,low_cholesterol",Greek yogurt (200g); Walnuts (30g); Cinnamon (½ tsp); Honey (1 tsp (optional)),"Step 1: Select a Bowl | Choose a small bowl for assembling the snack. | Step 2: Measure Yogurt | Scoop 200g plain Greek yogurt into the bowl as the base. | Step 3: Prepare Walnuts | Measure 30g walnuts, chop coarsely if desired for easier eating. | Step 4: Toast Walnuts (Optional) | Lightly toast walnuts in a dry skillet over medium heat for 2–3 minutes for enhanced flavor, if preferred, then cool slightly. | Step 5: Add Walnuts | Sprinkle walnuts evenly over the Greek yogurt. | Step 6: Add Cinnamon | Dust ½ tsp cinnamon over the walnuts and yogurt for warmth and aroma. | Step 7: Optional Sweetener | Drizzle 1 tsp honey (optional) for a touch of sweetness, if desired, and stir lightly. | Step 8: Serve | Serve immediately as a nutritious snack, or chill for 2–3 minutes for a cooler option.",https://res.cloudinary.com/duegxp0u0/image/upload/v1748525180/mocbh9aljvn7txiugssv.jpg
68395eeaa1f9120d4641a6a2,Quinoa Chicken Pilaf (High Protein Alternative to Rice),lunch,desi,weight_loss,400.0,32.0,34.0,14.0,6.0,400.0,80.0,40,2,Quinoa Chicken Pilaf (High Protein Alternative to Rice) Quinoa Chicken Pilaf (High Protein Alternative to Rice) Quinoa Chicken Pilaf (High Protein Alternative to Rice) Quinoa Chicken Breast (diced) Onion (chopped) Tomatoes (chopped) Cumin Powder Turmeric Powder Coriander Powder Red Chili Powder Fresh Parsley (for garnish) Oil Salt desi,"gluten_free,nut_free,egg_free,lactose_free,low_sodium,low_sugar","Quinoa (1 cup (170g, dry)); Chicken Breast (diced) (500g); Onion (chopped) (1 (100g)); Tomatoes (chopped) (2 (300g)); Cumin Powder (1 tsp (2g)); Turmeric Powder (1/2 tsp (1g)); Coriander Powder (1 tsp (2g)); Red Chili Powder (1/2 tsp (1g)); Fresh Parsley (for garnish) (As needed (assumed 1 tbsp, 3g)); Oil (2 tbsp (28g)); Salt (To taste (assumed 1 tsp, 3g))","Step 1: Cook the Quinoa: | Rinse 1 cup quinoa thoroughly and cook it in 2 cups of water or chicken broth. Bring to a boil, then reduce the heat and cover for 15 minutes until the quinoa is cooked and fluffy. | Step 2: Prepare the Chicken: | In a pan, heat 2 tbsp oil and sauté 500g chicken breast (diced) with salt, pepper, and 1 tsp cumin powder until browned and cooked through. | Step 3: Make the Pilaf: | In the same pan, add 1 chopped onion and 2 chopped tomatoes. Sauté until softened. Add 1/2 tsp turmeric powder, 1 tsp coriander powder, and 1/2 tsp red chili powder. Stir in the cooked quinoa and chicken, and mix well. | Step 4: Garnish and Serve: | Garnish with fresh parsley and serve with a side of yogurt or a salad. | Step 5: Adjust Flavor: | Taste the pilaf and adjust the seasoning if necessary, adding more salt, pepper, or spices to suit your taste. | Step 6: Add More Veggies (Optional): | For extra nutrition, consider adding some sautéed vegetables such as bell peppers or spinach to the pilaf. | Step 7: Let it Rest: | Allow the pilaf to rest for a couple of minutes before serving to allow the flavors to meld together. | Step 8: Enjoy: | Serve your quinoa and chicken pilaf hot, enjoying the flavorful combination with a cooling yogurt side or a refreshing salad.",https://res.cloudinary.com/duegxp0u0/image/upload/v1745169212/recipe_uploads/hdhfqsfq6gi7ewocnpyv.jpg
68395eeaa1f9120d4641a6e8,Sprouted Roti Wraps with Green Chutney,snack,desi,weight_loss,110.0,4.0,18.0,3.0,3.0,200.0,0.0,30,1,Sprouted Roti Wraps with Green Chutney Sprouted Roti Wraps with Green Chutney Sprouted Roti Wraps with Green Chutney Whole Wheat Flour Mint Chutney Sprouts Salt Water Oil Vegetables desi,"nut_free,egg_free,lactose_free,low_sodium,low_sugar,dairy_free","Whole Wheat Flour (1/4 cup (30g)); Mint Chutney (2 tbsp (30g, assumed made with mint, cilantro, green chili, lemon juice)); Sprouts (As needed (assumed 1/4 cup, 50g, not listed but implied from title)); Salt (To taste (assumed 1/4 tsp, 0.75g, for roti dough)); Water (As needed (assumed 2 tbsp, 30ml, for roti dough)); Oil (As needed (assumed 1/2 tsp, 2.5g, for roti dough, not listed but implied)); Vegetables (As needed (assumed 1/4 cup, 40g, chopped onions and tomatoes for filling, not listed but implied))","Step 1: Soak and Sprout the Whole Wheat Flour: | Soak whole wheat flour in water and let it sprout for 12-24 hours to enhance its nutritional value. | Step 2: Knead the Dough: | After the flour has sprouted, knead it into a smooth dough, adding water as necessary to achieve the right consistency. | Step 3: Roll into Rotis: | Divide the dough into small portions and roll each portion into thin, round rotis using a rolling pin. | Step 4: Preheat the Grill: | Preheat the grill or tawa on medium heat, ensuring it's hot enough to cook the rotis evenly. | Step 5: Grill the Rotis: | Place the rolled-out rotis onto the grill or tawa and cook each side for about 2-3 minutes, flipping until both sides are lightly golden. | Step 6: Prepare the Green Chutney: | In a blender, combine fresh mint, coriander, and lemon juice to make a tangy green chutney. Add salt and spices to taste. | Step 7: Wrap the Rotis with Chutney: | Once the rotis are grilled, spread a generous amount of green chutney on top of each roti. | Step 8: Serve: | Roll the chutney-covered rotis and serve warm as a delicious and healthy snack or meal.",https://res.cloudinary.com/duegxp0u0/image/upload/v1745169578/recipe_uploads/bkyi1mabqn0cm5oy2drc.jpg
68395ef0a1f9120d4641a775,Mutton Liver Masala with Garlic Naan,lunch,desi,weight_gain,520.0,27.0,38.0,28.0,2.0,850.0,320.0,35,4,Mutton Liver Masala with Garlic Naan Mutton Liver Masala with Garlic Naan Mutton Liver Masala with Garlic Naan Mutton liver Onion Garlic Green chili Red chili powder Turmeric powder Coriander powder Cumin powder Garam masala Salt Fresh cilantro Oil Tomato Garlic naan Butter desi,"nut_free,egg_free,low_sugar","Mutton liver (400g); Onion (1 large); Garlic (4 cloves); Green chili (1); Red chili powder (1 tsp); Turmeric powder (½ tsp); Coriander powder (1 tbsp); Cumin powder (½ tsp); Garam masala (½ tsp); Salt (1 tsp); Fresh cilantro (2 tbsp, chopped); Oil (2 tbsp); Tomato (1 medium); Garlic naan (4 pieces (100g each)); Butter (2 tbsp)","Step 1: Gather Ingredients: Collect 400g mutton liver (cubed), 2 tbsp oil, 1 onion (chopped), 1 tbsp ginger-garlic paste, 1 tsp red chili powder, 1 tsp garam masala, 1 tsp salt, 2 cups all-purpose flour, 1 tsp yeast, ½ cup water, 1 tsp minced garlic, and 1 tbsp ghee. | Step 2: Prepare Liver: Rinse 400g mutton liver, cut into small cubes, and pat dry. | Step 3: Sauté Base: Heat 2 tbsp oil in a pan over medium heat, add 1 chopped onion and 1 tbsp ginger-garlic paste, sautéing for 5-7 minutes until golden. | Step 4: Cook Liver: Add the liver cubes, 1 tsp red chili powder, 1 tsp garam masala, and 1 tsp salt; sauté for 8-10 minutes until tender and coated in masala. | Step 5: Prepare Naan Dough: Mix 2 cups all-purpose flour with 1 tsp yeast, ½ cup water, and a pinch of salt, knead into a soft dough, and rest for 1 hour. | Step 6: Cook Garlic Naan: Divide dough into 4-6 balls, roll into 6-8 inch ovals, spread 1 tsp minced garlic on top, cook on a tawa for 2-3 minutes per side until puffed, and brush with 1 tbsp ghee. | Step 7: Serve Hot: Plate the mutton liver masala and serve hot with warm garlic naan.",https://res.cloudinary.com/duegxp0u0/image/upload/v1746813064/ucea2zybrtm7bbqba3bj.jpg
68395ec7a1f9120d4641a4d0,Vegetable & Bean Burritos,snack,vegetarian,weight_gain,560.0,28.0,65.0,30.0,12.0,900.0,40.0,40,2,Vegetable & Bean Burritos Vegetable & Bean Burritos Vegetable & Bean Burritos Mixed vegetables Black beans Tortillas Cheese Olive oil Cumin Chili powder Salt Cilantro vegetarian,"nut_free,egg_free,low_sugar",Mixed vegetables (250g); Black beans (200g); Tortillas (4); Cheese (100g); Olive oil (1 tbsp); Cumin (1 tsp); Chili powder (1/2 tsp); Salt (1/2 tsp); Cilantro (1 tsp (optional)),"Step 1: Prepare Vegetables | Wash and dice 250g mixed vegetables (e.g., bell peppers, onions, zucchini) into small pieces. | Step 2: Heat Oil | Heat 1 tbsp olive oil in a large skillet over medium heat. | Step 3: Sauté Vegetables | Add mixed vegetables to the skillet and sauté for 5–7 minutes until softened. | Step 4: Add Beans | Rinse and drain 200g black beans, add to the skillet, and cook for 2–3 minutes to warm through. | Step 5: Season Filling | Stir in 1 tsp cumin, 1/2 tsp chili powder, and 1/2 tsp salt, cooking for 1–2 minutes to blend flavors. | Step 6: Warm Tortillas | Heat 4 tortillas (flour or corn) in a dry skillet or microwave for 10–15 seconds to make them pliable. | Step 7: Assemble Burritos | Place 2 tbsp of the vegetable-bean mixture and 25g shredded cheese (from 100g total) in the center of each tortilla, then fold and roll tightly. | Step 8: Serve | Optionally, grill burritos in the skillet for 1–2 minutes per side for crispness, garnish with 1 tsp chopped cilantro if desired, and serve warm as a hearty lunch.",https://res.cloudinary.com/duegxp0u0/image/upload/v1748525397/jpknaf1sbxxvkx1elvor.jpg
68395ef0a1f9120d4641a703,Tandoori Salmon with Mashed Potatoes,dinner,desi,weight_gain,373.0,15.0,20.0,15.0,2.0,1080.0,40.0,50,2,Tandoori Salmon with Mashed Potatoes Tandoori Salmon with Mashed Potatoes Tandoori Salmon with Mashed Potatoes Salmon fillet Yogurt Lemon juice Garlic paste Ginger paste Red chili powder Garam masala Olive oil Potatoes Butter Salt Milk Turmeric powder Fresh coriander leaves Cumin powder desi,"nut_free,egg_free,low_sugar","Salmon fillet (200g); Yogurt (½ cup); Lemon juice (1 tbsp); Garlic paste (1 tsp); Ginger paste (1 tsp); Red chili powder (½ tsp); Garam masala (½ tsp); Olive oil (1 tbsp); Potatoes (2 medium, boiled & mashed); Butter (1 tbsp); Salt (1 tsp); Milk (2 tbsp); Turmeric powder (¼ tsp); Fresh coriander leaves (1 tbsp, chopped); Cumin powder (¼ tsp)","Step 1: Gather the Ingredients: Collect 2 salmon fillets (100g each), ½ cup yogurt, 1 tbsp lemon juice, 2 garlic cloves (minced), 1 tsp ginger (grated), 1 tsp red chili powder, 1 tsp garam masala, 1 tsp salt, 4 medium potatoes (boiled), 2 tbsp butter, and extra salt for potatoes. | Step 2: Prepare the Marinade: In a bowl, mix ½ cup yogurt, 1 tbsp lemon juice, 2 minced garlic cloves, 1 tsp grated ginger, 1 tsp red chili powder, 1 tsp garam masala, and 1 tsp salt until smooth. | Step 3: Marinate the Salmon: Coat 4 salmon fillets with the marinade, ensuring even coverage, then cover and refrigerate for 30 minutes to soak in the flavors. | Step 4: Preheat the Grill: Heat a grill or grill pan over medium heat for 5-7 minutes until it’s ready for cooking. | Step 5: Grill the Salmon: Place the marinated salmon fillets on the grill and cook for 5-7 minutes per side until charred and flaky. | Step 6: Boil and Mash Potatoes: Peel 4 boiled potatoes, mash them in a bowl, and mix in 2 tbsp butter and a pinch of salt until creamy. | Step 7: Check the Salmon: Ensure the salmon is fully cooked by checking that it flakes easily with a fork and has a vibrant tandoori crust. | Step 8: Serve Together: Plate the hot tandoori salmon alongside a scoop of creamy mashed potatoes for a flavorful, balanced meal.",https://res.cloudinary.com/duegxp0u0/image/upload/v1746775919/rn4tg91qnjyos7oy8fe4.jpg
68395ed6a1f9120d4641a559,Baklava-Inspired Oatmeal,breakfast,mediterranean,weight_gain,510.0,23.0,76.0,26.0,14.0,106.0,20.0,10,1,Baklava-Inspired Oatmeal Baklava-Inspired Oatmeal Baklava-Inspired Oatmeal Oats Milk Pistachios Cinnamon mediterranean,"egg_free,low_sodium,low_sugar,low_cholesterol",Oats (80g); Milk (200ml); Pistachios (30g); Cinnamon (5g),"Step 1: Prep Base | In a small saucepan, combine 2 tbsp almond flour, 1 tbsp chia seeds, and 100ml unsweetened almond milk. |  | Step 2: Cook Mixture | Heat over medium, stirring for 3–5 minutes until thickened to an oatmeal-like texture. |  | Step 3: Add Sweetener | Stir in ½ tbsp erythritol and ¼ tsp cinnamon for baklava flavor. |  | Step 4: Add Nuts | Mix in 10g chopped walnuts for crunch. |  | Step 5: Check Texture | Ensure mixture is creamy and slightly thick. |  | Step 6: Adjust Sweetness | Taste and add a pinch more erythritol if needed. |  | Step 7: Garnish | Sprinkle with a pinch of crushed pistachios for authenticity. |  | Step 8: Serve | Serve warm as a quick breakfast.",https://res.cloudinary.com/duegxp0u0/image/upload/v1748524192/qrtrwrsig8wogrhi4h1j.jpg
68395ef0a1f9120d4641a77e,Mughlai Beef Biryani with Raita,lunch,desi,weight_gain,650.0,26.0,60.0,32.0,2.0,900.0,80.0,45,4,Mughlai Beef Biryani with Raita Mughlai Beef Biryani with Raita Mughlai Beef Biryani with Raita Beef Basmati rice Yogurt Biryani masala Fried onions Raita Ginger garlic paste Red chili powder Turmeric powder Cumin powder Coriander powder Salt Oil Fresh cilantro Mint leaves Green chili Saffron Water desi,"nut_free,egg_free,low_sugar",Beef (400g); Basmati rice (400g); Yogurt (8 tbsp); Biryani masala (4 tbsp); Fried onions (8 tbsp); Raita (8 tbsp); Ginger garlic paste (2 tsp); Red chili powder (½ tsp); Turmeric powder (½ tsp); Cumin powder (½ tsp); Coriander powder (1 tsp); Salt (1 tsp); Oil (4 tbsp); Fresh cilantro (2 tbsp); Mint leaves (2 tbsp); Green chili (1); Saffron (¼ tsp); Water (4 cups),"Step 1: Gather Ingredients: Collect 400g beef (cubed), 2 cups basmati rice, 2 tbsp ghee, 1 onion (sliced), 1 tbsp ginger-garlic paste, 1 tsp biryani masala, 1 tsp red chili powder, 1 tsp salt, ¼ cup yogurt, 4 cups water, ¼ tsp saffron (soaked in 2 tbsp warm milk), ½ cup yogurt (for raita), and 1 tbsp coriander (chopped). | Step 2: Prepare Rice: Rinse 2 cups basmati rice until water runs clear, soak for 20 minutes, then drain. | Step 3: Sauté Base: Heat 2 tbsp ghee in a pot over medium heat, fry 1 sliced onion for 6-8 minutes until golden, reserving half for garnish. | Step 4: Cook Beef: Add 1 tbsp ginger-garlic paste to the pot, then 400g beef, 1 tsp biryani masala, 1 tsp red chili powder, 1 tsp salt, and ¼ cup yogurt; cook for 10 minutes until browned. | Step 5: Simmer Beef: Add ¾ cup water, cover, and simmer on low for 50-60 minutes until beef is tender and the gravy is thick. | Step 6: Cook Rice: Boil 4 cups water with a pinch of salt, add soaked rice, cook for 6-8 minutes until 80% done, then drain. | Step 7: Layer and Steam: In a heavy pot, layer half the beef, then half the rice, repeat, drizzle with saffron milk, cover tightly, and steam on low heat for 15-20 minutes. | Step 8: Serve with Raita: Mix ½ cup yogurt with 1 tbsp chopped coriander, a pinch of salt, and a dash of cumin powder; fluff biryani, garnish with reserved onions, and serve hot with raita.",https://res.cloudinary.com/duegxp0u0/image/upload/v1746813065/v8vz756bq7sukeg4wqnr.jpg
68395eeaa1f9120d4641a627,Chicken Malai Boti (Low-fats Yogurt & Garlic Marinade),dinner,desi,weight_loss,220.0,24.0,4.0,10.0,0.0,400.0,80.0,60,2,Chicken Malai Boti (Low-fats Yogurt & Garlic Marinade) Chicken Malai Boti (Low-fats Yogurt & Garlic Marinade) Chicken Malai Boti (Low-fats Yogurt & Garlic Marinade) Boneless Chicken Garlic Ginger Cream (optional) Salt Oil desi,"gluten_free,nut_free,egg_free,low_sodium,low_sugar,low_carb","Boneless Chicken (200g (cubed)); Garlic (1 tsp (5g, minced)); Ginger (1 tsp (5g, grated)); Cream (optional) (1 tbsp (15g, assumed included for calculation)); Salt (To taste (assumed 1/2 tsp, 1.5g, not listed but implied)); Oil (As needed (assumed 1/2 tsp, 2.5g, for cooking, not listed but implied))","Step 1: Marinate the chicken: | Marinate boneless chicken in low-fats yogurt, garlic, ginger, and a touch of cream. | Step 2: Let the chicken marinate: | Allow the chicken to marinate for 1-2 hours in the refrigerator to absorb the flavors. | Step 3: Preheat the grill: | Preheat the grill to medium heat, ensuring it's evenly heated for cooking. | Step 4: Grill the chicken: | Grill the marinated chicken on medium heat until fully cooked through, flipping occasionally to ensure even cooking. | Step 5: Check for doneness: | Ensure the chicken reaches an internal temperature of 165°F (74°C) to confirm it's fully cooked. | Step 6: Rest the chicken: | Let the grilled chicken rest for a few minutes to keep it juicy and tender. | Step 7: Garnish with cilantro: | Sprinkle freshly chopped cilantro over the grilled chicken for a fresh, flavorful touch. | Step 8: Serve hot: | Serve the grilled chicken hot, paired with your choice of side dishes or a salad.",https://res.cloudinary.com/duegxp0u0/image/upload/v1745169268/recipe_uploads/r4aiyig5lhciirtxboqa.jpg
68395eeaa1f9120d4641a669,Barley & Chickpea Salad with Pomegranate,lunch,desi,weight_loss,250.0,8.0,42.0,8.0,10.0,100.0,0.0,40,1,Barley & Chickpea Salad with Pomegranate Barley & Chickpea Salad with Pomegranate Barley & Chickpea Salad with Pomegranate Barley Chickpeas Pomegranate Onion Olive Oil desi,"nut_free,egg_free,lactose_free,low_sodium,low_sugar,low_cholesterol,dairy_free","Barley (1/2 cup (90g, dry, cooked)); Chickpeas (1/2 cup (80g, cooked or canned, drained)); Pomegranate (1/2 cup (75g, seeds)); Onion (1/2 (50g, chopped)); Olive Oil (1 tbsp (14g))","Step 1: Cook Barley: | Cook 1/2 cup barley in 3 cups water until tender, then drain and set aside. | Step 2: Cook Chickpeas: | Cook 1/2 cup chickpeas in 3 cups water with 1/2 tsp cumin and salt until soft and tender. | Step 3: Prepare the Salad: | Mix the cooked barley and chickpeas in a bowl with 1/2 cup pomegranate seeds, 1/2 onion (finely chopped), and 1 tbsp olive oil. | Step 4: Add Lemon Juice: | Season the mixture with lemon juice to enhance the flavor. | Step 5: Toss the Salad: | Toss the ingredients gently to combine and coat evenly with the olive oil and lemon juice. | Step 6: Taste and Adjust Seasoning: | Taste the salad and adjust the salt or lemon juice as needed for extra flavor. | Step 7: Garnish: | Garnish the salad with fresh coriander leaves for added color and aroma. | Step 8: Serve: | Serve the barley and chickpea salad chilled or at room temperature for a refreshing and nutritious dish.",https://res.cloudinary.com/duegxp0u0/image/upload/v1745169084/recipe_uploads/prxkddfp34lrheglpuf8.jpg
68395ef0a1f9120d4641a721,Grilled Tuna Steak with Lemon Butter Sauce,dinner,desi,weight_gain,315.0,25.0,2.0,15.0,0.0,1090.0,40.0,35,2,Grilled Tuna Steak with Lemon Butter Sauce Grilled Tuna Steak with Lemon Butter Sauce Grilled Tuna Steak with Lemon Butter Sauce Tuna fillet Butter Lemon juice Garlic Black pepper Salt Oil Fresh parsley Red chili flakes desi,"nut_free,egg_free,low_sugar,low_carb","Tuna fillet (200g); Butter (1 tbsp); Lemon juice (1 tbsp); Garlic (1 clove, minced); Black pepper (½ tsp); Salt (½ tsp); Oil (1 tsp); Fresh parsley (1 tsp, chopped); Red chili flakes (¼ tsp)","Step 1: Gather Ingredients: Collect 2 tuna steaks (100g each), 1 tbsp lemon juice, 1 tsp minced garlic, ½ tsp black pepper, ½ tsp salt, 2 tbsp oil, 2 tbsp butter, and a side salad (lettuce, cucumber, tomato). | Step 2: Marinate Tuna: Mix 1 tbsp lemon juice, 1 tsp garlic, ½ tsp black pepper, and ½ tsp salt, rub onto 2 tuna steaks, and let sit for 15 minutes. | Step 3: Heat Grill: Brush a grill pan with 2 tbsp oil and heat over medium heat for 3-5 minutes. | Step 4: Grill Tuna: Place tuna steaks on the grill, cooking for 5 minutes per side until seared and cooked to preference. | Step 5: Make Lemon Butter Sauce: Melt 2 tbsp butter in a small pan, add a splash of lemon juice, and stir for 1 minute. | Step 6: Serve Hot: Plate the grilled tuna, drizzle with lemon butter sauce, and serve with a fresh side salad..",https://res.cloudinary.com/duegxp0u0/image/upload/v1746778283/kygkhufosivrtnxwapmp.jpg
68395ebfa1f9120d4641a460,Beef & Blue Cheese Stuffed Burgers,lunch,keto,weight_gain,710.0,55.0,3.0,58.0,1.0,650.0,200.0,35,3,Beef & Blue Cheese Stuffed Burgers Beef & Blue Cheese Stuffed Burgers Beef & Blue Cheese Stuffed Burgers Ground beef Blue cheese Egg Almond flour Salt Black pepper Chives keto,"gluten_free,low_carb,low_sugar",Ground beef (350g); Blue cheese (80g); Egg (1); Almond flour (2 tbsp); Salt (¼ tsp); Black pepper (¼ tsp); Chives (1 tsp (optional)),"Step 1: Prep Beef | In a bowl, mix 350g ground beef with 1 egg, 2 tbsp almond flour, and ¼ tsp salt. | Step 2: Form Patties | Divide beef into 4 portions, flatten into thin rounds. | Step 3: Add Cheese | Place 20g blue cheese in the center of 2 rounds, top with remaining rounds, and seal edges. | Step 4: Season Burgers | Sprinkle patties with ¼ tsp black pepper. | Step 5: Preheat Grill | Heat a grill pan or grill to medium-high. | Step 6: Grill Burgers | Grill patties for 4–5 minutes per side until cooked to medium. | Step 7: Rest Burgers | Let burgers rest for 2 minutes to retain juices. | Step 8: Serve | Garnish with 1 tsp chopped chives and serve hot as a hearty dinner.",https://res.cloudinary.com/duegxp0u0/image/upload/v1748523936/uumf2ujby3y0z74cadoh.jpg
68395eeaa1f9120d4641a62a,Smoked Beef Boti with Black Pepper,dinner,desi,weight_loss,220.0,24.0,4.0,12.0,1.0,400.0,70.0,50,2,Smoked Beef Boti with Black Pepper Smoked Beef Boti with Black Pepper Smoked Beef Boti with Black Pepper Beef Boti Yogurt Black Pepper Garlic Cumin Coriander Garam Masala Salt Oil desi,"gluten_free,nut_free,egg_free,low_sodium,low_sugar,low_carb","Beef Boti (200g (cubed)); Yogurt (2 tbsp (30g)); Black Pepper (1 tsp (2g)); Garlic (1 tbsp (15g, minced)); Cumin (1/2 tsp (1g)); Coriander (1/2 tsp (1g)); Garam Masala (1/2 tsp (1g)); Salt (To taste (assumed 1/2 tsp, 1.5g, not listed but implied)); Oil (As needed (assumed 1 tsp, 5g, for grilling/cooking, not listed but implied))","Step 1: Marinate the beef: | Marinate beef boti in yogurt, black pepper, garlic, and spices (cumin, coriander, garam masala). | Step 2: Smoke the beef: | Smoke the marinated beef over a low flame for added flavor. | Step 3: Preheat the grill/oven: | Preheat your grill or oven to medium-high heat, ready for cooking. | Step 4: Grill or roast the beef: | Place the smoked beef on the grill or in the oven, cooking it until it reaches your desired doneness. | Step 5: Check for doneness: | Use a meat thermometer or check by cutting into the beef to ensure it is cooked to your preference. | Step 6: Rest the beef: | Allow the beef to rest for a few minutes after grilling or roasting to retain its juices. | Step 7: Slice the beef: | Slice the beef into bite-sized pieces or serve as whole chunks, depending on your preference. | Step 8: Serve hot: | Serve the grilled or roasted beef boti hot with a side of naan or rice, and garnish with fresh herbs.",https://res.cloudinary.com/duegxp0u0/image/upload/v1745169281/recipe_uploads/vlpleuqrchucyoqwacii.jpg
68395eeaa1f9120d4641a66c,Multigrain Roti with Chana Dal Fry,lunch,desi,weight_loss,320.0,14.0,56.0,4.0,12.0,100.0,0.0,50,1,Multigrain Roti with Chana Dal Fry Multigrain Roti with Chana Dal Fry Multigrain Roti with Chana Dal Fry Multigrain Flour Chana Dal Onion Tomato Garam Masala desi,"nut_free,egg_free,lactose_free,low_sodium,low_sugar,low_cholesterol,dairy_free","Multigrain Flour (1 cup (120g)); Chana Dal (1/2 cup (100g, dry, cooked)); Onion (1 (100g, chopped)); Tomato (1 (150g, chopped)); Garam Masala (1 tsp (2g))","Step 1: Prepare Multigrain Dough: | Prepare multigrain flour dough by mixing wheat, bajra, and jowar flours with water until smooth and soft. | Step 2: Roll and Cook Roti: | Roll out small portions of the dough into round discs and cook them on a hot tawa until golden brown on both sides. | Step 3: Cook Chana Dal: | Cook 1/2 cup chana dal in water with turmeric and cumin until the dal is tender and cooked through. | Step 4: Fry the Dal: | In a separate pan, fry the cooked chana dal with chopped onions, tomatoes, and garam masala until the mixture is well combined and the flavors are infused. | Step 5: Adjust Seasoning: | Taste the dal and add salt or more spices as needed to adjust the flavor. | Step 6: Simmer: | Let the dal mixture simmer for a few minutes to allow the flavors to blend. | Step 7: Serve the Roti and Dal: | Serve the warm multigrain roti alongside the chana dal for a delicious and nutritious meal. | Step 8: Enjoy: | Enjoy the meal as a wholesome, fulfilling dish perfect for lunch or dinner..",https://res.cloudinary.com/duegxp0u0/image/upload/v1745169088/recipe_uploads/kfk8bpkrhksh7w7q9uiq.jpg
68395eeaa1f9120d4641a678,Grilled Chicken Qeema Wraps (Whole Wheat Roti),lunch,desi,weight_loss,280.0,26.0,20.0,10.0,4.0,150.0,70.0,35,2,Grilled Chicken Qeema Wraps (Whole Wheat Roti) Grilled Chicken Qeema Wraps (Whole Wheat Roti) Grilled Chicken Qeema Wraps (Whole Wheat Roti) Chicken (Minced) Onion Garlic Tomatoes Whole Wheat Roti Yogurt desi,"nut_free,egg_free,low_sodium,low_sugar","Chicken (Minced) (200g); Onion (1 medium (100g, chopped)); Garlic (1 tbsp (9g, minced)); Tomatoes (1 medium (150g, chopped)); Whole Wheat Roti (1 (30g)); Yogurt (2 tbsp (30g))","Step 1: Cook Chicken Qeema : | Cook minced chicken with onions, garlic, spices (turmeric, cumin, garam masala), and tomatoes until fully cooked. | Step 2: Grill Chicken Qeema : | Grill the cooked chicken qeema until slightly charred. | Step 3: Prepare Roti : | Heat a whole wheat roti on a pan until soft and warm. | Step 4: Assemble Wrap : | Place the grilled chicken qeema in the center of the roti. | Step 5: Add Fresh Veggies : | Add fresh veggies like lettuce, cucumber, and any other preferred toppings. | Step 6: Prepare Dressing : | Mix yogurt with lemon juice and herbs for the yogurt-based dressing. | Step 7: Add Dressing : | Drizzle the yogurt-based dressing over the veggies and chicken qeema. | Step 8: Serve Wrap : | Wrap the roti around the filling and serve immediately.",https://res.cloudinary.com/duegxp0u0/image/upload/v1745169102/recipe_uploads/jy0w077asolct6ulqba3.jpg
68395ed6a1f9120d4641a54d,White Bean Dips,lunch,mediterranean,weight_loss,290.0,7.0,30.0,15.0,7.0,8.0,0.0,10,1,White Bean Dips White Bean Dips White Bean Dips White beans Rosemary Garlic Lemon juice Olive oil mediterranean,"gluten_free,nut_free,egg_free,lactose_free,low_sodium,low_sugar,low_cholesterol,dairy_free",White beans (100g); Rosemary (5g); Garlic (1 clove); Lemon juice (30ml); Olive oil (1 tbsp),"Step 1: Rinse Beans | Drain and rinse 100g canned white beans under cold water to remove excess sodium. |  | Step 2: Prep Garlic | Peel 1 garlic clove and roughly chop it for blending. |  | Step 3: Chop Rosemary | Wash 5g fresh rosemary, strip leaves from stems, and finely chop. |  | Step 4: Juice Lemon | Squeeze 1 lemon (about 30ml juice) into a small bowl, removing seeds. |  | Step 5: Combine Ingredients | Add white beans, garlic, rosemary, and lemon juice to a blender. |  | Step 6: Add Olive Oil | Pour 1 tbsp olive oil into the blender for a smooth texture. |  | Step 7: Blend Dip | Blend all ingredients on high for 1 minute until creamy, adding 1 tbsp water if needed. |  | Step 8: Serve Fresh | Transfer the dip to a bowl and serve with veggies or crackers as a snack.",https://res.cloudinary.com/duegxp0u0/image/upload/v1748524492/fjkvbw4q1xldcvai4fzw.jpg
68395ecea1f9120d4641a53c,Lamb and Rice Stuffed Grape Leaves,dinner,non_vegetarian,weight_gain,540.0,42.0,60.0,25.0,5.0,650.0,90.0,70,2,Lamb and Rice Stuffed Grape Leaves Lamb and Rice Stuffed Grape Leaves Lamb and Rice Stuffed Grape Leaves Ground lamb Rice Grape leaves Mint Olive oil Allspice Salt Black pepper Lemon juice Parsley non_vegetarian,"nut_free,egg_free,lactose_free,low_sugar,dairy_free",Ground lamb (250g); Rice (150g); Grape leaves (20); Mint (5g); Olive oil (2 tsp); Allspice (½ tsp); Salt (¼ tsp); Black pepper (¼ tsp); Lemon juice (1 tbsp); Parsley (1 tsp (optional)),"Step 1: Prepare Rice | Rinse 150g rice under cold water, soak in warm water for 10 minutes, then drain and set aside. | Step 2: Cook Lamb | Heat 1 tsp olive oil in a skillet over medium heat, add 250g ground lamb, and cook for 4–5 minutes until browned, breaking it apart. | Step 3: Mix Filling | In a bowl, combine lamb, rice, 5g chopped mint, ½ tsp allspice, ¼ tsp salt, and ¼ tsp black pepper, mixing thoroughly. | Step 4: Prepare Grape Leaves | Rinse 20 grape leaves (jarred or fresh) in cold water, pat dry, and trim any tough stems. | Step 5: Roll Leaves | Place a grape leaf shiny-side down, add ~1 tbsp filling near the stem, fold sides over, and roll tightly into a small cylinder; repeat for all leaves. | Step 6: Arrange in Pot | Line a pot with a few grape leaves, arrange rolls seam-side down in tight layers, and drizzle with 1 tbsp lemon juice and 1 tsp olive oil. | Step 7: Steam Rolls | Add 500ml water to cover rolls, place a plate on top to weigh down, cover, and simmer on low for 50–60 minutes until rice is tender. | Step 8: Serve | Carefully remove rolls, let cool slightly, garnish with 1 tsp chopped parsley, and serve warm or at room temperature as a flavorful dinner.",https://res.cloudinary.com/duegxp0u0/image/upload/v1748524702/ukncovvddkbnccadvc0u.jpg
68395eeaa1f9120d4641a696,Quinoa & Lentil Khichdi (Protein Packed),lunch,desi,weight_loss,350.0,16.0,52.0,10.0,10.0,400.0,0.0,35,1,"Quinoa & Lentil Khichdi (Protein Packed) Quinoa & Lentil Khichdi (Protein Packed) Quinoa & Lentil Khichdi (Protein Packed) Quinoa Yellow Lentils (e.g., Moong Dal) Onion (chopped) Tomato (chopped) Cumin Powder Turmeric Powder Fresh Coriander (for garnish) Salt Oil desi","gluten_free,nut_free,egg_free,lactose_free,low_sodium,low_sugar,low_cholesterol,dairy_free","Quinoa (1/2 cup (85g, dry)); Yellow Lentils (e.g., Moong Dal) (1/2 cup (100g, dry)); Onion (chopped) (1 (100g)); Tomato (chopped) (1 (150g)); Cumin Powder (1 tsp (2g)); Turmeric Powder (1/2 tsp (1g)); Fresh Coriander (for garnish) (As needed (assumed 1 tbsp, 3g)); Salt (To taste (assumed 1 tsp, 3g)); Oil (1 tbsp (14g))","Step 1: Sauté the Ingredients: | Heat 1 tbsp oil in a pot. Add 1 chopped onion, 1 tsp ginger-garlic paste, and sauté until golden. Add 1 chopped tomato and cook until soft. | Step 2: Add Quinoa and Lentils: | Add 1/2 cup quinoa and 1/2 cup yellow lentils. Stir well to combine. | Step 3: Cook the Khichdi: | Add 4 cups water, 1 tsp cumin powder, 1/2 tsp turmeric powder, and salt. Cook for 20-25 minutes until the quinoa and lentils are tender. | Step 4: Check Consistency: | If the khichdi is too thick, add a little more water and cook for a few more minutes. | Step 5: Adjust Seasoning: | Taste and adjust the seasoning with more salt or spices if needed, and stir. | Step 6: Garnish: | Garnish the khichdi with fresh coriander leaves. | Step 7: Serve Hot: | Serve the khichdi hot, ideal for a wholesome meal. | Step 8: Enjoy: | Enjoy your nutritious and comforting quinoa-lentil khichdi with a side of yogurt or pickle.",https://res.cloudinary.com/duegxp0u0/image/upload/v1745169184/recipe_uploads/usgevgnzxmnkjzjuwypk.jpg
68395ecea1f9120d4641a527,Turkey & Avocado Wrap,snack,non_vegetarian,weight_loss,410.0,38.0,30.0,18.0,6.0,600.0,70.0,10,1,Turkey & Avocado Wrap Turkey & Avocado Wrap Turkey & Avocado Wrap Turkey breast Avocado Whole-grain wrap Spinach Lemon juice Black pepper non_vegetarian,"nut_free,egg_free,lactose_free,low_sugar,dairy_free",Turkey breast (150g); Avocado (½ (~70g)); Whole-grain wrap (1); Spinach (30g); Lemon juice (½ tsp); Black pepper (1 pinch),"Step 1: Prepare Avocado | Halve ½ avocado (~70g), remove the pit, scoop out the flesh, and mash with ½ tsp lemon juice. | Step 2: Prepare Turkey | Thinly slice 150g cooked turkey breast (deli or roasted) into strips. | Step 3: Prepare Spinach | Wash 30g spinach leaves, pat dry, and remove any tough stems. | Step 4: Warm Wrap | Optionally, warm 1 whole-grain wrap in a dry skillet for 10–15 seconds to make it pliable. | Step 5: Spread Avocado | Spread mashed avocado evenly over the entire surface of the wrap. | Step 6: Add Fillings | Layer turkey slices and spinach over the avocado, covering about two-thirds of the wrap. | Step 7: Roll Wrap | Tightly roll the wrap from the filled side, tucking in the edges as you go, then slice in half diagonally. | Step 8: Serve | Place wrap halves on a plate, sprinkle with a pinch of black pepper if desired, and serve fresh as a quick lunch.",https://res.cloudinary.com/duegxp0u0/image/upload/v1748524791/hckehnw4jnmsyp1dg8jv.jpg
68395ef0a1f9120d4641a72f,Beef Korma Biryani with Masala Raita,dinner,desi,weight_gain,670.0,30.0,60.0,25.0,2.0,1090.0,80.0,65,5,Beef Korma Biryani with Masala Raita Beef Korma Biryani with Masala Raita Beef Korma Biryani with Masala Raita Beef Basmati rice Onion Ginger garlic paste Whole spices Red chili powder Yogurt Salt Oil Cumin powder Water Coriander leaves Green chilies Garam masala Water desi,"nut_free,egg_free,low_sugar","Beef (500g); Basmati rice (2 cups); Onion (2, sliced); Ginger garlic paste (2 tbsp); Whole spices (1 tbsp); Red chili powder (1 tsp); Yogurt (1 cup); Salt (1 tsp); Oil (½ cup); Cumin powder (½ tsp); Water (as needed); Coriander leaves (2 tbsp, chopped); Green chilies (2, chopped); Garam masala (½ tsp); Water (4 cups (for rice))","Step 1: Gather Ingredients: Collect 3 tbsp oil, 2 sliced onions, 500g beef (cubed), 1 tbsp ginger-garlic paste, 1 tsp whole spices (cloves, cardamom), ½ cup yogurt, 1 tsp chili powder, 1 tsp salt, 2 cups basmati rice, 4 cups water, 1 cup yogurt, ½ tsp cumin powder, and ½ tsp garam masala (for raita). | Step 2: Fry Onions: Heat 3 tbsp oil in a pot over medium heat, add 2 sliced onions, and fry for 5-7 minutes until golden. | Step 3: Cook Beef: Add 500g beef, 1 tbsp ginger-garlic paste, and 1 tsp whole spices, cooking for 10-15 minutes until browned. | Step 4: Simmer with Yogurt: Stir in ½ cup yogurt, 1 tsp chili powder, 1 tsp salt, and 2 cups water, cover, and cook for 45-60 minutes until beef is tender. | Step 5: Prepare Rice: Boil 2 cups basmati rice in 4 cups water with a pinch of salt for 8-10 minutes until half-cooked, then drain. | Step 6: Layer and Cook: Layer the half-cooked rice over the beef korma, cover, and cook on low heat for 12-15 minutes until rice is fully done. | Step 7: Serve with Masala Raita: Mix 1 cup yogurt with ½ tsp cumin powder and ½ tsp garam masala, fluff the biryani, and serve hot with masala raita.",https://res.cloudinary.com/duegxp0u0/image/upload/v1746744854/wr5zffczkwp63uwukwms.jpg
68395ef0a1f9120d4641a74a,Chana Masala with Lachha Paratha,breakfast,desi,weight_gain,430.0,10.0,50.0,15.0,8.0,1080.0,0.0,45,1,Chana Masala with Lachha Paratha Chana Masala with Lachha Paratha Chana Masala with Lachha Paratha Boiled chickpeas Onion Tomato Chana masala Green chili Ginger Oil Salt Lachha paratha Water Coriander leaves Garlic Cumin seeds Whole wheat flour Water desi,"nut_free,egg_free,low_sugar","Boiled chickpeas (1 cup); Onion (1, chopped); Tomato (1, chopped); Chana masala (1 tbsp); Green chili (1); Ginger (1 tsp, julienned); Oil (1.5 tbsp); Salt (1 tsp); Lachha paratha (1 piece); Water (as needed); Coriander leaves (1 tbsp, chopped); Garlic (1 tsp, minced); Cumin seeds (½ tsp); Whole wheat flour (½ cup (for paratha)); Water (½ cup (for chana masala))","Step 1: Gather Ingredients: Collect 2 tbsp oil, 1 chopped onion, 2 tomatoes (chopped), 1 tbsp chana masala, 1 tsp salt, 1 green chili (chopped), 2 cups cooked chickpeas (or 1 can, drained), 1 tsp ginger (julienned), 2 cups whole wheat flour, 1 cup water (for dough), and 2 tbsp ghee (for paratha). | Step 2: Heat Oil: Heat 2 tbsp oil in a pan over medium heat for 1-2 minutes. | Step 3: Sauté Base: Add 1 chopped onion and sauté for 5-7 minutes until golden brown, then stir in 2 chopped tomatoes and cook for 5 minutes until soft and mushy. | Step 4: Add Spices: Mix in 1 tbsp chana masala, 1 tsp salt, and 1 chopped green chili, cooking for 1-2 minutes until aromatic. | Step 5: Simmer Chickpeas: Add 2 cups cooked chickpeas, stir well, add ½ cup water, and simmer for 10-15 minutes until the flavors meld and the gravy thickens. | Step 6: Knead Dough: In a bowl, knead 2 cups whole wheat flour with 1 cup water for 5-7 minutes into a soft dough, cover, and rest for 15 minutes. | Step 7: Make Lachha Paratha: Divide the dough into 4-6 balls, roll each into a thin circle, pleat into layers, roll aWeight Gain into a 6-7 inch circle, cook on a tawa with ½ tbsp ghee per side for 1-2 minutes until golden and flaky. | Step 8: Garnish and Serve: Garnish the chana masala with 1 tsp julienned ginger, plate it hot, and serve with the lachha paratha.",https://res.cloudinary.com/duegxp0u0/image/upload/v1746770523/jxuurybapnzz4nttguij.jpg
68395ecea1f9120d4641a53e,Smoked Salmon & Asparagus Omelette,breakfast,non_vegetarian,weight_loss,370.0,36.0,8.0,24.0,2.0,700.0,350.0,20,2,Smoked Salmon & Asparagus Omelette Smoked Salmon & Asparagus Omelette Smoked Salmon & Asparagus Omelette Eggs Smoked salmon Asparagus Butter Salt Black pepper Dill non_vegetarian,"gluten_free,nut_free,low_carb,low_sugar",Eggs (4); Smoked salmon (80g); Asparagus (100g); Butter (1 tsp); Salt (¼ tsp); Black pepper (¼ tsp); Dill (1 tsp (optional)),"Step 1: Blanch Asparagus | Trim 100g asparagus, boil in salted water for 2–3 minutes, then plunge into ice water and chop into 1-inch pieces. | Step 2: Prepare Salmon | Chop 80g smoked salmon into small pieces and set aside. | Step 3: Whisk Eggs | In a bowl, whisk 4 eggs with ¼ tsp salt and ¼ tsp black pepper until smooth. | Step 4: Heat Pan | Melt 1 tsp butter in a non-stick skillet over medium-low heat, ensuring it coats the pan evenly. | Step 5: Cook Omelette Base | Pour eggs into the skillet, swirling to spread evenly, and cook for 1–2 minutes until edges begin to set. | Step 6: Add Fillings | Sprinkle salmon and asparagus evenly over one half of the omelette, cooking for 1–2 minutes until eggs are mostly set. | Step 7: Fold and Finish | Fold the omelette in half over the fillings, cook for 1 minute, then slide onto a plate. | Step 8: Serve | Garnish with 1 tsp chopped dill, slice if desired, and serve immediately as a light breakfast.",https://res.cloudinary.com/duegxp0u0/image/upload/v1748524757/knnvjbglnxmyii2bmk7v.jpg
68395ef0a1f9120d4641a744,Shahi Mughlai Rice with Spiced Cashews,dinner,desi,weight_gain,430.0,5.0,55.0,15.0,3.0,1080.0,0.0,45,3,Shahi Mughlai Rice with Spiced Cashews Shahi Mughlai Rice with Spiced Cashews Shahi Mughlai Rice with Spiced Cashews Basmati rice Onion Tomatoes Ginger garlic paste Red chili powder Garam masala Cashews Almonds Raisins Salt Oil Saffron Milk Whole spices Water desi,"egg_free,low_sugar","Basmati rice (1 cup); Onion (1, chopped); Tomatoes (2, pureed); Ginger garlic paste (1 tsp); Red chili powder (1 tsp); Garam masala (½ tsp); Cashews (2 tbsp); Almonds (2 tbsp); Raisins (2 tbsp); Salt (1 tsp); Oil (2 tbsp); Saffron (pinch, soaked in warm milk); Milk (2 tbsp); Whole spices (1 tbsp); Water (2 cups (for rice))","Step 1: Gather Ingredients: Collect 2 tbsp oil, 1 sliced onion, 1 tbsp ginger-garlic paste, 2 tomatoes (pureed), 1 tsp red chili powder, 1 tsp garam masala, ½ tsp saffron (soaked in 2 tbsp warm milk), 1 tsp salt, 2 cups basmati rice, 4 cups water, 2 tbsp ghee, 2 tbsp cashews, 2 tbsp almonds, 1 tbsp raisins, and ½ tsp cumin seeds. | Step 2: Heat Oil: Heat 2 tbsp oil in a pot over medium heat for 1-2 minutes. | Step 3: Sauté Onions: Add 1 sliced onion and sauté for 5-7 minutes until golden brown. | Step 4: Cook Aromatics: Stir in 1 tbsp ginger-garlic paste and cook for 2 minutes until fragrant. | Step 5: Cook Tomato Base: Add 2 pureed tomatoes, 1 tsp red chili powder, 1 tsp garam masala, and 1 tsp salt, cooking for 5 minutes until the mixture thickens. | Step 6: Prepare Rice: Boil 2 cups basmati rice in 4 cups water with a pinch of salt for 10-12 minutes until fluffy, drain, then mix with the tomato base and saffron milk. | Step 7: Roast Spiced Nuts: In a small pan, heat 2 tbsp ghee, add ½ tsp cumin seeds, 2 tbsp cashews, 2 tbsp almonds, and 1 tbsp raisins, roasting for 2-3 minutes until golden and aromatic. | Step 8: Combine and Serve: Fold the spiced nuts into the rice, fluff gently, and serve the Shahi Mughlai rice hot.",https://res.cloudinary.com/duegxp0u0/image/upload/v1746770523/fh3jnp27hrm54qomwsj8.jpg
68395ef0a1f9120d4641a770,Chapli Kabab with Naan,snack,desi,weight_gain,480.0,25.0,40.0,20.0,5.0,1090.0,70.0,30,2,Chapli Kabab with Naan Chapli Kabab with Naan Chapli Kabab with Naan Ground beef Tomatoes Coriander Spices Naan Onion Green chili Red chili powder Whole wheat flour Oil desi,"nut_free,egg_free,low_sugar","Ground beef (250g); Tomatoes (1 chopped); Coriander (1 tbsp); Spices (to taste); Naan (1); Onion (1 small, chopped); Green chili (1, chopped); Red chili powder (½ tsp); Whole wheat flour (½ cup (for naan)); Oil (1 tbsp)","Step 1: Gather Ingredients: Collect 250g ground beef or mutton, 1 tbsp ginger-garlic paste, 1 tsp red chili flakes, 1 tsp ground pomegranate seeds (anardana), 1 tsp salt, 1 small onion (finely chopped), 2 tbsp oil, 2 cups all-purpose flour, 1 tsp yeast, ½ cup water, and 1 tbsp ghee. | Step 2: Mix Kabab Ingredients: Combine 250g ground meat with 1 tbsp ginger-garlic paste, 1 tsp red chili flakes, 1 tsp ground pomegranate seeds, 1 tsp salt, and 1 chopped onion in a bowl, mixing well. | Step 3: Shape Kababs: Divide the mixture into 6-8 portions, flatten each into thin, round chapli kababs, and rest for 15 minutes. | Step 4: Fry Kababs: Heat 2 tbsp oil in a pan over medium heat, fry kababs for 4-5 minutes per side until crispy and cooked through. | Step 5: Prepare Naan Dough: Mix 2 cups all-purpose flour with 1 tsp yeast, ½ cup water, and a pinch of salt, knead into a soft dough, and rest for 1 hour. | Step 6: Cook Naan: Divide dough into 4-6 balls, roll into 6-8 inch ovals, cook on a tawa for 2-3 minutes per side until puffed, and brush with 1 tbsp ghee. | Step 7: Serve Hot: Plate the crispy Peshawari chapli kababs and serve hot with warm naan.",https://res.cloudinary.com/duegxp0u0/image/upload/v1746813069/bocfqzwl4sjvndvv9aj2.jpg
68395ecea1f9120d4641a4fc,Grilled Fish with Lemon Herb Quinoa,lunch,non_vegetarian,weight_loss,420.0,44.0,35.0,15.0,5.0,400.0,60.0,35,2,Grilled Fish with Lemon Herb Quinoa Grilled Fish with Lemon Herb Quinoa Grilled Fish with Lemon Herb Quinoa White fish fillet Quinoa Lemon Parsley Olive oil Salt Black pepper Thyme non_vegetarian,"gluten_free,nut_free,egg_free,lactose_free,low_sodium,low_sugar,low_cholesterol,dairy_free",White fish fillet (200g); Quinoa (100g); Lemon (½ (~1 tbsp juice)); Parsley (10g); Olive oil (2 tsp); Salt (¼ tsp); Black pepper (¼ tsp); Thyme (½ tsp),"Step 1: Prepare Quinoa | Rinse 100g quinoa under cold water, then cook in 200ml water over medium heat for 12–15 minutes until fluffy; set aside. | Step 2: Preheat Grill | Heat a grill pan or outdoor grill to medium-high and lightly oil the grates with 1 tsp olive oil. | Step 3: Season Fish | Pat 200g white fish fillet (e.g., cod or tilapia) dry, then season with ¼ tsp salt, ¼ tsp black pepper, and ½ tsp dried thyme. | Step 4: Grill Fish | Grill fish for 3–4 minutes per side until it flakes easily with a fork (internal temp 145°F/63°C), then set aside. | Step 5: Chop Parsley | Finely chop 10g parsley leaves for the quinoa. | Step 6: Flavor Quinoa | In a bowl, mix cooked quinoa with parsley, juice of ½ lemon (~1 tbsp), 1 tsp olive oil, and a pinch of salt. | Step 7: Fluff Quinoa | Toss the quinoa mixture gently with a fork to combine flavors evenly. | Step 8: Serve | Plate the lemon herb quinoa, top with the grilled fish fillet, garnish with a lemon wedge if desired, and serve warm as a light dinner.",https://res.cloudinary.com/duegxp0u0/image/upload/v1748524702/kbmthbg8etbrmvid8m7q.jpg
68395eeaa1f9120d4641a6e3,Low-fats Boiled Kala Chana Chaat (Black Chickpeas),snack,desi,weight_loss,90.0,5.0,16.0,1.0,5.0,200.0,0.0,20,1,Low-fats Boiled Kala Chana Chaat (Black Chickpeas) Low-fats Boiled Kala Chana Chaat (Black Chickpeas) Low-fats Boiled Kala Chana Chaat (Black Chickpeas) Kala Chana Onions Tomatoes Salt Lemon Juice Chaat Masala Fresh Coriander desi,"gluten_free,nut_free,egg_free,lactose_free,low_sodium,low_sugar,low_fat,dairy_free","Kala Chana (1/2 cup (100g, cooked or canned, drained)); Onions (1/4 cup (40g, finely chopped)); Tomatoes (1/4 cup (40g, finely chopped)); Salt (To taste (assumed 1/4 tsp, 0.75g, not listed but implied)); Lemon Juice (As needed (assumed 1 tbsp, 15ml, not listed but implied for chaat flavor)); Chaat Masala (As needed (assumed 1/2 tsp, 1g, not listed but implied for chaat flavor)); Fresh Coriander (For garnish (assumed 1 tbsp, 3g, chopped, not listed but implied))","Step 1: Gather Ingredients: | Collect kala chana (black chickpeas), onions, tomatoes, green chilies, lemon juice, spices, and fresh coriander for garnishing. | Step 2: Boil the Kala Chana: | Rinse the black chickpeas thoroughly, then boil them in water until they are tender and cooked through. | Step 3: Prepare the Vegetables: | Chop onions, tomatoes, and green chilies into small pieces for mixing with the kala chana. | Step 4: Mix Ingredients: | In a large mixing bowl, combine the boiled kala chana with the chopped onions, tomatoes, green chilies, and a splash of lemon juice. | Step 5: Add Spices: | Sprinkle in your desired spices such as salt, cumin powder, and black pepper, and mix well. | Step 6: Stir Well: | Mix all the ingredients together until the flavors are well combined. | Step 7: Garnish with Fresh Coriander: | Finely chop fresh coriander leaves and sprinkle them over the mixture for added flavor and color. | Step 8: Serve: | Serve the kala chana salad chilled or at room temperature as a healthy snack or side dish.",https://res.cloudinary.com/duegxp0u0/image/upload/v1745169566/recipe_uploads/md0z0ghoucqajbbzml4u.jpg
68395eeaa1f9120d4641a692,"Homemade Chicken Shawarma (No Sauce, Only Spices)",lunch,desi,weight_loss,280.0,28.0,18.0,8.0,2.0,400.0,65.0,30,5,"Homemade Chicken Shawarma (No Sauce, Only Spices) Homemade Chicken Shawarma (No Sauce, Only Spices) Homemade Chicken Shawarma (No Sauce, Only Spices) Boneless Chicken (cut into strips) Yogurt Lemon Juice Garlic Powder Ground Cumin Paprika Red Chili Powder Fresh Vegetables (cucumber, tomatoes, onions) Salt Pita or Flatbread desi","nut_free,egg_free,low_sodium,low_sugar","Boneless Chicken (cut into strips) (500g); Yogurt (2 tbsp (30g)); Lemon Juice (1 tbsp (15ml)); Garlic Powder (1 tsp (3g)); Ground Cumin (1 tsp (2g)); Paprika (1 tsp (2g)); Red Chili Powder (1 tsp (2g)); Fresh Vegetables (cucumber, tomatoes, onions) (As needed (assumed 1 cup total, 150g)); Salt (To taste (assumed 1 tsp, 3g)); Pita or Flatbread (1 (assumed 50g))","Step 1: Marinate the Chicken: | Mix 2 tbsp yogurt, 1 tbsp lemon juice, 1 tsp garlic powder, 1 tsp ground cumin, 1 tsp paprika, 1 tsp red chili powder, and salt. Coat 500g boneless chicken (cut into strips) and marinate for at least 2 hours. | Step 2: Prepare the Grill: | Preheat the grill or pan to medium-high heat to ensure the chicken cooks evenly. | Step 3: Cook the Chicken: | Heat the grill or pan and cook the chicken for 10-12 minutes, flipping occasionally until cooked through and slightly charred. | Step 4: Rest the Chicken: | Remove the chicken from the grill or pan and let it rest for 5 minutes to retain its juices. | Step 5: Slice the Chicken: | Slice the cooked chicken into thin strips for easy assembly. | Step 6: Prepare the Shawarma: | Place the sliced chicken in a pita or flatbread. Add fresh vegetables, such as cucumber, tomatoes, and onions, for crunch and flavor. | Step 7: Add Sauces: | Optional: Drizzle with tahini, garlic sauce, or your favorite dressing for added richness. | Step 8: Serve: | Serve the shawarma with a side of hummus or a fresh salad for a complete meal.",https://res.cloudinary.com/duegxp0u0/image/upload/v1745169172/recipe_uploads/cebre4nnye4knupfpi4t.jpg
68395ef0a1f9120d4641a762,Spicy Chicken Pizza Naan,dinner,desi,weight_gain,480.0,25.0,40.0,20.0,5.0,1090.0,60.0,30,1,Spicy Chicken Pizza Naan Spicy Chicken Pizza Naan Spicy Chicken Pizza Naan Chicken tikka Mozzarella Pizza sauce Spices Naan Onion Green chili Tikka masala Coriander leaves Whole wheat flour desi,"nut_free,egg_free,low_sugar","Chicken tikka (150g); Mozzarella (1/2 cup); Pizza sauce (2 tbsp); Spices (to taste); Naan (1); Onion (1 small, sliced); Green chili (1, chopped); Tikka masala (1 tbsp); Coriander leaves (1 tbsp, chopped); Whole wheat flour (½ cup (for naan))","Step 1: Gather Ingredients: Collect 150g chicken (boneless, cubed), 1 tbsp oil, 1 tsp ginger-garlic paste, 1 tsp red chili powder, 1 tsp garam masala, 1 tsp salt, 2 tbsp tomato paste, 1 tbsp yogurt, 2 cups all-purpose flour, 1 tsp yeast, ½ cup water, 1 cup shredded mozzarella cheese, 1 small onion (sliced), and 1 tbsp ghee. | Step 2: Cook Chicken: Heat 1 tbsp oil in a pan over medium heat, add 1 tsp ginger-garlic paste, sauté for 1-2 minutes, then add 150g chicken, 1 tsp red chili powder, 1 tsp garam masala, and 1 tsp salt; cook for 7-10 minutes until fully cooked, then shred or chop finely. | Step 3: Prepare Sauce: In a bowl, mix 2 tbsp tomato paste with 1 tbsp yogurt, a pinch of red chili powder, and salt to taste, creating a spicy desi pizza sauce. | Step 4: Make Naan Dough: In a bowl, mix 2 cups all-purpose flour with 1 tsp yeast, ½ cup water, and a pinch of salt, knead into a soft dough, and rest for 1 hour. | Step 5: Shape Naan Base: Divide the dough into 2-4 balls, roll each into a 6-8 inch circle or oval, and cook on a tawa for 1-2 minutes per side until lightly puffed, then brush with 1 tbsp ghee. | Step 6: Preheat Oven: Preheat your oven to 200°C (400°F) for baking the pizza naan. | Step 7: Assemble Pizza: Place the naan bases on a baking tray, spread the spicy sauce evenly over each, layer with cooked chicken, sliced onion, and 1 cup shredded mozzarella cheese. | Step 8: Bake and Serve: Bake in the preheated oven for 5-7 minutes until the cheese melts and bubbles, then serve hot.",https://res.cloudinary.com/duegxp0u0/image/upload/v1746813068/qqc9215i03vfoftahjhp.jpg
68395eeaa1f9120d4641a62b,Grilled Mutton Chops with Lemon & Garlic,dinner,desi,weight_loss,260.0,22.0,4.0,18.0,1.0,400.0,80.0,40,2,Grilled Mutton Chops with Lemon & Garlic Grilled Mutton Chops with Lemon & Garlic Grilled Mutton Chops with Lemon & Garlic Mutton Chops Lemon Juice Garlic Cumin Coriander Black Pepper Garam Masala Salt Oil desi,"gluten_free,nut_free,egg_free,lactose_free,low_sodium,low_sugar,low_carb","Mutton Chops (200g); Lemon Juice (2 tbsp (30ml)); Garlic (1 tbsp (15g, minced)); Cumin (1/2 tsp (1g)); Coriander (1/2 tsp (1g)); Black Pepper (1/2 tsp (1g)); Garam Masala (1/2 tsp (1g)); Salt (To taste (assumed 1/2 tsp, 1.5g, not listed but implied)); Oil (As needed (assumed 1 tsp, 5g, for grilling/cooking, not listed but implied))","Step 1: Marinate the mutton chops: | Marinate mutton chops in lemon juice, garlic, and spices (cumin, coriander, black pepper, garam masala). | Step 2: Let the chops marinate: | Allow the mutton chops to marinate for at least 1-2 hours to absorb the flavors. | Step 3: Preheat the grill: | Preheat your grill to medium-high heat, ready for cooking. | Step 4: Grill the chops: | Place the marinated chops on the grill and cook until they are browned and cooked through. | Step 5: Check for doneness: | Check the chops' internal temperature or cut them to ensure they are cooked to your desired doneness. | Step 6: Rest the chops: | Allow the grilled mutton chops to rest for a few minutes to retain their juices. | Step 7: Prepare sides: | Prepare a fresh salad or steamed vegetables as a side dish to accompany the chops. | Step 8: Serve hot: | Serve the grilled mutton chops hot with the fresh salad or steamed vegetables.",https://res.cloudinary.com/duegxp0u0/image/upload/v1745169290/recipe_uploads/mulnrhyhmv2x1eziaeey.jpg
68395eeaa1f9120d4641a63c,Chicken Shorba (Thin Curry with No Extra Oil),dinner,desi,weight_loss,240.0,24.0,8.0,12.0,2.0,400.0,65.0,40,2,Chicken Shorba (Thin Curry with No Extra Oil) Chicken Shorba (Thin Curry with No Extra Oil) Chicken Shorba (Thin Curry with No Extra Oil) Chicken Breast Onion Garlic Ginger Tomatoes Cumin Coriander Turmeric Salt Oil desi,"gluten_free,nut_free,egg_free,lactose_free,low_sodium,low_sugar,low_carb","Chicken Breast (200g (boneless, cubed)); Onion (1 (100g, chopped)); Garlic (1 tbsp (15g, minced)); Ginger (1 tbsp (10g, grated)); Tomatoes (2 (300g, chopped)); Cumin (1/2 tsp (1g)); Coriander (1/2 tsp (1g)); Turmeric (1/2 tsp (1g)); Salt (To taste (assumed 1/2 tsp, 1.5g, not listed but implied)); Oil (As needed (assumed 1 tbsp, 14g, for cooking, not listed but implied))","Step 1: Sauté onions, ginger, and garlic: | Heat oil in a non-stick pan and sauté chopped onions, ginger, garlic, and chicken pieces until fragrant. | Step 2: Add tomatoes and spices: | Add chopped tomatoes and spices (cumin, coriander, turmeric), stirring to combine. | Step 3: Cook with water: | Pour in some water, then cover and cook until the chicken is tender and the gravy thickens. | Step 4: Simmer for flavor: | Simmer the mixture for a few more minutes, allowing the flavors to meld and the gravy to reduce to your liking. | Step 5: Season to taste: | Taste and adjust seasoning with salt, pepper, or additional spices if necessary. | Step 6: Garnish with coriander: | Once cooked, garnish with a generous sprinkle of fresh coriander leaves. | Step 7: Serve hot: | Serve the hot chicken curry with your choice of rice, naan, or any bread. | Step 8: Enjoy the meal: | Enjoy your flavorful chicken curry, paired with a refreshing drink or salad if desired.",https://res.cloudinary.com/duegxp0u0/image/upload/v1745169341/recipe_uploads/rbnusq71mddky7ygvli0.jpg
68395eeaa1f9120d4641a620,"Grilled Tandoori Chicken (No Butter, Minimal Oil)",dinner,desi,weight_loss,220.0,28.0,6.0,8.0,1.0,400.0,70.0,3,2,"Grilled Tandoori Chicken (No Butter, Minimal Oil) Grilled Tandoori Chicken (No Butter, Minimal Oil) Grilled Tandoori Chicken (No Butter, Minimal Oil) Greek Yogurt Lemon Juice Turmeric Powder Cumin Powder Coriander Powder Garam Masala Paprika Red Chili Powder Salt Chicken Breast (skinless) Olive Oil desi","gluten_free,nut_free,egg_free,low_sodium,low_sugar","Greek Yogurt (150g); Lemon Juice (1 tbsp (15ml)); Turmeric Powder (1/2 tsp (1g)); Cumin Powder (1 tsp (2g)); Coriander Powder (1 tsp (2g)); Garam Masala (1 tsp (2g)); Paprika (1 tsp (2g)); Red Chili Powder (1/2 tsp (1g)); Salt (To taste (assumed 1/2 tsp, 1.5g)); Chicken Breast (skinless) (200g (cubed or sliced)); Olive Oil (1/2 tsp (2.5g))","Step 1: Prepare the marinade: | In a mixing bowl, combine 150g Greek yogurt, 1 tbsp lemon juice, 1 tsp ginger-garlic paste, 1/2 tsp turmeric powder, 1 tsp cumin powder, 1 tsp coriander powder, 1 tsp garam masala, 1 tsp paprika, 1/2 tsp red chili powder, and salt to taste. Mix thoroughly to form a smooth marinade. | Step 2: Prep the chicken: | Take 200g of skinless chicken breast and make small shallow cuts on the surface to help the marinade penetrate better. | Step 3: Marinate the chicken: | Coat the chicken evenly with the prepared marinade. Cover the bowl and refrigerate for at least 2-3 hours or overnight for best flavor. | Step 4: Preheat the grill: | Preheat your grill to medium-high heat (around 375–400°F). Lightly brush the grill grates with 1/2 tsp olive oil to prevent the chicken from sticking. | Step 5: Grill the first side: | Place the marinated chicken on the preheated grill and cook for about 6-8 minutes on one side without moving it too much. | Step 6: Flip and finish grilling: | Flip the chicken and cook the other side for another 6-8 minutes, or until the internal temperature reaches 165°F and grill marks form. | Step 7: Rest the chicken: | Remove the chicken from the grill and let it rest for 5 minutes. This allows the juices to redistribute and keeps the chicken moist. | Step 8: Serve: | Serve the grilled chicken hot with a side of mint chutney and a fresh salad for a complete, flavorful meal.",https://res.cloudinary.com/duegxp0u0/image/upload/v1745169243/recipe_uploads/gjre11bl6ga1ajrqk4lj.jpg
68395ef0a1f9120d4641a780,Cholay Bhature,breakfast,desi,weight_gain,510.0,14.0,65.0,22.0,8.0,900.0,5.0,40,2,Cholay Bhature Cholay Bhature Cholay Bhature Chickpeas Onion Tomato Red chili powder Turmeric powder Cumin powder Coriander powder Chaat masala Salt Ginger garlic paste Oil Fresh cilantro Green chili Bhatura Baking soda Yogurt desi,"nut_free,egg_free,low_sugar",Chickpeas (200g); Onion (2 medium); Tomato (2 medium); Red chili powder (1 tsp); Turmeric powder (½ tsp); Cumin powder (½ tsp); Coriander powder (1 tsp); Chaat masala (½ tsp); Salt (1 tsp); Ginger garlic paste (1 tsp); Oil (4 tbsp); Fresh cilantro (2 tbsp); Green chili (1); Bhatura (4 pieces); Baking soda (¼ tsp); Yogurt (4 tbsp),"Step 1: Gather Ingredients: Collect 1 cup dried chickpeas, 2 tbsp oil, 1 onion (chopped), 1 tomato (chopped), 1 tbsp ginger-garlic paste, 1 tsp red chili powder, 1 tsp garam masala, 1 tsp salt, 2 cups all-purpose flour, 1 tsp yeast, ½ cup yogurt, ½ cup water, and oil (for frying). | Step 2: Soak Chickpeas: Rinse 1 cup dried chickpeas and soak in water overnight (8-10 hours), then drain. | Step 3: Cook Chickpeas: Boil soaked chickpeas in 4 cups water with a pinch of salt for 1-1.5 hours until tender, then drain, reserving ½ cup cooking water. | Step 4: Prepare Cholay: Heat 2 tbsp oil in a pan, sauté 1 chopped onion and 1 tbsp ginger-garlic paste for 5-7 minutes until golden; add 1 chopped tomato, 1 tsp red chili powder, 1 tsp garam masala, and 1 tsp salt, cooking for 5 minutes. | Step 5: Simmer Cholay: Add cooked chickpeas and reserved cooking water, simmer for 10-15 minutes until the masala thickens, stirring occasionally. | Step 6: Make Bhatura Dough: Mix 2 cups all-purpose flour with 1 tsp yeast, ½ cup yogurt, ½ cup water, and a pinch of salt; knead into a soft dough and rest for 1-2 hours. | Step 7: Fry Bhatura: Divide dough into 6-8 balls, roll into 5-6 inch circles, and deep-fry in hot oil over medium-high heat for 1-2 minutes per side until puffed and golden, then drain. | Step 8: Serve Hot: Plate the spicy cholay and serve hot with crispy bhatura.",https://res.cloudinary.com/duegxp0u0/image/upload/v1746813062/h2zwsiqunjvwx3ksbhoc.jpg
68395ecea1f9120d4641a524,Beef & Sweet Potato Shepherd's Pie,dinner,non_vegetarian,weight_gain,620.0,45.0,65.0,28.0,10.0,600.0,100.0,60,3,Beef & Sweet Potato Shepherd's Pie Beef & Sweet Potato Shepherd's Pie Beef & Sweet Potato Shepherd's Pie Ground beef Sweet potatoes Peas Carrots Olive oil Beef broth Garlic Thyme Salt Black pepper Milk Parsley non_vegetarian,"nut_free,egg_free,low_sugar",Ground beef (300g); Sweet potatoes (400g); Peas (100g); Carrots (100g); Olive oil (2 tsp); Beef broth (100ml); Garlic (1 clove); Thyme (½ tsp); Salt (¼ tsp); Black pepper (¼ tsp); Milk (1 tbsp (or water)); Parsley (1 tsp (optional)),"Step 1: Preheat Oven | Preheat the oven to 190°C and lightly grease a baking dish with 1 tsp olive oil. | Step 2: Prepare Sweet Potatoes | Peel and chop 400g sweet potatoes into chunks, boil in water for 15 minutes until soft, then drain. | Step 3: Mash Sweet Potatoes | Mash sweet potatoes with 1 tbsp milk (or water) and ¼ tsp black pepper until smooth, then set aside. | Step 4: Cook Beef | Heat 1 tbsp olive oil in a skillet over medium heat, add 300g ground beef, and cook for 5–6 minutes until browned, breaking it apart. | Step 5: Add Vegetables | Add 100g diced carrots, 100g peas, and 1 minced garlic clove to the beef, cooking for 4–5 minutes until vegetables soften. | Step 6: Season Filling | Stir in ½ tsp thyme, ¼ tsp salt, and 100ml beef broth, simmering for 5 minutes until slightly thickened. | Step 7: Assemble Pie | Spread the beef-vegetable mixture in the baking dish, top evenly with mashed sweet potatoes, smoothing with a spatula. | Step 8: Bake and Serve | Bake for 25–30 minutes until golden, let rest for 5 minutes, garnish with 1 tsp chopped parsley if desired, and serve warm as a hearty dinner.",https://res.cloudinary.com/duegxp0u0/image/upload/v1748524578/i66it86uyzotubm487dy.jpg
68395ed6a1f9120d4641a561,Turkish Delight Pudding,dinner,mediterranean,weight_gain,620.0,23.0,138.0,11.0,4.0,152.0,30.0,20,1,Turkish Delight Pudding Turkish Delight Pudding Turkish Delight Pudding Semolina Milk Sugar Rose water mediterranean,"nut_free,egg_free,low_sodium,low_cholesterol",Semolina (100g); Milk (300ml); Sugar (50g); Rose water (10ml),"Step 1: Measure Semolina | Measure 100g semolina and set aside for cooking. |  | Step 2: Heat Milk | Pour 300ml milk into a saucepan and warm over medium heat. |  | Step 3: Add Sugar | Stir in 50g sugar until fully dissolved in the milk. |  | Step 4: Add Semolina | Gradually whisk in the semolina to avoid lumps, stirring constantly. |  | Step 5: Cook Mixture | Reduce heat to low and cook for 15 minutes, stirring until thickened. |  | Step 6: Add Rose Water | Stir in 10ml rose water for flavor, mixing well. |  | Step 7: Cool Pudding | Remove from heat and let the pudding cool slightly in the pan. |  | Step 8: Serve Warm | Transfer to a bowl and serve warm as a sweet snack, optionally garnished with nuts.",https://res.cloudinary.com/duegxp0u0/image/upload/v1748524492/m1ppargfjfn4g1wbzjj4.jpg
68395ecea1f9120d4641a528,Beef & Mushroom Risotto,snack,non_vegetarian,weight_gain,590.0,48.0,70.0,22.0,4.0,700.0,100.0,50,2,Beef & Mushroom Risotto Beef & Mushroom Risotto Beef & Mushroom Risotto Beef tenderloin Mushrooms Arborio rice Parmesan cheese Olive oil Onion Garlic Beef broth Thyme Black pepper Parsley non_vegetarian,"nut_free,egg_free,low_sugar",Beef tenderloin (250g); Mushrooms (200g); Arborio rice (150g); Parmesan cheese (40g); Olive oil (3 tsp); Onion (50g); Garlic (1 clove); Beef broth (800ml); Thyme (½ tsp); Black pepper (¼ tsp); Parsley (1 tsp (optional)),"Step 1: Prepare Ingredients | Slice 200g mushrooms thinly, cut 250g beef tenderloin into ½-inch cubes, and finely chop 50g onion. | Step 2: Cook Beef | Heat 1 tsp olive oil in a skillet over medium-high heat, sear beef cubes for 2–3 minutes until browned, then remove and set aside. | Step 3: Sauté Mushrooms | In the same skillet, add 1 tsp olive oil, sauté mushrooms for 4–5 minutes until golden, then remove and set aside. | Step 4: Sauté Aromatics | In a large pot, heat 1 tbsp olive oil, add onion and 1 minced garlic clove, sauté for 2–3 minutes until softened. | Step 5: Toast Rice | Add 150g Arborio rice to the pot, stirring for 1–2 minutes until lightly toasted. | Step 6: Cook Risotto | Gradually add 800ml warm beef broth, 100ml at a time, stirring constantly, letting each addition absorb before adding more, for about 20–25 minutes until rice is creamy and al dente. | Step 7: Combine Ingredients | Stir in beef, mushrooms, 40g grated parmesan, and ½ tsp thyme, cooking for 2 minutes to heat through. | Step 8: Serve | Season with ¼ tsp black pepper, garnish with 1 tsp chopped parsley, and serve hot as a creamy dinner.",https://res.cloudinary.com/duegxp0u0/image/upload/v1748524578/h2bsyc0bmn9yx7t2s371.jpg
68395ecea1f9120d4641a529,Tuna & Chickpea Salad,snack,non_vegetarian,weight_loss,330.0,35.0,25.0,12.0,7.0,550.0,30.0,15,1,Tuna & Chickpea Salad Tuna & Chickpea Salad Tuna & Chickpea Salad Tuna (canned) Chickpeas (canned) Cherry tomatoes Red onion Olive oil Lemon juice Salt Black pepper Parsley non_vegetarian,"nut_free,egg_free,lactose_free,low_sugar,dairy_free",Tuna (canned) (120g); Chickpeas (canned) (100g); Cherry tomatoes (100g); Red onion (30g); Olive oil (1 tbsp); Lemon juice (1 tbsp); Salt (¼ tsp); Black pepper (¼ tsp); Parsley (5g),"Step 1: Prepare Tuna | Drain 120g canned tuna and flake it into a large mixing bowl. | Step 2: Prepare Chickpeas | Drain and rinse 100g canned chickpeas, then add to the bowl with tuna. | Step 3: Chop Vegetables | Halve 100g cherry tomatoes and finely slice 30g red onion. | Step 4: Combine Ingredients | Add tomatoes and onion to the bowl with tuna and chickpeas, tossing gently to mix. | Step 5: Make Dressing | In a small bowl, whisk 1 tbsp olive oil, 1 tbsp lemon juice, ¼ tsp salt, and ¼ tsp black pepper until combined. | Step 6: Dress Salad | Pour dressing over the salad mixture, tossing to coat evenly. | Step 7: Add Herbs | Chop 5g fresh parsley and sprinkle over the salad, mixing lightly. | Step 8: Serve | Spoon salad into bowls or onto plates, and serve chilled or at room temperature as a light snack.",https://res.cloudinary.com/duegxp0u0/image/upload/v1748524756/lhlnnmgadttw8gjsf88j.jpg
68395ef0a1f9120d4641a760,Chicken Pakora Wrap with Paratha,breakfast,desi,weight_gain,450.0,20.0,40.0,15.0,5.0,1090.0,50.0,40,1,Chicken Pakora Wrap with Paratha Chicken Pakora Wrap with Paratha Chicken Pakora Wrap with Paratha Chicken Besan Spices Paratha Yogurt dip Red chili powder Cumin powder Coriander leaves Mint Whole wheat flour Oil Ghee desi,"nut_free,egg_free,low_sugar","Chicken (150g); Besan (2 tbsp); Spices (to taste); Paratha (1); Yogurt dip (2 tbsp); Red chili powder (½ tsp); Cumin powder (½ tsp); Coriander leaves (1 tbsp, chopped); Mint (1 tbsp, chopped (for dip)); Whole wheat flour (½ cup (for paratha)); Oil (for frying); Ghee (1 tsp (for paratha))","Step 1: Gather Ingredients: Collect 150g chicken (boneless, cut into strips), ½ cup besan (gram flour), 1 tsp red chili powder, 1 tsp garam masala, 1 tsp salt, 1 tbsp ginger-garlic paste, water (for batter), oil (for frying), 2 cups whole wheat flour, ¾ cup water (for dough), 2 tbsp ghee, ¼ cup yogurt, and 1 tbsp mint chutney (for dip). | Step 2: Prepare Batter: In a bowl, mix ½ cup besan, 1 tsp red chili powder, 1 tsp garam masala, 1 tsp salt, and 1 tbsp ginger-garlic paste with enough water (about ¼ cup) to form a thick, smooth batter. | Step 3: Coat Chicken: Add 150g chicken strips to the batter, ensuring each piece is well-coated, and let it rest for 15-20 minutes. | Step 4: Heat Oil: Heat oil in a deep pan over medium-high heat (enough for deep frying) until hot (test with a drop of batter; it should sizzle and rise). | Step 5: Fry Pakoras: Fry the coated chicken strips in batches for 3-5 minutes until golden and crispy, then drain on paper towels. | Step 6: Knead Dough: In a bowl, mix 2 cups whole wheat flour with ¾ cup water, knead for 5-7 minutes into a soft dough, and rest for 15 minutes. | Step 7: Cook Paratha: Divide the dough into 4-6 balls, roll each into a large 8-9 inch circle, heat a tawa, and cook with ½ tbsp ghee per side for 1-2 minutes until golden. | Step 8: Wrap and Serve: Mix ¼ cup yogurt with 1 tbsp mint chutney for a dip; place a few chicken pakoras on each hot paratha, drizzle with the dip, roll tightly, and serve immediately.",https://res.cloudinary.com/duegxp0u0/image/upload/v1746813064/by1geflibehewg0re3mu.jpg
68395ed6a1f9120d4641a55f,Herbed Tomato Soup,breakfast,mediterranean,weight_loss,190.0,3.0,13.0,15.0,4.0,16.0,0.0,20,3,Herbed Tomato Soup Herbed Tomato Soup Herbed Tomato Soup Tomatoes Basil Garlic Olive oil mediterranean,"gluten_free,nut_free,egg_free,lactose_free,low_sodium,low_carb,low_sugar,low_cholesterol,dairy_free",Tomatoes (300g); Basil (10g); Garlic (1 clove); Olive oil (15ml),"Step 1: Prep Tomatoes | Wash 300g tomatoes and roughly chop them. |  | Step 2: Prep Garlic | Peel 1 garlic clove (about 3g) and mince finely. |  | Step 3: Prep Basil | Wash 10g basil leaves, remove stems, and roughly chop. |  | Step 4: Heat Oil | Heat 15ml olive oil in a saucepan over medium heat. |  | Step 5: Sauté Garlic | Add minced garlic and sauté for 30 seconds until fragrant. |  | Step 6: Blend Ingredients | Blend tomatoes, basil, and sautéed garlic until smooth. |  | Step 7: Simmer Soup | Pour the blended mixture into the saucepan and simmer for 15 minutes. |  | Step 8: Serve Hot | Season with a pinch of salt, stir, and serve warm as a lunch dish.",https://res.cloudinary.com/duegxp0u0/image/upload/v1748524315/px16xqj2t6k9l0id13zo.jpg
68395ebfa1f9120d4641a494,Egg & Avocado Boats,breakfast,keto,weight_loss,310.0,15.0,7.0,28.0,5.0,220.0,190.0,20,1,Egg & Avocado Boats Egg & Avocado Boats Egg & Avocado Boats Avocado Eggs Butter Chili flakes Salt keto,"gluten_free,nut_free,lactose_free,low_carb,low_sugar",Avocado (½ medium); Eggs (2); Butter (½ tbsp); Chili flakes (¼ tsp); Salt (to taste),"Step 1: Prep Avocado | Use ½ medium of avocado as the base. | Step 2: Prepare Eggs | Chop or measure 2 of eggs. | Step 3: Combine Ingredients | Mix the prepared ingredients in a bowl. | Step 4: Add Butter | Incorporate ½ tbsp of butter for flavor. | Step 5: Season | Add salt, pepper, or additional spices as needed. | Step 6: Set Aside | Chill or let the mixture rest for a few minutes if needed. | Step 7: Final Mix | Stir everything together to ensure even coating. | Step 8: Serve | Plate and enjoy your freshly prepared meal.",https://res.cloudinary.com/duegxp0u0/image/upload/v1748524024/xgzun0yum41shqoadla0.jpg
68395ef0a1f9120d4641a74d,Chicken Chapli Kabab with Roghni Naan,dinner,desi,weight_gain,450.0,20.0,40.0,15.0,3.0,1090.0,50.0,40,1,Chicken Chapli Kabab with Roghni Naan Chicken Chapli Kabab with Roghni Naan Chicken Chapli Kabab with Roghni Naan Minced chicken Onion Tomato Cornmeal Green chili Coriander Salt Ghee Roghni naan Ginger garlic paste Red chili powder Whole wheat flour Milk desi,"nut_free,egg_free,low_sugar",Minced chicken (1 cup); Onion (1 small); Tomato (1 small); Cornmeal (2 tbsp); Green chili (1); Coriander (1 tbsp); Salt (1 tsp); Ghee (1 tbsp); Roghni naan (1); Ginger garlic paste (1 tsp); Red chili powder (½ tsp); Whole wheat flour (½ cup (for naan)); Milk (1 tbsp (for naan)),"Step 1: Gather Ingredients: Collect 400g minced chicken, 1 small onion (finely chopped), 1 tomato (deseeded, finely chopped), 1 green chili (chopped), 1 tsp ginger-garlic paste, 1 tsp red chili powder, 1 tsp garam masala, 1 tsp salt, 2 tbsp ghee (for frying), 2 cups all-purpose flour, 1 tsp yeast, ½ cup milk, 1 tbsp sugar, and 2 tbsp ghee (for naan). | Step 2: Prepare Kabab Mixture: In a bowl, mix 400g minced chicken with 1 chopped onion, 1 chopped tomato, 1 chopped green chili, 1 tsp ginger-garlic paste, 1 tsp red chili powder, 1 tsp garam masala, and 1 tsp salt until well combined. | Step 3: Rest Mixture: Let the kabab mixture sit for 15-20 minutes to allow the flavors to meld. | Step 4: Shape Patties: Divide the mixture into 6-8 portions, shape each into a flat, round patty about ½ inch thick. | Step 5: Shallow Fry Kababs: Heat 2 tbsp ghee in a pan over medium heat, fry the patties for 3-4 minutes per side until golden brown and cooked through, then drain on paper towels. | Step 6: Prepare Roghni Naan Dough: In a bowl, mix 2 cups all-purpose flour with 1 tsp yeast, ½ cup milk, 1 tbsp sugar, and a pinch of salt, knead into a soft dough, and rest for 1 hour. | Step 7: Shape and Cook Naan: Divide the dough into 4-6 balls, roll into ovals, cook on a tawa or oven (250°C) for 2-3 minutes per side until golden, then brush with 2 tbsp ghee. | Step 8: Serve Hot: Plate the hot chicken chapli kababs and serve with the warm roghni naan.",https://res.cloudinary.com/duegxp0u0/image/upload/v1746772235/l3fmcp6tkbwns362qkfi.jpg
68395ef0a1f9120d4641a71e,Tandoori Beef Steak with Baked Potatoes,dinner,desi,weight_gain,435.0,25.0,20.0,15.0,3.0,1090.0,70.0,60,2,Tandoori Beef Steak with Baked Potatoes Tandoori Beef Steak with Baked Potatoes Tandoori Beef Steak with Baked Potatoes Beef steak Garlic paste Lemon juice Cumin powder Red chili powder Salt Butter Baked potato Oil Turmeric powder Ginger paste Black pepper Fresh coriander desi,"nut_free,egg_free,low_sugar","Beef steak (250g); Garlic paste (1 tsp); Lemon juice (1 tbsp); Cumin powder (½ tsp); Red chili powder (½ tsp); Salt (½ tsp); Butter (1 tbsp); Baked potato (1); Oil (1 tsp); Turmeric powder (¼ tsp); Ginger paste (½ tsp); Black pepper (¼ tsp); Fresh coriander (1 tbsp, chopped)","Step 1: Gather Ingredients: Collect 250g beef steak, 1 tbsp garlic paste, 1 tbsp lemon juice, 1 tsp cumin powder, 1 tsp red chili powder, 1 tsp salt, 2 tbsp butter, 4 medium potatoes, and 1 tbsp oil. | Step 2: Marinate Steak: Mix 1 tbsp garlic paste, 1 tbsp lemon juice, 1 tsp cumin powder, 1 tsp red chili powder, and 1 tsp salt, rub onto 250g beef steak, and marinate for 1 hour. | Step 3: Prepare Potatoes: Preheat oven to 200°C, pierce 4 potatoes with a fork, rub with 1 tbsp oil and a pinch of salt, and bake for 45 minutes. | Step 4: Heat Pan or Grill: Melt 2 tbsp butter in a grill pan or skillet over medium-high heat for 1-2 minutes. | Step 5: Cook Steak: Grill or pan-fry the steak for 4-6 minutes per side, depending on your preferred doneness. | Step 6: Check Potatoes: Ensure potatoes are soft inside with a crispy skin; remove from oven when done. | Step 7: Serve Hot: Plate the tandoori beef steak with baked potatoes, split open and topped with a pat of butter if desired.",https://res.cloudinary.com/duegxp0u0/image/upload/v1746778282/dmcq4g8btsgbbco502ea.jpg
68395ef0a1f9120d4641a75c,Masala Mutton Keema with Kalonji Roti,lunch,desi,weight_gain,480.0,20.0,40.0,20.0,5.0,1090.0,60.0,45,2,Masala Mutton Keema with Kalonji Roti Masala Mutton Keema with Kalonji Roti Masala Mutton Keema with Kalonji Roti Minced mutton Onion Tomato Spices Oil Kalonji roti Ginger garlic paste Red chili powder Turmeric Coriander powder Garam masala Salt Green chili Fresh coriander Water Whole wheat flour Kalonji seeds Ghee desi,"nut_free,egg_free,low_sugar","Minced mutton (200g); Onion (1); Tomato (1); Spices (to taste); Oil (2 tbsp); Kalonji roti (1); Ginger garlic paste (1 tbsp); Red chili powder (1 tsp); Turmeric (1/4 tsp); Coriander powder (1 tsp); Garam masala (1/2 tsp); Salt (1 tsp); Green chili (1, chopped); Fresh coriander (1 tbsp, chopped); Water (as needed); Whole wheat flour (1/2 cup); Kalonji seeds (1/2 tsp); Ghee (1 tsp)","Step 1: Gather Ingredients: Collect 200g minced mutton, 2 tbsp oil, 1 chopped onion, 1 tbsp ginger-garlic paste, 2 tomatoes (chopped), 1 tsp red chili powder, 1 tsp garam masala, 1 tsp salt, 2 tbsp coriander (chopped), 2 cups whole wheat flour, ¾ cup water (for dough), 1 tsp kalonji (nigella seeds), and 1 tbsp ghee. | Step 2: Heat Oil: Heat 2 tbsp oil in a pan over medium heat for 1-2 minutes. | Step 3: Fry Onions: Add 1 chopped onion and sauté for 5-7 minutes until golden brown. | Step 4: Add Aromatics: Stir in 1 tbsp ginger-garlic paste, cooking for 1-2 minutes until fragrant. | Step 5: Cook Tomatoes and Spices: Add 2 chopped tomatoes, 1 tsp red chili powder, 1 tsp garam masala, and 1 tsp salt, cooking for 5-7 minutes until the tomatoes break down into a thick masala. | Step 6: Cook Keema: Add 200g minced mutton, breaking it apart with a spoon, and cook for 15-20 minutes, stirring occasionally, until the keema is dry, flavorful, and fully cooked. | Step 7: Prepare Kalonji Roti Dough: In a bowl, mix 2 cups whole wheat flour with ¾ cup water and 1 tsp kalonji seeds, knead into a soft dough, rest for 15 minutes, roll into 4-6 circles, and cook on a tawa with ½ tbsp ghee per side for 1-2 minutes until lightly browned. | Step 8: Garnish and Serve: Sprinkle 2 tbsp chopped coriander over the masala mutton keema, plate it hot, and serve with warm kalonji roti.",https://res.cloudinary.com/duegxp0u0/image/upload/v1746813060/diw9ihmniegrkta7petf.jpg
68395ec7a1f9120d4641a4c3,Stuffed Zucchini Boats,dinner,vegetarian,weight_gain,470.0,22.0,50.0,25.0,8.0,600.0,20.0,50,2,Stuffed Zucchini Boats Stuffed Zucchini Boats Stuffed Zucchini Boats Zucchini Quinoa Mushrooms Parmesan Olive oil Garlic powder Salt vegetarian,"gluten_free,nut_free,egg_free,low_sugar,low_cholesterol",Zucchini (4); Quinoa (150g); Mushrooms (150g); Parmesan (50g); Olive oil (4 tsp); Garlic powder (1 tsp); Salt (1/2 tsp),"Step 1: Preheat Oven | Preheat the oven to 180°C and line a baking dish with parchment paper. | Step 2: Prepare Zucchini | Cut 4 zucchini lengthwise, scoop out the centers with a spoon to create boats, and set aside. | Step 3: Cook Quinoa | Rinse 150g quinoa, cook in 300ml water for 15 minutes, then fluff with a fork and cool slightly. | Step 4: Prepare Mushrooms | Clean and finely chop 150g mushrooms (e.g., cremini or button). | Step 5: Sauté Mushrooms | Heat 1 tbsp olive oil in a skillet, add mushrooms, and sauté for 5–7 minutes until softened. | Step 6: Mix Filling | In a bowl, combine cooked quinoa, sautéed mushrooms, 50g grated Parmesan, 1 tsp garlic powder, and 1/2 tsp salt. | Step 7: Stuff Zucchini | Spoon the quinoa-mushroom mixture evenly into the zucchini boats, pressing gently to fill. | Step 8: Bake and Serve | Place stuffed zucchini in the baking dish, bake for 30 minutes until tender, drizzle with 1 tsp olive oil if desired, and serve warm.",https://res.cloudinary.com/duegxp0u0/image/upload/v1748525397/hcrwow7yvczpvxrh2wsg.jpg
68395ef0a1f9120d4641a736,Methi Chicken Pulao with Raita,dinner,desi,weight_gain,620.0,30.0,60.0,20.0,3.0,1090.0,80.0,65,5,Methi Chicken Pulao with Raita Methi Chicken Pulao with Raita Methi Chicken Pulao with Raita Chicken Basmati rice Fresh fenugreek (methi) Onion Tomato Ginger garlic paste Red chili powder Turmeric Whole spices Salt Oil Raita Yogurt Cucumber Water Coriander leaves Cumin seeds Water desi,"nut_free,egg_free,low_sugar","Chicken (500g); Basmati rice (2 cups); Fresh fenugreek (methi) (1 cup, chopped); Onion (1, sliced); Tomato (1, chopped); Ginger garlic paste (1 tbsp); Red chili powder (½ tsp); Turmeric (¼ tsp); Whole spices (1 tbsp); Salt (1 tsp); Oil (3 tbsp); Raita (for serving); Yogurt (½ cup); Cucumber (¼ cup, grated); Water (as needed); Coriander leaves (2 tbsp, chopped); Cumin seeds (½ tsp); Water (4 cups (for rice))","Step 1: Gather Ingredients: Collect 2 tbsp oil, 1 sliced onion, 1 tbsp ginger-garlic paste, 2 chopped tomatoes, 1 tsp red chili powder, 1 tsp garam masala, 1 tsp salt, 500g chicken (cubed), 1 cup fresh methi (fenugreek leaves, chopped), 2 cups basmati rice, 4 cups water, 1 cup yogurt, and 1 tsp cumin powder (for raita). | Step 2: Fry Onions: Heat 2 tbsp oil in a pot over medium heat, add 1 sliced onion, and fry for 5-7 minutes until golden. | Step 3: Cook Base: Stir in 1 tbsp ginger-garlic paste, 2 chopped tomatoes, 1 tsp red chili powder, and 1 tsp garam masala, cooking for 5-7 minutes until soft. | Step 4: Cook Chicken: Add 500g chicken and 1 tsp salt, cooking for 15-20 minutes until tender. | Step 5: Add Methi: Mix in 1 cup chopped fresh methi leaves, sautéing for 2-3 minutes until fragrant. | Step 6: Cook Pulao: Add 2 cups basmati rice and 4 cups water, bring to a boil, then reduce heat, cover, and cook for 12-15 minutes until rice is done. | Step 7: Serve with Raita: Mix 1 cup yogurt with 1 tsp cumin powder and a pinch of salt, fluff the pulao, and serve hot with raita on the side.",https://res.cloudinary.com/duegxp0u0/image/upload/v1746744853/tmjrff2yq7v0prpkzovk.jpg
68395ef0a1f9120d4641a772,Fried Fish with Tartar Sauce,dinner,desi,weight_gain,340.0,20.0,10.0,20.0,2.0,1080.0,40.0,40,2,Fried Fish with Tartar Sauce Fried Fish with Tartar Sauce Fried Fish with Tartar Sauce Boneless fish Gram flour Spices Oil Tartar sauce Red chili powder Lemon juice Coriander leaves Mayonnaise Pickle desi,"nut_free,low_sugar,low_carb","Boneless fish (200g); Gram flour (3 tbsp); Spices (to taste); Oil (for frying); Tartar sauce (2 tbsp); Red chili powder (½ tsp); Lemon juice (1 tbsp); Coriander leaves (1 tbsp, chopped); Mayonnaise (1 tbsp (for tartar sauce)); Pickle (1 tsp, chopped (for tartar sauce))","Step 1: Gather Ingredients: Collect 200g fish fillets (e.g., cod or haddock), ½ cup gram flour (besan), 1 tsp red chili powder, 1 tsp cumin powder, 1 tsp salt, 1 tbsp lemon juice, oil (for frying), ½ cup mayonnaise, 1 tbsp pickle relish, and 1 tsp garlic paste. | Step 2: Prepare Fish: Rinse 200g fish fillets, pat dry, and cut into medium-sized pieces. | Step 3: Marinate Fish: Mix ½ cup gram flour, 1 tsp red chili powder, 1 tsp cumin powder, 1 tsp salt, and 1 tbsp lemon juice with a splash of water to form a thick paste; coat fish pieces and marinate for 30 minutes. | Step 4: Heat Oil: Heat oil in a deep pan over medium-high heat until hot (test with a pinch of batter; it should sizzle). | Step 5: Fry Fish: Fry the marinated fish pieces in batches for 3-4 minutes per side until golden and crispy, then drain on paper towels. | Step 6: Make Tartar Sauce: Mix ½ cup mayonnaise, 1 tbsp pickle relish, 1 tsp garlic paste, and a pinch of salt until smooth. | Step 7: Serve Hot: Plate the Lahori fried fish and serve hot with tartar sauce on the side.",https://res.cloudinary.com/duegxp0u0/image/upload/v1746813065/hbuyazvihmcwea6c2kxz.jpg
68395ecea1f9120d4641a537,Lamb and Apricot Tagine,dinner,non_vegetarian,weight_gain,650.0,55.0,60.0,30.0,8.0,600.0,140.0,120,4,Lamb and Apricot Tagine Lamb and Apricot Tagine Lamb and Apricot Tagine Lamb shoulder Dried apricots Onions Ras el hanout Olive oil Garlic Chicken broth Honey Salt Cilantro non_vegetarian,"nut_free,egg_free,lactose_free,dairy_free",Lamb shoulder (400g); Dried apricots (100g); Onions (200g); Ras el hanout (2 tbsp); Olive oil (1 tbsp); Garlic (1 clove); Chicken broth (300ml); Honey (1 tbsp); Salt (¼ tsp); Cilantro (1 tsp (optional)),"Step 1: Prepare Lamb | Cut 400g lamb shoulder into 1-inch cubes and pat dry with paper towels. | Step 2: Brown Lamb | Heat 1 tbsp olive oil in a large pot or tagine over medium-high heat, add lamb, and brown for 5–6 minutes, then remove and set aside. | Step 3: Cook Onions | Add 200g sliced onions to the pot, sauté for 4–5 minutes until softened and golden. | Step 4: Add Spices | Stir in 2 tbsp ras el hanout and 1 minced garlic clove, cooking for 1 minute until fragrant. | Step 5: Add Apricots | Chop 100g dried apricots into halves, add to the pot, and stir to combine. | Step 6: Combine Ingredients | Return lamb to the pot, add 300ml chicken broth and 1 tbsp honey, stirring to mix. | Step 7: Slow-Cook Tagine | Bring to a simmer, cover, and cook on low heat for 1.5–2 hours, stirring occasionally, until lamb is tender and flavors meld. | Step 8: Serve | Adjust seasoning with ¼ tsp salt, garnish with 1 tsp chopped cilantro, and serve hot with couscous or bread as a rich dinner.",https://res.cloudinary.com/duegxp0u0/image/upload/v1748524701/mmytqpe7zuwibqznz2xy.jpg
68395ebfa1f9120d4641a48c,Beef & Bone Marrow Soup,dinner,keto,weight_gain,650.0,28.0,4.0,24.0,1.0,450.0,100.0,180,1,Beef & Bone Marrow Soup Beef & Bone Marrow Soup Beef & Bone Marrow Soup Beef shank Bone marrow Celery Thyme Olive oil Salt Parsley keto,"gluten_free,nut_free,egg_free,low_carb,low_sugar,dairy_free",Beef shank (150g); Bone marrow (50g); Celery (50g); Thyme (½ tsp); Olive oil (½ tbsp); Salt (⅛ tsp); Parsley (½ tsp (optional)),"Step 1: Prep Beef | Season 150g beef shank with ⅛ tsp salt. | Step 2: Sear Beef | In a pot, sear beef shank in ½ tbsp olive oil for 3–4 minutes per side, set aside. | Step 3: Add Marrow | Add 50g bone marrow to pot, cook for 2 minutes until softened. | Step 4: Add Vegetables | Chop 50g celery, add to pot with ½ tsp thyme, sauté for 3 minutes. | Step 5: Simmer Soup | Return beef to pot, add 250ml water, simmer covered for 2.5–3 hours until tender. | Step 6: Shred Beef | Remove beef, shred, return to soup. | Step 7: Garnish | Sprinkle with ½ tsp chopped parsley. | Step 8: Serve | Serve hot as a rich dinner.",https://res.cloudinary.com/duegxp0u0/image/upload/v1746967249/hf83bhisk6wloybrgt8v.jpg
68395eeaa1f9120d4641a5f3,Brown Rice & Lentil Idli,breakfast,desi,weight_loss,220.0,7.0,38.0,4.0,4.0,200.0,0.0,30,2,Brown Rice & Lentil Idli Brown Rice & Lentil Idli Brown Rice & Lentil Idli Brown Rice Urad Dal (Split Black Gram) Fenugreek Powder Baking Soda Oil Salt Coriander Leaves Mint Leaves Green Chili Ginger Lemon Juice Salt desi,"gluten_free,nut_free,egg_free,lactose_free,low_sodium,low_sugar,low_cholesterol,dairy_free","Brown Rice (1 cup (185g, dry)); Urad Dal (Split Black Gram) (1/2 cup (100g, dry)); Fenugreek Powder (a pinch (0.2g)); Baking Soda (a pinch (0.5g, optional)); Oil (for greasing (assumed 2g, ~1/2 tsp)); Salt (to taste (1g)); Coriander Leaves (1/2 cup (20g)); Mint Leaves (1/4 cup (10g)); Green Chili (1 (5g)); Ginger (1/2 inch (5g)); Lemon Juice (a splash (5ml)); Salt (to taste (0.5g))","Step 1: Prepare the ingredients: | Wash 1 cup brown rice and 1/2 cup urad dal (split black gram) separately. Soak them in water for 4-6 hours, then drain and set aside. | Step 2: Grind the batter: | Grind urad dal with 1/4 cup water into a smooth, fluffy paste. Grind brown rice with 1/4 cup water into a slightly coarse paste. Mix both in a large bowl. | Step 3: Add seasonings: | Add a pinch of fenugreek powder and salt to taste. Mix well to form a smooth batter. | Step 4: Ferment the batter: | Cover the bowl and leave it in a warm place for 8-10 hours or overnight. The batter should rise and turn slightly frothy. | Step 5: Prepare for steaming: | Gently stir the fermented batter. Optionally, add a pinch of baking soda and mix. Grease idli molds with oil. | Step 6: Steam the idlis: | Pour batter into the molds, filling each 3/4 full. Steam for 10-12 minutes on medium heat. Let cool for 5 minutes before removing. | Step 7: Prepare the chutney (optional): | Blend 1/2 cup coriander, 1/4 cup mint, 1 green chili, 1/2 inch ginger, and a pinch of salt into a smooth paste. Add lemon juice. | Step 8: Serve: | Serve the hot idlis with coriander-mint chutney or a portion of sambar.",https://res.cloudinary.com/duegxp0u0/image/upload/v1745168971/recipe_uploads/eglw5vddlikq5gjzfd4c.jpg
68395eeaa1f9120d4641a63a,"Baked Mutton Koftas (Meatballs, No Frying)",dinner,desi,weight_loss,280.0,20.0,4.0,20.0,1.0,400.0,70.0,40,2,"Baked Mutton Koftas (Meatballs, No Frying) Baked Mutton Koftas (Meatballs, No Frying) Baked Mutton Koftas (Meatballs, No Frying) Minced Mutton Onion Garlic Coriander Cumin Chili Powder Salt Oil desi","gluten_free,nut_free,egg_free,lactose_free,low_sodium,low_sugar,low_carb,dairy_free","Minced Mutton (200g); Onion (1 small (70g, chopped)); Garlic (1 tbsp (15g, minced)); Coriander (1/2 tsp (1g)); Cumin (1/2 tsp (1g)); Chili Powder (1/2 tsp (1g)); Salt (To taste (assumed 1/2 tsp, 1.5g, not listed but implied)); Oil (As needed (assumed 1 tbsp, 14g, for cooking, not listed but implied))","Step 1: Mix the ingredients: | Mix minced mutton with onions, garlic, coriander, and spices like cumin, garam masala, and black pepper. | Step 2: Shape the meatballs: | Shape the mixture into meatballs of your desired size and place them on a baking sheet. | Step 3: Preheat the oven: | Preheat the oven to 180°C to ensure it reaches the desired temperature. | Step 4: Bake the meatballs: | Place the meatballs in the oven and bake for 20-25 minutes until they are cooked through and lightly browned on the outside. | Step 5: Check for doneness: | Make sure the meatballs are fully cooked by checking that they are no longer pink inside. | Step 6: Rest the meatballs: | Remove the meatballs from the oven and let them rest for a few minutes before serving. | Step 7: Prepare the side dish: | Prepare a side of yogurt or a fresh salad to complement the meatballs. | Step 8: Serve: | Serve the meatballs hot with yogurt or a fresh salad for a delicious meal.",https://res.cloudinary.com/duegxp0u0/image/upload/v1745169338/recipe_uploads/yphcjhfsxlpyatrxp0qu.jpg
68395ebfa1f9120d4641a480,Keto Avocado Smoothie,snack,keto,weight_loss,310.0,18.0,8.0,25.0,5.0,100.0,0.0,10,1,Keto Avocado Smoothie Keto Avocado Smoothie Keto Avocado Smoothie Avocado Coconut milk Protein powder Ice Erythritol Cinnamon keto,"gluten_free,nut_free,egg_free,low_carb,low_sugar,dairy_free",Avocado (½ (~70g)); Coconut milk (200ml); Protein powder (1 scoop (~25g)); Ice (1 cup); Erythritol (pinch (optional)); Cinnamon (pinch (optional)),"Step 1: Prep Avocado | Scoop flesh from ½ avocado (~70g) into a blender. | Step 2: Add Ingredients | Add 200ml coconut milk, 1 scoop protein powder (~25g, unsweetened), and 1 cup ice. | Step 3: Blend Smoothie | Blend on high for 30–60 seconds until smooth and creamy. | Step 4: Check Texture | Ensure smoothie is thick but pourable. | Step 5: Adjust Flavor | Add a pinch of erythritol if needed, blend again. | Step 6: Season Drink | Sprinkle a pinch of cinnamon for warmth. | Step 7: Serve Prep | Pour into a chilled glass. | Step 8: Serve | Serve cold as a quick breakfast.",https://res.cloudinary.com/duegxp0u0/image/upload/v1748524023/mkydittzz6pynmzq3hhp.jpg
68395ecea1f9120d4641a540,Turkey & Hummus Pinwheels,snack,non_vegetarian,weight_loss,320.0,32.0,25.0,12.0,5.0,600.0,50.0,15,1,Turkey & Hummus Pinwheels Turkey & Hummus Pinwheels Turkey & Hummus Pinwheels Turkey slices Hummus Whole-wheat tortilla Spinach Black pepper Oregano non_vegetarian,"nut_free,egg_free,low_sugar",Turkey slices (120g); Hummus (60g); Whole-wheat tortilla (1); Spinach (30g); Black pepper (pinch); Oregano (¼ tsp),"Step 1: Prepare Tortilla | Lay 1 whole-wheat tortilla flat on a clean surface or cutting board. | Step 2: Spread Hummus | Evenly spread 60g hummus over the entire surface of the tortilla, leaving a small border around the edges. | Step 3: Add Turkey | Arrange 120g turkey slices in a single layer over the hummus, covering most of the tortilla. | Step 4: Add Spinach | Scatter 30g fresh spinach leaves evenly over the turkey slices. | Step 5: Season Lightly | Sprinkle a pinch of black pepper and ¼ tsp dried oregano over the spinach for added flavor. | Step 6: Roll Tortilla | Starting from one edge, tightly roll the tortilla into a log, ensuring the filling stays in place. | Step 7: Slice Pinwheels | Using a sharp knife, slice the rolled tortilla into 1-inch thick pinwheels, yielding about 6–8 pieces. | Step 8: Serve | Arrange pinwheels on a plate, secure with toothpicks if needed, and serve chilled or at room temperature as a quick snack.",https://res.cloudinary.com/duegxp0u0/image/upload/v1748524791/xevzqnnam4866sfik4t3.jpg
68395ef0a1f9120d4641a6f4,Grilled Chicken Malai Tikka with Roti,dinner,desi,weight_gain,487.0,25.0,30.0,15.0,2.0,1090.0,80.0,45,5,Grilled Chicken Malai Tikka with Roti Grilled Chicken Malai Tikka with Roti Grilled Chicken Malai Tikka with Roti Boneless chicken Yogurt Fresh cream Green chilies Lemon juice Salt White pepper Butter Roti Cumin powder Cornflour Garam masala Oil desi,"nut_free,egg_free,low_sugar,low_carb","Boneless chicken (500g); Yogurt (½ cup); Fresh cream (¼ cup); Green chilies (2, chopped); Lemon juice (1 tbsp); Salt (1 tsp); White pepper (½ tsp); Butter (1 tbsp); Roti (4 pieces); Cumin powder (½ tsp); Cornflour (1 tsp); Garam masala (¼ tsp); Oil (1 tbsp)","Step 1: Gather the Ingredients: Collect 500g boneless chicken, ½ cup yogurt, ¼ cup cream, 1 tbsp ginger-garlic paste, 2 chopped green chilies, 1 tbsp lemon juice, 1 tsp salt, ½ tsp white pepper, 2 tbsp butter, and tandoori roti for serving. | Step 2: Prepare the Marinade: In a large bowl, combine ½ cup yogurt, ¼ cup cream, 1 tbsp ginger-garlic paste, 2 chopped green chilies, 1 tbsp lemon juice, 1 tsp salt, and ½ tsp white pepper, mixing until smooth. | Step 3: Marinate the Chicken: Add 500g boneless chicken pieces to the marinade, coating them well, then cover and refrigerate for 2-3 hours to let the flavors soak in. | Step 4: Preheat the Grill: Heat your grill (or a grill pan) to medium-high, about 10 minutes before cooking, ensuring it’s ready for even grilling. | Step 5: Prepare the Grill Surface: Brush the grill grates or pan with 2 tbsp melted butter to prevent sticking and add a rich flavor to the tikka. | Step 6: Grill the Chicken: Place the marinated chicken pieces on the grill and cook for 15 minutes, turning occasionally, until charred and fully cooked through. | Step 7: Check for Doneness: Ensure the chicken is juicy and tender with a golden exterior; cut into a piece to confirm it’s no longer pink inside. | Step 8: Serve with Tandoori Roti: Remove the chicken from the grill, plate it hot, and serve alongside warm tandoori roti for a creamy, smoky meal.",https://res.cloudinary.com/duegxp0u0/image/upload/v1746775920/fu4r00kktkncy0mhwx3a.jpg
68395ef0a1f9120d4641a70e,Egg & Cheese Keema Wrap,breakfast,desi,weight_gain,405.0,20.0,20.0,15.0,3.0,1090.0,100.0,35,2,Egg & Cheese Keema Wrap Egg & Cheese Keema Wrap Egg & Cheese Keema Wrap Minced beef Egg Cheese Onion Garlic paste Ghee Salt Red chili powder Turmeric powder Whole wheat wrap Whole wheat flour Water Ginger paste Coriander leaves Garam masala desi,"nut_free,low_sugar","Minced beef (200g); Egg (1, beaten); Cheese (2 tbsp, grated); Onion (1 small, chopped); Garlic paste (1 tsp); Ghee (1 tbsp); Salt (½ tsp); Red chili powder (¼ tsp); Turmeric powder (¼ tsp); Whole wheat wrap (1); Whole wheat flour (¼ cup); Water (2 tbsp); Ginger paste (½ tsp); Coriander leaves (1 tbsp, chopped); Garam masala (¼ tsp)","Step 1: Gather the Ingredients: Collect 2 tbsp ghee, 1 chopped onion, 1 tsp garlic paste, 200g minced beef, 1 tsp salt, 2 eggs (beaten), ½ cup shredded cheese, 4 whole wheat wraps, and optional spices like black pepper or cumin. | Step 2: Heat the Ghee: Melt 2 tbsp ghee in a pan over medium heat for 1-2 minutes until hot and fragrant. | Step 3: Sauté the Onions: Add 1 chopped onion and sauté for 5-7 minutes, stirring occasionally, until golden brown. | Step 4: Cook the Keema: Stir in 1 tsp garlic paste and 200g minced beef, cooking for 8-10 minutes until the beef is browned and fully cooked. | Step 5: Season the Keema: Add 1 tsp salt (and optional spices if desired), mix well, and cook for an additional 5 minutes to enhance the flavor. | Step 6: Scramble the Eggs: In a separate pan, heat a little ghee, pour in 2 beaten eggs, and scramble for 2-3 minutes until fully cooked. | Step 7: Combine and Add Cheese: Mix the scrambled eggs into the cooked keema, sprinkle ½ cup shredded cheese on top, and stir until the cheese melts slightly. | Step 8: Assemble and Serve: Warm 4 whole wheat wraps, spoon the egg and cheese keema mixture into each, roll tightly, and serve hot.",https://res.cloudinary.com/duegxp0u0/image/upload/v1746775921/eqrz1phzjepqo3yznqgr.jpg
68395ef0a1f9120d4641a777,Beef Haleem with Fried Onions & Lemon,dinner,desi,weight_gain,460.0,22.0,40.0,24.0,6.0,850.0,60.0,40,4,Beef Haleem with Fried Onions & Lemon Beef Haleem with Fried Onions & Lemon Beef Haleem with Fried Onions & Lemon Beef Wheat Lentils Red chili powder Turmeric powder Cumin powder Coriander powder Garam masala Salt Ginger garlic paste Onion Fried onions Oil Fresh cilantro Green chili Lemon Water desi,"nut_free,egg_free,low_sugar",Beef (400g); Wheat (100g); Lentils (100g); Red chili powder (1 tsp); Turmeric powder (½ tsp); Cumin powder (½ tsp); Coriander powder (1 tsp); Garam masala (½ tsp); Salt (1 tsp); Ginger garlic paste (2 tsp); Onion (1 medium); Fried onions (8 tbsp); Oil (3 tbsp); Fresh cilantro (2 tbsp); Green chili (1); Lemon (4 wedges); Water (6 cups),"Step 1: Gather Ingredients: Collect 400g beef (stew cuts), ½ cup wheat grains, ¼ cup barley, ¼ cup chana dal, 2 tbsp ghee, 1 tbsp ginger-garlic paste, 1 tsp red chili powder, 1 tsp garam masala, 1 tsp salt, 4 cups water, 1 onion (sliced), oil (for frying), 1 lemon, and 2 tbsp coriander (chopped). | Step 2: Soak Grains: Rinse ½ cup wheat grains, ¼ cup barley, and ¼ cup chana dal; soak in water for 4-6 hours, then drain. | Step 3: Cook Beef and Grains: In a pot, combine 400g beef, soaked grains, and 4 cups water; boil, then simmer for 2-3 hours until the beef is tender and grains are soft. | Step 4: Shred Beef: Remove beef, shred it finely, and return it to the pot with the grains. | Step 5: Blend Haleem: Use a hand blender or masher to blend the mixture into a thick, creamy paste, adding water if needed for consistency. | Step 6: Season Haleem: Heat 2 tbsp ghee in a pan, add 1 tbsp ginger-garlic paste, 1 tsp red chili powder, 1 tsp garam masala, and 1 tsp salt; stir into the haleem and simmer for 10-15 minutes. | Step 7: Fry Onions: Heat oil in a pan, fry 1 sliced onion until golden and crispy, then drain on paper towels. | Step 8: Serve Hot: Ladle the haleem into bowls, top with fried onions, 2 tbsp chopped coriander, and lemon wedges, and serve hot..",https://res.cloudinary.com/duegxp0u0/image/upload/v1746813062/fsepfnuobjj980irw1g8.jpg
68395eeaa1f9120d4641a60f,Sweet Potato & Moong Patties,breakfast,desi,weight_loss,140.0,6.0,22.0,3.0,5.0,100.0,0.0,25,1,Sweet Potato & Moong Patties Sweet Potato & Moong Patties Sweet Potato & Moong Patties Sweet Potato Moong Dal Spices Oil desi,"gluten_free,nut_free,egg_free,lactose_free,low_sodium,low_sugar,low_cholesterol,dairy_free","Sweet Potato (½ (75g, boiled and mashed)); Moong Dal (¼ cup (50g, dry, cooked)); Spices (to taste (assumed ¼ tsp each of cumin, turmeric, and chili powder, 1.5g total)); Oil (1 tsp (5g))","Step 1: Boil Sweet Potato and Moong Dal: | Boil ½ sweet potato and ¼ cup moong dal until soft and cooked through. | Step 2: Mash the Mixture: | Mash the boiled sweet potato and moong dal together until smooth and well-combined. | Step 3: Add Spices: | Add your desired spices to the mashed mixture for flavor (e.g., cumin, salt, and pepper). | Step 4: Form Patties: | Shape the mashed mixture into small round patties. | Step 5: Heat the Pan: | Heat a non-stick pan on medium heat and add 1 tsp oil. | Step 6: Shallow Fry the Patties: | Place the patties in the pan and cook on both sides until golden and crisp. | Step 7: Flip the Patties: | Flip the patties carefully and cook until both sides are evenly browned. | Step 8: Serve: | Serve the sweet potato moong dal patties hot, with your favorite chutney or dip.",https://res.cloudinary.com/duegxp0u0/image/upload/v1745169026/recipe_uploads/o2jg72urrafrpyw5apcc.jpg
68395eeaa1f9120d4641a5f0,Egg Bhurji (Desi Scrambled Eggs),breakfast,desi,weight_loss,250.0,14.0,10.0,18.0,3.0,250.0,370.0,15,2,Egg Bhurji (Desi Scrambled Eggs) Egg Bhurji (Desi Scrambled Eggs) Egg Bhurji (Desi Scrambled Eggs) Eggs Onion (chopped) Red Chili Powder Turmeric Powder Cumin Powder Tomatoes (chopped) Fresh Coriander (for garnish) Salt Oil desi,"gluten_free,nut_free,lactose_free,low_sodium,low_sugar,dairy_free","Eggs (4 (200g)); Onion (chopped) (1 (100g)); Red Chili Powder (1 tsp (2g)); Turmeric Powder (1/2 tsp (1g)); Cumin Powder (1/2 tsp (1g)); Tomatoes (chopped) (2 (300g)); Fresh Coriander (for garnish) (As needed (5g)); Salt (To taste (0.5g, pinch)); Oil (1 tbsp (14g))","Step 1: Cook the onions: | Heat 1 tbsp oil in a pan and sauté 1 chopped onion until golden brown. | Step 2: Add ginger-garlic and spices: | Add 1 tsp ginger-garlic paste, 1 tsp red chili powder, 1/2 tsp turmeric powder, and 1/2 tsp cumin powder. Stir well to combine. | Step 3: Add tomatoes: | Add 2 chopped tomatoes to the pan and cook until they become soft and mushy. | Step 4: Beat the eggs: | In a separate bowl, beat 4 eggs until smooth and set aside. | Step 5: Pour in the eggs: | Add the beaten eggs to the tomato-onion mixture and let them sit for a few seconds. | Step 6: Scramble the eggs: | Gently stir and scramble the eggs, mixing them with the masala. | Step 7: Cook thoroughly: | Continue cooking for 3-4 minutes until the eggs are fully cooked and slightly golden. | Step 8: Garnish and serve: | Garnish with fresh coriander leaves and serve hot with roti or paratha.",https://res.cloudinary.com/duegxp0u0/image/upload/v1745168968/recipe_uploads/w4orjlqldmgjwvrgeypp.jpg
68395ec7a1f9120d4641a4a7,Avocado & Egg Toast,breakfast,vegetarian,weight_loss,350.0,18.0,30.0,20.0,7.0,400.0,185.0,15,1,Avocado & Egg Toast Avocado & Egg Toast Avocado & Egg Toast Avocado Eggs Whole-grain bread Salt Black pepper vegetarian,"nut_free,lactose_free,low_sugar,dairy_free",Avocado (½); Eggs (2); Whole-grain bread (2 slices); Salt (1 pinch); Black pepper (1 pinch),"Step 1: Prepare Avocado | Cut ½ avocado, scoop out the flesh, and mash it in a bowl until smooth. | Step 2: Season Avocado | Add a pinch of salt to the mashed avocado and mix well. | Step 3: Boil Water for Eggs | Fill a small saucepan with water and bring it to a gentle simmer. | Step 4: Poach Eggs | Crack 2 eggs into separate small bowls, then gently slide each into the simmering water and poach for 3–4 minutes until the whites are set. | Step 5: Toast Bread | Toast 2 slices of whole-grain bread in a toaster or on a pan until golden brown. | Step 6: Spread Avocado | Spread the mashed avocado evenly over the top of each toasted bread slice. | Step 7: Add Eggs | Carefully place one poached egg on top of the avocado on each slice. | Step 8: Season and Serve | Sprinkle a pinch of salt and black pepper over the eggs, and serve immediately.",https://res.cloudinary.com/duegxp0u0/image/upload/v1748524886/ltklngxgmqsrj43lpxm4.jpg
68395ef0a1f9120d4641a741,Eggplant and Tomato Pulao with Yogurt,dinner,desi,weight_gain,390.0,5.0,55.0,10.0,4.0,1080.0,5.0,40,2,Eggplant and Tomato Pulao with Yogurt Eggplant and Tomato Pulao with Yogurt Eggplant and Tomato Pulao with Yogurt Eggplant Basmati rice Tomatoes Onion Garlic Yogurt Red chili powder Cumin seeds Salt Oil Water Coriander leaves Ginger paste Turmeric Water desi,"nut_free,egg_free,low_sugar","Eggplant (200g); Basmati rice (1 cup); Tomatoes (2, chopped); Onion (1, chopped); Garlic (3 cloves, minced); Yogurt (1/4 cup); Red chili powder (1 tsp); Cumin seeds (½ tsp); Salt (1 tsp); Oil (2 tbsp); Water (as needed); Coriander leaves (2 tbsp, chopped); Ginger paste (1 tsp); Turmeric (¼ tsp); Water (2 cups (for rice))","Step 1: Gather Ingredients: Collect 2 tbsp oil, 1 sliced onion, 1 eggplant (cubed), 1 tsp cumin seeds, 1 tsp red chili powder, 1 tsp salt, 2 chopped tomatoes, 2 cups basmati rice, 4 cups water, and 1 cup yogurt. | Step 2: Cook Eggplant: Heat 2 tbsp oil in a pot over medium heat, add 1 sliced onion, 1 cubed eggplant, and 1 tsp cumin seeds, cooking for 7-10 minutes until eggplant softens. | Step 3: Add Spices: Stir in 1 tsp red chili powder and 1 tsp salt, cooking for 1-2 minutes until fragrant. | Step 4: Cook Tomatoes: Add 2 chopped tomatoes, cooking for 5-7 minutes until soft and blended with the eggplant. | Step 5: Prepare Rice: In a separate pot, boil 4 cups water with a pinch of salt, add 2 cups basmati rice, cook for 10-12 minutes until fluffy, then drain and mix with the eggplant-tomato mixture. | Step 6: Serve with Yogurt: Fluff the pulao, plate it, and serve hot with 1 cup yogurt on the side.",https://res.cloudinary.com/duegxp0u0/image/upload/v1746770522/elbz3evqom8o2lhmymkt.jpg
68395ecea1f9120d4641a51d,Herbed Turkey & Hummus Wraps,dinner,non_vegetarian,weight_loss,390.0,38.0,35.0,15.0,6.0,650.0,60.0,10,2,Herbed Turkey & Hummus Wraps Herbed Turkey & Hummus Wraps Herbed Turkey & Hummus Wraps Turkey breast Hummus Whole-wheat pita Lettuce Lemon juice Black pepper Parsley non_vegetarian,"egg_free,low_sugar",Turkey breast (150g); Hummus (80g); Whole-wheat pita (2); Lettuce (30g); Lemon juice (½ tsp); Black pepper (1 pinch); Parsley (1 tsp (optional)),"Step 1: Prepare Turkey | Thinly slice 150g cooked turkey breast (deli or roasted) into strips. | Step 2: Prepare Lettuce | Wash 30g lettuce leaves, pat dry, and shred or tear into smaller pieces. | Step 3: Warm Pitas | Optionally, warm 2 whole-wheat pitas in a toaster or dry skillet for 10–15 seconds to soften. | Step 4: Cut Pitas | Carefully slice each pita in half to create 4 pockets, ensuring not to tear. | Step 5: Spread Hummus | Spread 20g hummus (80g total) inside each pita pocket, coating both sides evenly. | Step 6: Stuff Pitas | Divide turkey slices and lettuce evenly among the 4 pita pockets, stuffing gently. | Step 7: Add Seasoning | Drizzle ½ tsp lemon juice and a pinch of black pepper into each pocket for extra flavor. | Step 8: Serve | Arrange stuffed pitas on a plate, garnish with 1 tsp chopped parsley if desired, and serve fresh as a quick lunch.",https://res.cloudinary.com/duegxp0u0/image/upload/v1748524701/hv995aq1ybmxxjcx01zo.jpg
68395ecea1f9120d4641a505,Tuna & Egg Salad,breakfast,non_vegetarian,weight_loss,310.0,36.0,5.0,18.0,1.0,600.0,200.0,15,1,Tuna & Egg Salad Tuna & Egg Salad Tuna & Egg Salad Tuna Eggs Light mayo Lettuce leaves Lemon juice Black pepper Salt Parsley non_vegetarian,"gluten_free,nut_free,low_carb,low_sugar",Tuna (120g); Eggs (2); Light mayo (1 tbsp); Lettuce leaves (4); Lemon juice (1 tsp); Black pepper (¼ tsp); Salt (1 pinch); Parsley (1 tsp (optional)),"Step 1: Boil Eggs | Place 2 eggs in a saucepan, cover with water, bring to a boil, and cook for 10 minutes, then cool in cold water. | Step 2: Peel Eggs | Peel the cooled eggs and chop them into small pieces. | Step 3: Prepare Tuna | Drain 120g canned tuna (in water or oil) and flake it into a mixing bowl. | Step 4: Combine Ingredients | Add chopped eggs and 1 tbsp light mayo to the tuna, mixing gently to combine. | Step 5: Season Salad | Add 1 tsp lemon juice, ¼ tsp black pepper, and a pinch of salt to the mixture, stirring well for flavor. | Step 6: Prepare Lettuce | Wash 4 large lettuce leaves (e.g., romaine or iceberg) and pat dry with a paper towel. | Step 7: Assemble Salad | Place lettuce leaves on a plate, spoon the tuna-egg mixture evenly onto each leaf. | Step 8: Serve | Garnish with 1 tsp chopped parsley if desired, and serve chilled as a light lunch.",https://res.cloudinary.com/duegxp0u0/image/upload/v1748524756/yeqfblmnpjyekzbl5gz9.jpg
68395ef0a1f9120d4641a790,Creamy Banana & Date Smoothie,snack,desi,weight_gain,280.0,6.0,46.0,8.0,3.0,80.0,20.0,5,1,Creamy Banana & Date Smoothie Creamy Banana & Date Smoothie Creamy Banana & Date Smoothie Ripe banana Dates (pitted) Full cream milk Yogurt Honey Cardamom powder Ice cubes desi,"egg_free,low_sodium",Ripe banana (1); Dates (pitted) (3); Full cream milk (1 cup); Yogurt (2 tbsp); Honey (½ tbsp); Cardamom powder (pinch); Ice cubes (¼ cup),"Step 1: Gather Ingredients: Collect 2 ripe bananas, 4 pitted dates, 1 cup full-fat milk, ½ cup plain yogurt, ½ tsp cardamom powder (optional), and a few ice cubes. | Step 2: Prepare Dates: Soak 4 pitted dates in warm water for 10-15 minutes to soften, then drain to make blending easier. | Step 3: Peel Bananas: Peel 2 ripe bananas, break them into smaller chunks, and set aside for blending. | Step 4: Blend Ingredients: In a blender, combine banana chunks, soaked dates, 1 cup full-fat milk, ½ cup plain yogurt, and ½ tsp cardamom powder (if using); blend for 30-40 seconds until smooth and creamy. | Step 5: Adjust Texture: Add a few ice cubes and blend briefly for a chilled, frothy consistency, or adjust with a splash of milk if a thinner smoothie is desired. | Step 6: Serve Immediately: Pour the creamy banana and date smoothie into glasses and serve right away to enjoy its fresh, rich flavor.",https://res.cloudinary.com/duegxp0u0/image/upload/v1746813063/kgejeripnjzdenidvcsk.jpg
68395eeaa1f9120d4641a6b3,Chickpea Flour Crackers with Mint Chutney,snack,desi,weight_loss,120.0,5.0,15.0,4.0,3.0,200.0,0.0,30,1,Chickpea Flour Crackers with Mint Chutney Chickpea Flour Crackers with Mint Chutney Chickpea Flour Crackers with Mint Chutney Chickpea Flour Cumin Powder Mint Chutney Salt Oil Water desi,"gluten_free,nut_free,egg_free,lactose_free,low_sodium,low_sugar,dairy_free","Chickpea Flour (1 cup (100g)); Cumin Powder (1/2 tsp (1g)); Mint Chutney (1 tbsp (15g)); Salt (To taste (assumed 1/2 tsp, 1.5g, not listed but implied)); Oil (As needed (assumed 1 tsp, 5g, for dough, not listed but implied)); Water (As needed (assumed 1/4 cup, 60ml, for dough consistency))","Step 1: Prepare the Dough : | Mix 1 cup chickpea flour with 1/2 tsp cumin powder, 1/4 tsp turmeric, and salt to taste. | Step 2: Add Water : | Gradually add water to the mixture to form a smooth dough. | Step 3: Roll Out the Dough : | Roll out the dough into thin sheets and cut them into cracker-sized pieces. | Step 4: Preheat the Oven : | Preheat the oven to 350°F (175°C). | Step 5: Bake the Crackers : | Place the pieces on a baking sheet and bake for 15-20 minutes until crispy. | Step 6: Check for Crispiness : | Ensure the crackers are golden brown and crispy before removing them from the oven. | Step 7: Cool the Crackers : | Let the baked crackers cool down for a few minutes. | Step 8: Serve : | Serve the crispy chickpea crackers with mint chutney for a delicious snack.",https://res.cloudinary.com/duegxp0u0/image/upload/v1745169447/recipe_uploads/attz2n079cnvreck3qmq.jpg
68395ec7a1f9120d4641a4ad,Egg & Avocado Salad,lunch,vegetarian,weight_loss,280.0,16.0,10.0,22.0,4.0,350.0,280.0,15,1,Egg & Avocado Salad Egg & Avocado Salad Egg & Avocado Salad Eggs Avocado Dijon mustard Olive oil Salt Black pepper vegetarian,"gluten_free,nut_free,lactose_free,low_carb,low_sugar,dairy_free",Eggs (3); Avocado (½); Dijon mustard (1 tsp); Olive oil (1 tsp); Salt (1 pinch); Black pepper (1/2 tsp),"Step 1: Boil Eggs | Place 3 eggs in a saucepan, cover with water, and boil for 10 minutes, then cool in cold water. | Step 2: Peel Eggs | Carefully peel the hard-boiled eggs and place them in a medium bowl. | Step 3: Prepare Avocado | Cut ½ avocado, scoop out the flesh, and add it to the bowl with the eggs. | Step 4: Mash Ingredients | Mash the eggs and avocado together with a fork until mostly smooth with some chunks. | Step 5: Add Mustard | Stir in 1 tsp Dijon mustard to the mixture for a tangy flavor. | Step 6: Season Salad | Add 1 pinch of salt and 1/2 tsp black pepper, mixing well to combine. | Step 7: Garnish | Drizzle 1 tsp olive oil over the salad for a smooth finish. | Step 8: Serve | Spoon the salad into a bowl or onto lettuce leaves and serve as a protein-rich snack.",https://res.cloudinary.com/duegxp0u0/image/upload/v1748525102/luhcuvuappbvkegssgvx.jpg
